const uint8_t CardotSemibold42pt7bBitmaps[] PROGMEM = {
  0x00, 0xFF, 0xFF, 0xFF, 0xFF, 0xFF, 0xFF, 0xFF, 0xFF, 0xFF, 0xFF, 0xFF,
  0xFF, 0xFF, 0xFF, 0xFF, 0xFF, 0xFF, 0xFF, 0xFF, 0xFF, 0xFF, 0xFF, 0xFF,
  0xFF, 0xFF, 0xFF, 0xFF, 0xFF, 0xFF, 0xFF, 0xFF, 0xFF, 0xFF, 0xFF, 0xFF,
  0xFF, 0xFF, 0xFF, 0xFF, 0xFF, 0xFF, 0xFF, 0xFF, 0xFF, 0xFF, 0xFF, 0xFF,
  0xFF, 0xFF, 0xFF, 0xFF, 0xFF, 0xFF, 0xFF, 0xFF, 0xFF, 0xFF, 0xFC, 0x00,
  0x00, 0x00, 0x00, 0x00, 0x00, 0x00, 0x00, 0xFF, 0xFF, 0xFF, 0xFF, 0xFF,
  0xFF, 0xFF, 0xFF, 0xFF, 0xFF, 0xFF, 0xFF, 0xFF, 0xFC, 0xFF, 0xE3, 0xFF,
  0xFF, 0xF1, 0xFF, 0xFF, 0xF8, 0xFF, 0xFF, 0xFC, 0x7F, 0xFF, 0xFE, 0x3F,
  0xFF, 0xFF, 0x1F, 0xFF, 0xFF, 0x8F, 0xFF, 0xFF, 0xC7, 0xFF, 0xFF, 0xE3,
  0xFF, 0xFF, 0xF1, 0xFF, 0xC3, 0xF8, 0x0F, 0xE1, 0xF8, 0x07, 0xE1, 0xFC,
  0x07, 0xF0, 0xFC, 0x03, 0xF0, 0xFC, 0x03, 0xF0, 0xFE, 0x03, 0xF8, 0x7E,
  0x01, 0xF8, 0x00, 0x00, 0x01, 0xFF, 0xC1, 0xFF, 0xC0, 0x00, 0x7F, 0xF0,
  0x7F, 0xF0, 0x00, 0x1F, 0xF8, 0x1F, 0xF8, 0x00, 0x07, 0xFE, 0x0F, 0xFE,
  0x00, 0x03, 0xFF, 0x83, 0xFF, 0x80, 0x00, 0xFF, 0xE0, 0xFF, 0xE0, 0x00,
  0x3F, 0xF0, 0x3F, 0xF0, 0x00, 0x0F, 0xFC, 0x1F, 0xFC, 0x00, 0x07, 0xFF,
  0x07, 0xFF, 0x00, 0x01, 0xFF, 0xC1, 0xFF, 0x80, 0x00, 0x7F, 0xE0, 0x7F,
  0xE0, 0x00, 0x3F, 0xF8, 0x3F, 0xF8, 0x00, 0x0F, 0xFE, 0x0F, 0xFE, 0x00,
  0x03, 0xFF, 0x83, 0xFF, 0x00, 0x00, 0xFF, 0xC0, 0xFF, 0xC0, 0x00, 0x7F,
  0xF0, 0x7F, 0xF0, 0x00, 0x1F, 0xFC, 0x1F, 0xFC, 0x00, 0x07, 0xFE, 0x07,
  0xFE, 0x00, 0x01, 0xFF, 0x83, 0xFF, 0x80, 0x00, 0xFF, 0xE0, 0xFF, 0xE0,
  0x00, 0x3F, 0xF8, 0x3F, 0xF8, 0x3F, 0xFF, 0xFF, 0xFF, 0xFF, 0xFF, 0xFF,
  0xFF, 0xFF, 0xFF, 0xFF, 0xFF, 0xFF, 0xFF, 0xFF, 0xFF, 0xFF, 0xFF, 0xFF,
  0xFF, 0xFF, 0xFF, 0xFF, 0xFF, 0xFF, 0xFF, 0xF0, 0x0F, 0xFE, 0x0F, 0xFE,
  0x00, 0x03, 0xFF, 0x83, 0xFF, 0x80, 0x00, 0xFF, 0xC0, 0xFF, 0xC0, 0x00,
  0x3F, 0xF0, 0x3F, 0xF0, 0x00, 0x1F, 0xFC, 0x1F, 0xFC, 0x00, 0x07, 0xFF,
  0x07, 0xFF, 0x00, 0xFF, 0xFF, 0xFF, 0xFF, 0xFF, 0xFF, 0xFF, 0xFF, 0xFF,
  0xFF, 0xFF, 0xFF, 0xFF, 0xFF, 0xFF, 0xFF, 0xFF, 0xFF, 0xFF, 0xFF, 0xFF,
  0xFF, 0xFF, 0xFF, 0xFF, 0xFF, 0xC1, 0xFF, 0xC1, 0xFF, 0xC0, 0x00, 0x7F,
  0xF0, 0x7F, 0xF0, 0x00, 0x1F, 0xFC, 0x1F, 0xF8, 0x00, 0x07, 0xFE, 0x07,
  0xFE, 0x00, 0x03, 0xFF, 0x83, 0xFF, 0x80, 0x00, 0xFF, 0xE0, 0xFF, 0xE0,
  0x00, 0x3F, 0xF0, 0x3F, 0xF0, 0x00, 0x0F, 0xFC, 0x1F, 0xFC, 0x00, 0x07,
  0xFF, 0x07, 0xFF, 0x00, 0x01, 0xFF, 0xC1, 0xFF, 0xC0, 0x00, 0x7F, 0xE0,
  0x7F, 0xE0, 0x00, 0x1F, 0xF8, 0x3F, 0xF8, 0x00, 0x0F, 0xFE, 0x0F, 0xFE,
  0x00, 0x03, 0xFF, 0x83, 0xFF, 0x00, 0x00, 0xFF, 0xC0, 0xFF, 0xC0, 0x00,
  0x7F, 0xF0, 0x7F, 0xF0, 0x00, 0x1F, 0xFC, 0x1F, 0xFC, 0x00, 0x07, 0xFF,
  0x07, 0xFE, 0x00, 0x01, 0xFF, 0x81, 0xFF, 0x80, 0x00, 0xFF, 0xE0, 0xFF,
  0xE0, 0x00, 0x3F, 0xF8, 0x3F, 0xF8, 0x00, 0x00, 0x00, 0x00, 0x00, 0xF8,
  0x00, 0x00, 0x00, 0x00, 0x00, 0x03, 0xE0, 0x00, 0x00, 0x00, 0x00, 0x00,
  0x0F, 0x80, 0x00, 0x00, 0x00, 0x00, 0x00, 0x3E, 0x00, 0x00, 0x00, 0x00,
  0x00, 0x00, 0xF8, 0x00, 0x00, 0x00, 0x00, 0x00, 0x03, 0xE0, 0x00, 0x00,
  0x00, 0x00, 0x00, 0x0F, 0x80, 0x00, 0x00, 0x00, 0x00, 0x00, 0x3E, 0x00,
  0x00, 0x00, 0x00, 0x00, 0x00, 0xF8, 0x00, 0x00, 0x00, 0x00, 0x00, 0x03,
  0xE0, 0x00, 0x00, 0x00, 0x00, 0x00, 0x0F, 0x80, 0x00, 0x00, 0x00, 0x00,
  0x00, 0x3E, 0x00, 0x00, 0x00, 0x00, 0x00, 0x00, 0xF8, 0x00, 0x00, 0x00,
  0x00, 0x00, 0x03, 0xE0, 0x00, 0x00, 0x00, 0x00, 0x00, 0x0F, 0x80, 0x00,
  0x00, 0x00, 0x00, 0x00, 0x3E, 0x00, 0x00, 0x00, 0x00, 0x00, 0x00, 0xF8,
  0x00, 0x00, 0x00, 0x00, 0x00, 0x03, 0xE0, 0x00, 0x00, 0x00, 0x00, 0x00,
  0x0F, 0x80, 0x00, 0x00, 0x00, 0x00, 0x00, 0x3E, 0x00, 0x00, 0x00, 0x00,
  0x1F, 0xFF, 0xFF, 0xFF, 0xFF, 0x00, 0x03, 0xFF, 0xFF, 0xFF, 0xFF, 0xFC,
  0x00, 0x3F, 0xFF, 0xFF, 0xFF, 0xFF, 0xF0, 0x01, 0xFF, 0xFF, 0xFF, 0xFF,
  0xFF, 0xC0, 0x0F, 0xFF, 0xFF, 0xFF, 0xFF, 0xFF, 0x00, 0x7F, 0xFF, 0xFF,
  0xFF, 0xFF, 0xFC, 0x03, 0xFF, 0xFF, 0xFF, 0xFF, 0xFF, 0xF0, 0x0F, 0xFF,
  0xFF, 0xFF, 0xFF, 0xFF, 0xC0, 0x7F, 0xFF, 0xFF, 0xFF, 0xFF, 0xFF, 0x01,
  0xFF, 0xFF, 0xFF, 0xFF, 0xFF, 0xFC, 0x07, 0xFF, 0x80, 0x0F, 0x80, 0x00,
  0x00, 0x3F, 0xFC, 0x00, 0x3E, 0x00, 0x00, 0x00, 0xFF, 0xE0, 0x00, 0xF8,
  0x00, 0x00, 0x03, 0xFF, 0x80, 0x03, 0xE0, 0x00, 0x00, 0x0F, 0xFE, 0x00,
  0x0F, 0x80, 0x00, 0x00, 0x3F, 0xF8, 0x00, 0x3E, 0x00, 0x00, 0x00, 0xFF,
  0xE0, 0x00, 0xF8, 0x00, 0x00, 0x03, 0xFF, 0xC0, 0x03, 0xE0, 0x00, 0x00,
  0x0F, 0xFF, 0x00, 0x0F, 0x80, 0x00, 0x00, 0x3F, 0xFF, 0x00, 0x3E, 0x00,
  0x00, 0x00, 0xFF, 0xFF, 0xC0, 0xF8, 0x00, 0x00, 0x03, 0xFF, 0xFF, 0xE3,
  0xE0, 0x00, 0x00, 0x07, 0xFF, 0xFF, 0xFF, 0x80, 0x00, 0x00, 0x1F, 0xFF,
  0xFF, 0xFE, 0x00, 0x00, 0x00, 0x7F, 0xFF, 0xFF, 0xFF, 0x00, 0x00, 0x00,
  0xFF, 0xFF, 0xFF, 0xFF, 0xC0, 0x00, 0x01, 0xFF, 0xFF, 0xFF, 0xFF, 0xF0,
  0x00, 0x03, 0xFF, 0xFF, 0xFF, 0xFF, 0xFC, 0x00, 0x03, 0xFF, 0xFF, 0xFF,
  0xFF, 0xFE, 0x00, 0x00, 0xFF, 0xFF, 0xFF, 0xFF, 0xFE, 0x00, 0x00, 0x7F,
  0xFF, 0xFF, 0xFF, 0xFE, 0x00, 0x00, 0x1F, 0xFF, 0xFF, 0xFF, 0xFC, 0x00,
  0x00, 0x07, 0xFF, 0xFF, 0xFF, 0xF0, 0x00, 0x00, 0x03, 0xFF, 0xFF, 0xFF,
  0xE0, 0x00, 0x00, 0x0F, 0xFF, 0xFF, 0xFF, 0x80, 0x00, 0x00, 0x3E, 0x3F,
  0xFF, 0xFF, 0x00, 0x00, 0x00, 0xF8, 0x0F, 0xFF, 0xFC, 0x00, 0x00, 0x03,
  0xE0, 0x07, 0xFF, 0xF0, 0x00, 0x00, 0x0F, 0x80, 0x03, 0xFF, 0xC0, 0x00,
  0x00, 0x3E, 0x00, 0x0F, 0xFF, 0x00, 0x00, 0x00, 0xF8, 0x00, 0x1F, 0xFC,
  0x00, 0x00, 0x03, 0xE0, 0x00, 0x7F, 0xF0, 0x00, 0x00, 0x0F, 0x80, 0x01,
  0xFF, 0xC0, 0x00, 0x00, 0x3E, 0x00, 0x07, 0xFF, 0x00, 0x00, 0x00, 0xF8,
  0x00, 0x1F, 0xFC, 0x00, 0x00, 0x03, 0xE0, 0x00, 0xFF, 0xF0, 0x00, 0x00,
  0x0F, 0x80, 0x07, 0xFF, 0x81, 0xFF, 0xFF, 0xFF, 0xFF, 0xFF, 0xFE, 0x07,
  0xFF, 0xFF, 0xFF, 0xFF, 0xFF, 0xF8, 0x1F, 0xFF, 0xFF, 0xFF, 0xFF, 0xFF,
  0xC0, 0x7F, 0xFF, 0xFF, 0xFF, 0xFF, 0xFF, 0x01, 0xFF, 0xFF, 0xFF, 0xFF,
  0xFF, 0xF8, 0x07, 0xFF, 0xFF, 0xFF, 0xFF, 0xFF, 0xC0, 0x1F, 0xFF, 0xFF,
  0xFF, 0xFF, 0xFE, 0x00, 0x7F, 0xFF, 0xFF, 0xFF, 0xFF, 0xE0, 0x01, 0xFF,
  0xFF, 0xFF, 0xFF, 0xFF, 0x00, 0x07, 0xFF, 0xFF, 0xFF, 0xFF, 0xE0, 0x00,
  0x00, 0x00, 0x03, 0xE0, 0x00, 0x00, 0x00, 0x00, 0x00, 0x0F, 0x80, 0x00,
  0x00, 0x00, 0x00, 0x00, 0x3E, 0x00, 0x00, 0x00, 0x00, 0x00, 0x00, 0xF8,
  0x00, 0x00, 0x00, 0x00, 0x00, 0x03, 0xE0, 0x00, 0x00, 0x00, 0x00, 0x00,
  0x0F, 0x80, 0x00, 0x00, 0x00, 0x00, 0x00, 0x3E, 0x00, 0x00, 0x00, 0x00,
  0x00, 0x00, 0xF8, 0x00, 0x00, 0x00, 0x00, 0x00, 0x03, 0xE0, 0x00, 0x00,
  0x00, 0x00, 0x00, 0x0F, 0x80, 0x00, 0x00, 0x00, 0x00, 0x00, 0x3E, 0x00,
  0x00, 0x00, 0x00, 0x00, 0x00, 0xF8, 0x00, 0x00, 0x00, 0x00, 0x00, 0x03,
  0xE0, 0x00, 0x00, 0x00, 0x00, 0x00, 0x0F, 0x80, 0x00, 0x00, 0x00, 0x00,
  0x00, 0x3E, 0x00, 0x00, 0x00, 0x00, 0x00, 0x00, 0xF8, 0x00, 0x00, 0x00,
  0x00, 0x00, 0x03, 0xE0, 0x00, 0x00, 0x00, 0x00, 0x00, 0x0F, 0x80, 0x00,
  0x00, 0x00, 0x00, 0x00, 0x3E, 0x00, 0x00, 0x00, 0x00, 0x00, 0x00, 0xF8,
  0x00, 0x00, 0x00, 0x00, 0x1F, 0xFF, 0xE0, 0x00, 0x03, 0xFF, 0x80, 0x00,
  0x00, 0x00, 0x00, 0xFF, 0xFF, 0xFC, 0x00, 0x03, 0xFF, 0x80, 0x00, 0x00,
  0x00, 0x01, 0xFF, 0xFF, 0xFE, 0x00, 0x03, 0xFF, 0x00, 0x00, 0x00, 0x00,
  0x07, 0xFF, 0xFF, 0xFF, 0x80, 0x07, 0xFF, 0x00, 0x00, 0x00, 0x00, 0x0F,
  0xFF, 0xFF, 0xFF, 0xC0, 0x07, 0xFF, 0x00, 0x00, 0x00, 0x00, 0x1F, 0xFF,
  0xFF, 0xFF, 0xE0, 0x07, 0xFE, 0x00, 0x00, 0x00, 0x00, 0x3F, 0xFF, 0xFF,
  0xFF, 0xF0, 0x07, 0xFE, 0x00, 0x00, 0x00, 0x00, 0x3F, 0xFF, 0xFF, 0xFF,
  0xF0, 0x0F, 0xFE, 0x00, 0x00, 0x00, 0x00, 0x7F, 0xFF, 0xFF, 0xFF, 0xF8,
  0x0F, 0xFE, 0x00, 0x00, 0x00, 0x00, 0x7F, 0xFF, 0xFF, 0xFF, 0xF8, 0x0F,
  0xFC, 0x00, 0x00, 0x00, 0x00, 0x7F, 0xF8, 0x00, 0x7F, 0xF8, 0x0F, 0xFC,
  0x00, 0x00, 0x00, 0x00, 0xFF, 0xF0, 0x00, 0x3F, 0xFC, 0x1F, 0xFC, 0x00,
  0x00, 0x00, 0x00, 0xFF, 0xE0, 0x00, 0x1F, 0xFC, 0x1F, 0xFC, 0x00, 0x00,
  0x00, 0x00, 0xFF, 0xE0, 0x00, 0x1F, 0xFC, 0x1F, 0xF8, 0x00, 0x00, 0x00,
  0x00, 0xFF, 0xE0, 0x00, 0x1F, 0xFC, 0x3F, 0xF8, 0x00, 0x00, 0x00, 0x00,
  0xFF, 0xE0, 0x00, 0x1F, 0xFC, 0x3F, 0xF8, 0x00, 0x00, 0x00, 0x00, 0xFF,
  0xE0, 0x00, 0x1F, 0xFC, 0x3F, 0xF8, 0x00, 0x00, 0x00, 0x00, 0xFF, 0xE0,
  0x00, 0x1F, 0xFC, 0x3F, 0xF0, 0x00, 0x00, 0x00, 0x00, 0xFF, 0xE0, 0x00,
  0x1F, 0xFC, 0x7F, 0xF0, 0x00, 0x00, 0x00, 0x00, 0xFF, 0xE0, 0x00, 0x1F,
  0xFC, 0x7F, 0xF0, 0x00, 0x00, 0x00, 0x00, 0xFF, 0xE0, 0x00, 0x1F, 0xFC,
  0x7F, 0xF0, 0x00, 0x00, 0x00, 0x00, 0xFF, 0xE0, 0x00, 0x1F, 0xFC, 0x7F,
  0xE0, 0x00, 0x00, 0x00, 0x00, 0xFF, 0xF0, 0x00, 0x3F, 0xFC, 0xFF, 0xE0,
  0x00, 0x00, 0x00, 0x00, 0x7F, 0xF8, 0x00, 0x7F, 0xF8, 0xFF, 0xE0, 0x00,
  0x00, 0x00, 0x00, 0x7F, 0xFF, 0xFF, 0xFF, 0xF8, 0xFF, 0xC0, 0x07, 0xFF,
  0xF8, 0x00, 0x7F, 0xFF, 0xFF, 0xFF, 0xF8, 0xFF, 0xC0, 0x3F, 0xFF, 0xFF,
  0x00, 0x3F, 0xFF, 0xFF, 0xFF, 0xF1, 0xFF, 0xC0, 0x7F, 0xFF, 0xFF, 0x80,
  0x3F, 0xFF, 0xFF, 0xFF, 0xF1, 0xFF, 0xC1, 0xFF, 0xFF, 0xFF, 0xE0, 0x1F,
  0xFF, 0xFF, 0xFF, 0xE1, 0xFF, 0x83, 0xFF, 0xFF, 0xFF, 0xF0, 0x0F, 0xFF,
  0xFF, 0xFF, 0xC1, 0xFF, 0x87, 0xFF, 0xFF, 0xFF, 0xF8, 0x07, 0xFF, 0xFF,
  0xFF, 0x83, 0xFF, 0x8F, 0xFF, 0xFF, 0xFF, 0xF8, 0x01, 0xFF, 0xFF, 0xFF,
  0x03, 0xFF, 0x8F, 0xFF, 0xFF, 0xFF, 0xFC, 0x00, 0xFF, 0xFF, 0xFC, 0x03,
  0xFF, 0x1F, 0xFF, 0xFF, 0xFF, 0xFE, 0x00, 0x1F, 0xFF, 0xE0, 0x03, 0xFF,
  0x1F, 0xFF, 0xFF, 0xFF, 0xFE, 0x00, 0x00, 0x00, 0x00, 0x07, 0xFF, 0x1F,
  0xFE, 0x00, 0x1F, 0xFE, 0x00, 0x00, 0x00, 0x00, 0x07, 0xFF, 0x3F, 0xFC,
  0x00, 0x0F, 0xFF, 0x00, 0x00, 0x00, 0x00, 0x07, 0xFE, 0x3F, 0xF8, 0x00,
  0x07, 0xFF, 0x00, 0x00, 0x00, 0x00, 0x0F, 0xFE, 0x3F, 0xF8, 0x00, 0x07,
  0xFF, 0x00, 0x00, 0x00, 0x00, 0x0F, 0xFE, 0x3F, 0xF8, 0x00, 0x07, 0xFF,
  0x00, 0x00, 0x00, 0x00, 0x0F, 0xFE, 0x3F, 0xF8, 0x00, 0x07, 0xFF, 0x00,
  0x00, 0x00, 0x00, 0x0F, 0xFC, 0x3F, 0xF8, 0x00, 0x07, 0xFF, 0x00, 0x00,
  0x00, 0x00, 0x1F, 0xFC, 0x3F, 0xF8, 0x00, 0x07, 0xFF, 0x00, 0x00, 0x00,
  0x00, 0x1F, 0xFC, 0x3F, 0xF8, 0x00, 0x07, 0xFF, 0x00, 0x00, 0x00, 0x00,
  0x1F, 0xFC, 0x3F, 0xF8, 0x00, 0x07, 0xFF, 0x00, 0x00, 0x00, 0x00, 0x1F,
  0xF8, 0x3F, 0xF8, 0x00, 0x07, 0xFF, 0x00, 0x00, 0x00, 0x00, 0x3F, 0xF8,
  0x3F, 0xF8, 0x00, 0x07, 0xFF, 0x00, 0x00, 0x00, 0x00, 0x3F, 0xF8, 0x3F,
  0xFC, 0x00, 0x0F, 0xFF, 0x00, 0x00, 0x00, 0x00, 0x3F, 0xF0, 0x1F, 0xFE,
  0x00, 0x1F, 0xFE, 0x00, 0x00, 0x00, 0x00, 0x3F, 0xF0, 0x1F, 0xFF, 0xFF,
  0xFF, 0xFE, 0x00, 0x00, 0x00, 0x00, 0x7F, 0xF0, 0x1F, 0xFF, 0xFF, 0xFF,
  0xFE, 0x00, 0x00, 0x00, 0x00, 0x7F, 0xF0, 0x0F, 0xFF, 0xFF, 0xFF, 0xFC,
  0x00, 0x00, 0x00, 0x00, 0x7F, 0xE0, 0x0F, 0xFF, 0xFF, 0xFF, 0xFC, 0x00,
  0x00, 0x00, 0x00, 0x7F, 0xE0, 0x07, 0xFF, 0xFF, 0xFF, 0xF8, 0x00, 0x00,
  0x00, 0x00, 0xFF, 0xE0, 0x03, 0xFF, 0xFF, 0xFF, 0xF0, 0x00, 0x00, 0x00,
  0x00, 0xFF, 0xE0, 0x01, 0xFF, 0xFF, 0xFF, 0xE0, 0x00, 0x00, 0x00, 0x00,
  0xFF, 0xC0, 0x00, 0xFF, 0xFF, 0xFF, 0xC0, 0x00, 0x00, 0x00, 0x01, 0xFF,
  0xC0, 0x00, 0x3F, 0xFF, 0xFF, 0x00, 0x00, 0x00, 0x00, 0x01, 0xFF, 0xC0,
  0x00, 0x07, 0xFF, 0xF8, 0x00, 0x00, 0x00, 0x00, 0x00, 0x00, 0x1F, 0xFC,
  0x00, 0x00, 0x00, 0x00, 0x00, 0x00, 0x00, 0x7F, 0xF0, 0x00, 0x00, 0x00,
  0x00, 0x00, 0x00, 0x01, 0xFF, 0xC0, 0x00, 0x00, 0x00, 0x00, 0x00, 0x00,
  0x07, 0xFF, 0x00, 0x00, 0x00, 0x00, 0x00, 0x00, 0x00, 0x1F, 0xFC, 0x00,
  0x00, 0x00, 0x00, 0x00, 0x00, 0x00, 0x7F, 0xF0, 0x00, 0x00, 0x00, 0x00,
  0x00, 0x00, 0x01, 0xFF, 0xC0, 0x00, 0x00, 0x00, 0x00, 0x00, 0x00, 0x07,
  0xFF, 0x00, 0x00, 0x00, 0x00, 0x00, 0x00, 0x00, 0x1F, 0xFC, 0x00, 0x00,
  0x00, 0x00, 0x00, 0x00, 0x00, 0x7F, 0xF0, 0x00, 0x00, 0x01, 0xFF, 0xFF,
  0xFF, 0xFF, 0xFF, 0xC0, 0x00, 0x00, 0x3F, 0xFF, 0xFF, 0xFF, 0xFF, 0xFF,
  0x00, 0x00, 0x01, 0xFF, 0xFF, 0xFF, 0xFF, 0xFF, 0xFC, 0x00, 0x00, 0x1F,
  0xFF, 0xFF, 0xFF, 0xFF, 0xFF, 0xF0, 0x00, 0x00, 0xFF, 0xFF, 0xFF, 0xFF,
  0xFF, 0xFF, 0xC0, 0x00, 0x07, 0xFF, 0xFF, 0xFF, 0xFF, 0xFF, 0xFF, 0x00,
  0x00, 0x1F, 0xFF, 0xFF, 0xFF, 0xFF, 0xFF, 0xFC, 0x00, 0x00, 0xFF, 0xFF,
  0xFF, 0xFF, 0xFF, 0xFF, 0xF0, 0x00, 0x07, 0xFF, 0xFF, 0xFF, 0xFF, 0xFF,
  0xFF, 0xC0, 0x00, 0x1F, 0xFF, 0xFF, 0xFF, 0xFF, 0xFF, 0xFF, 0x00, 0x00,
  0x7F, 0xF8, 0x00, 0x00, 0x00, 0x00, 0x00, 0x00, 0x03, 0xFF, 0xC0, 0x00,
  0x00, 0x00, 0x00, 0x00, 0x00, 0x0F, 0xFE, 0x00, 0x00, 0x00, 0x00, 0x00,
  0x00, 0x00, 0x3F, 0xF8, 0x00, 0x00, 0x00, 0x00, 0x00, 0x00, 0x00, 0xFF,
  0xE0, 0x00, 0x00, 0x00, 0x00, 0x00, 0x00, 0x03, 0xFF, 0x80, 0x00, 0x00,
  0x00, 0x00, 0x00, 0x00, 0x0F, 0xFE, 0x00, 0x00, 0x00, 0x00, 0x00, 0x00,
  0x00, 0x3F, 0xF8, 0x00, 0x00, 0x00, 0x00, 0x00, 0x00, 0x00, 0xFF, 0xE0,
  0x00, 0x00, 0x00, 0x00, 0x00, 0x00, 0x03, 0xFF, 0x80, 0x00, 0x00, 0x00,
  0x7F, 0xF0, 0x00, 0x0F, 0xFE, 0x00, 0x00, 0x00, 0x01, 0xFF, 0xC0, 0x00,
  0x3F, 0xFC, 0x00, 0x00, 0x00, 0x07, 0xFF, 0x00, 0x00, 0xFF, 0xF8, 0x00,
  0x00, 0x00, 0x1F, 0xFC, 0x00, 0x03, 0xFF, 0xF0, 0x00, 0x00, 0x00, 0x7F,
  0xF0, 0x00, 0x07, 0xFF, 0xF0, 0x00, 0x00, 0x01, 0xFF, 0xC0, 0x00, 0x1F,
  0xFF, 0xF0, 0x00, 0x00, 0x07, 0xFF, 0x00, 0x00, 0x3F, 0xFF, 0xE0, 0x00,
  0x00, 0x1F, 0xFC, 0x00, 0x00, 0xFF, 0xFF, 0xE0, 0x00, 0x00, 0x7F, 0xF0,
  0x00, 0x01, 0xFF, 0xFF, 0xE0, 0x00, 0x01, 0xFF, 0xC0, 0x00, 0x07, 0xFF,
  0xFF, 0xE0, 0x00, 0x07, 0xFF, 0x00, 0x00, 0x3F, 0xFF, 0xFF, 0xF0, 0x00,
  0x1F, 0xFC, 0x00, 0x00, 0xFF, 0xFF, 0xFF, 0xF0, 0x00, 0x7F, 0xF0, 0x00,
  0x07, 0xFF, 0xFF, 0xFF, 0xF0, 0x01, 0xFF, 0xC0, 0x00, 0x1F, 0xFF, 0xFF,
  0xFF, 0xF8, 0x07, 0xFF, 0x00, 0x00, 0xFF, 0xFF, 0xFF, 0xFF, 0xF8, 0x1F,
  0xFC, 0x00, 0x03, 0xFF, 0xFF, 0xFF, 0xFF, 0xFC, 0x7F, 0xF0, 0x00, 0x0F,
  0xFF, 0x0F, 0xFF, 0xFF, 0xFD, 0xFF, 0xC0, 0x00, 0x3F, 0xF8, 0x0F, 0xFF,
  0xFF, 0xFF, 0xFF, 0x00, 0x00, 0xFF, 0xE0, 0x0F, 0xFF, 0xFF, 0xFF, 0xFC,
  0x00, 0x03, 0xFF, 0x80, 0x0F, 0xFF, 0xFF, 0xFF, 0xF0, 0x00, 0x0F, 0xFE,
  0x00, 0x07, 0xFF, 0xFF, 0xFF, 0xC0, 0x00, 0x3F, 0xF8, 0x00, 0x07, 0xFF,
  0xFF, 0xFF, 0x00, 0x00, 0xFF, 0xE0, 0x00, 0x07, 0xFF, 0xFF, 0xFF, 0x00,
  0x03, 0xFF, 0x80, 0x00, 0x03, 0xFF, 0xFF, 0xFF, 0x00, 0x0F, 0xFE, 0x00,
  0x00, 0x03, 0xFF, 0xFF, 0xFF, 0x00, 0x3F, 0xF8, 0x00, 0x00, 0x03, 0xFF,
  0xFF, 0xFF, 0x80, 0xFF, 0xF0, 0x00, 0x00, 0x03, 0xFF, 0xFF, 0xFF, 0x81,
  0xFF, 0xE0, 0x00, 0x00, 0x01, 0xFF, 0xFF, 0xFF, 0x87, 0xFF, 0xFF, 0xFF,
  0xFF, 0xFF, 0xFF, 0xFF, 0xFF, 0x9F, 0xFF, 0xFF, 0xFF, 0xFF, 0xFF, 0xFF,
  0xFF, 0xFF, 0x3F, 0xFF, 0xFF, 0xFF, 0xFF, 0xFF, 0xFF, 0xFF, 0xF8, 0xFF,
  0xFF, 0xFF, 0xFF, 0xFF, 0xFF, 0xFF, 0xFF, 0xE1, 0xFF, 0xFF, 0xFF, 0xFF,
  0xFF, 0xFE, 0x7F, 0xFF, 0x83, 0xFF, 0xFF, 0xFF, 0xFF, 0xFF, 0xF0, 0x7F,
  0xFC, 0x07, 0xFF, 0xFF, 0xFF, 0xFF, 0xFF, 0x80, 0x3F, 0xF0, 0x0F, 0xFF,
  0xFF, 0xFF, 0xFF, 0xFC, 0x00, 0x3F, 0x80, 0x0F, 0xFF, 0xFF, 0xFF, 0xFF,
  0xC0, 0x00, 0x3E, 0x00, 0x07, 0xFF, 0xFF, 0xFF, 0xF8, 0x00, 0x00, 0x10,
  0xFF, 0xFF, 0xFF, 0xFF, 0xFF, 0xFF, 0xFF, 0xFF, 0xFF, 0xFF, 0xFF, 0xFF,
  0xFF, 0xFC, 0x3F, 0x87, 0xE1, 0xFC, 0x3F, 0x0F, 0xC3, 0xF8, 0x7E, 0x00,
  0x00, 0x01, 0xC0, 0x01, 0xF0, 0x00, 0xFC, 0x00, 0x7F, 0x00, 0x3F, 0xC0,
  0x0F, 0xF0, 0x07, 0xFC, 0x03, 0xFF, 0x00, 0xFF, 0xC0, 0x7F, 0xF0, 0x1F,
  0xF8, 0x0F, 0xFC, 0x03, 0xFE, 0x01, 0xFF, 0x80, 0x7F, 0xE0, 0x1F, 0xF0,
  0x0F, 0xFC, 0x03, 0xFF, 0x00, 0xFF, 0xC0, 0x7F, 0xE0, 0x1F, 0xF8, 0x07,
  0xFE, 0x01, 0xFF, 0x80, 0x7F, 0xE0, 0x3F, 0xF8, 0x0F, 0xFC, 0x03, 0xFF,
  0x00, 0xFF, 0xC0, 0x3F, 0xF0, 0x1F, 0xFC, 0x07, 0xFF, 0x01, 0xFF, 0xC0,
  0x7F, 0xF0, 0x1F, 0xFC, 0x07, 0xFE, 0x01, 0xFF, 0x80, 0x7F, 0xE0, 0x3F,
  0xF8, 0x0F, 0xFE, 0x03, 0xFF, 0x80, 0xFF, 0xE0, 0x3F, 0xF8, 0x0F, 0xFE,
  0x03, 0xFF, 0x80, 0xFF, 0xE0, 0x3F, 0xF8, 0x0F, 0xFE, 0x03, 0xFF, 0x80,
  0xFF, 0xE0, 0x3F, 0xF8, 0x0F, 0xFE, 0x03, 0xFF, 0x80, 0xFF, 0xE0, 0x3F,
  0xF8, 0x0F, 0xFE, 0x03, 0xFF, 0x80, 0xFF, 0xE0, 0x3F, 0xF8, 0x0F, 0xFE,
  0x03, 0xFF, 0x80, 0x7F, 0xE0, 0x1F, 0xF8, 0x07, 0xFE, 0x01, 0xFF, 0xC0,
  0x7F, 0xF0, 0x1F, 0xFC, 0x07, 0xFF, 0x01, 0xFF, 0xC0, 0x3F, 0xF0, 0x0F,
  0xFC, 0x03, 0xFF, 0x00, 0xFF, 0xC0, 0x3F, 0xF8, 0x07, 0xFE, 0x01, 0xFF,
  0x80, 0x7F, 0xE0, 0x1F, 0xF8, 0x07, 0xFE, 0x00, 0xFF, 0xC0, 0x3F, 0xF0,
  0x0F, 0xFC, 0x01, 0xFF, 0x00, 0x7F, 0xE0, 0x1F, 0xF8, 0x03, 0xFE, 0x00,
  0xFF, 0xC0, 0x1F, 0xF8, 0x07, 0xFF, 0x00, 0xFF, 0xC0, 0x3F, 0xF0, 0x07,
  0xFC, 0x00, 0xFF, 0x00, 0x3F, 0xC0, 0x07, 0xF0, 0x00, 0xFC, 0x00, 0x1F,
  0x00, 0x01, 0xC0, 0xE0, 0x00, 0x1F, 0x00, 0x03, 0xF0, 0x00, 0x7F, 0x00,
  0x0F, 0xF0, 0x01, 0xFF, 0x00, 0x3F, 0xF0, 0x07, 0xFE, 0x00, 0xFF, 0xE0,
  0x1F, 0xFE, 0x00, 0xFF, 0xC0, 0x0F, 0xF8, 0x01, 0xFF, 0x80, 0x1F, 0xF0,
  0x03, 0xFF, 0x00, 0x7F, 0xE0, 0x07, 0xFC, 0x00, 0xFF, 0xC0, 0x1F, 0xF8,
  0x03, 0xFF, 0x00, 0x3F, 0xF0, 0x07, 0xFE, 0x00, 0xFF, 0xC0, 0x1F, 0xF8,
  0x03, 0xFF, 0x80, 0x7F, 0xF0, 0x07, 0xFE, 0x00, 0xFF, 0xC0, 0x1F, 0xF8,
  0x03, 0xFF, 0x80, 0x7F, 0xF0, 0x0F, 0xFE, 0x01, 0xFF, 0xC0, 0x3F, 0xF8,
  0x07, 0xFF, 0x00, 0x7F, 0xE0, 0x0F, 0xFC, 0x01, 0xFF, 0xC0, 0x3F, 0xF8,
  0x07, 0xFF, 0x00, 0xFF, 0xE0, 0x1F, 0xFC, 0x03, 0xFF, 0x80, 0x7F, 0xF0,
  0x0F, 0xFE, 0x01, 0xFF, 0xC0, 0x3F, 0xF8, 0x07, 0xFF, 0x00, 0xFF, 0xE0,
  0x1F, 0xFC, 0x03, 0xFF, 0x80, 0x7F, 0xF0, 0x0F, 0xFE, 0x01, 0xFF, 0xC0,
  0x3F, 0xF8, 0x07, 0xFF, 0x00, 0xFF, 0xE0, 0x1F, 0xFC, 0x03, 0xFF, 0x80,
  0x7F, 0xF0, 0x0F, 0xFC, 0x01, 0xFF, 0x80, 0x7F, 0xF0, 0x0F, 0xFE, 0x01,
  0xFF, 0xC0, 0x3F, 0xF8, 0x07, 0xFF, 0x00, 0xFF, 0xE0, 0x1F, 0xF8, 0x03,
  0xFF, 0x00, 0x7F, 0xE0, 0x1F, 0xFC, 0x03, 0xFF, 0x80, 0x7F, 0xE0, 0x0F,
  0xFC, 0x01, 0xFF, 0x80, 0x3F, 0xF0, 0x0F, 0xFC, 0x01, 0xFF, 0x80, 0x3F,
  0xF0, 0x07, 0xFC, 0x01, 0xFF, 0x80, 0x3F, 0xF0, 0x07, 0xFC, 0x01, 0xFF,
  0x80, 0x3F, 0xF0, 0x0F, 0xFC, 0x07, 0xFF, 0x80, 0xFF, 0xE0, 0x1F, 0xF8,
  0x03, 0xFF, 0x00, 0x7F, 0xC0, 0x0F, 0xF0, 0x01, 0xFC, 0x00, 0x3F, 0x00,
  0x07, 0xC0, 0x00, 0xE0, 0x00, 0x00, 0x00, 0x7C, 0x00, 0x00, 0xF8, 0x00,
  0x01, 0xF0, 0x00, 0x03, 0xE0, 0x03, 0x07, 0xC1, 0x8F, 0x0F, 0x87, 0x9F,
  0x9F, 0x3F, 0x7F, 0xFF, 0xFF, 0xFF, 0xFF, 0xFE, 0x7F, 0xFF, 0xF0, 0x3F,
  0xFF, 0x80, 0x3F, 0xFE, 0x00, 0x7F, 0xFC, 0x01, 0xFF, 0xFC, 0x0F, 0xFF,
  0xFE, 0x7F, 0xFF, 0xFF, 0xFF, 0xFF, 0xFE, 0xFC, 0xF9, 0xF9, 0xE1, 0xF0,
  0xF1, 0x83, 0xE0, 0xC0, 0x07, 0xC0, 0x00, 0x0F, 0x80, 0x00, 0x1F, 0x00,
  0x00, 0x3E, 0x00, 0x00, 0x3E, 0x00, 0x00, 0x3E, 0x00, 0x00, 0x3E, 0x00,
  0x00, 0x3E, 0x00, 0x00, 0x3E, 0x00, 0x00, 0x3E, 0x00, 0x00, 0x3E, 0x00,
  0x00, 0x3E, 0x00, 0x00, 0x3E, 0x00, 0xFF, 0xFF, 0xFF, 0xFF, 0xFF, 0xFF,
  0xFF, 0xFF, 0xFF, 0xFF, 0xFF, 0xFF, 0xFF, 0xFF, 0xFF, 0x00, 0x3E, 0x00,
  0x00, 0x3E, 0x00, 0x00, 0x3E, 0x00, 0x00, 0x3E, 0x00, 0x00, 0x3E, 0x00,
  0x00, 0x3E, 0x00, 0x00, 0x3E, 0x00, 0x00, 0x3E, 0x00, 0x00, 0x3E, 0x00,
  0x00, 0x3E, 0x00, 0xFF, 0xFF, 0xFF, 0xFF, 0xFF, 0xFF, 0xFF, 0xFF, 0xFF,
  0xFF, 0xFF, 0xFF, 0xFF, 0xFC, 0x3F, 0x87, 0xE1, 0xFC, 0x3F, 0x0F, 0xC3,
  0xF8, 0x7E, 0x00, 0xFF, 0xFF, 0xFF, 0xFF, 0xFF, 0xFF, 0xFF, 0xFF, 0xFF,
  0xFF, 0xFF, 0xFE, 0xFF, 0xFF, 0xFF, 0xFF, 0xFF, 0xFF, 0xFF, 0xFF, 0xFF,
  0xFF, 0xFF, 0xFF, 0xFF, 0xFC, 0x00, 0x00, 0xFF, 0xC0, 0x00, 0x7F, 0xF0,
  0x00, 0x1F, 0xFC, 0x00, 0x07, 0xFE, 0x00, 0x03, 0xFF, 0x80, 0x00, 0xFF,
  0xE0, 0x00, 0x3F, 0xF0, 0x00, 0x0F, 0xFC, 0x00, 0x07, 0xFF, 0x00, 0x01,
  0xFF, 0xC0, 0x00, 0x7F, 0xE0, 0x00, 0x1F, 0xF8, 0x00, 0x0F, 0xFE, 0x00,
  0x03, 0xFF, 0x80, 0x00, 0xFF, 0xC0, 0x00, 0x3F, 0xF0, 0x00, 0x1F, 0xFC,
  0x00, 0x07, 0xFF, 0x00, 0x01, 0xFF, 0x80, 0x00, 0xFF, 0xE0, 0x00, 0x3F,
  0xF8, 0x00, 0x0F, 0xFC, 0x00, 0x03, 0xFF, 0x00, 0x01, 0xFF, 0xC0, 0x00,
  0x7F, 0xF0, 0x00, 0x1F, 0xF8, 0x00, 0x07, 0xFE, 0x00, 0x03, 0xFF, 0x80,
  0x00, 0xFF, 0xE0, 0x00, 0x3F, 0xF0, 0x00, 0x0F, 0xFC, 0x00, 0x07, 0xFF,
  0x00, 0x01, 0xFF, 0xC0, 0x00, 0x7F, 0xE0, 0x00, 0x3F, 0xF8, 0x00, 0x0F,
  0xFE, 0x00, 0x03, 0xFF, 0x00, 0x00, 0xFF, 0xC0, 0x00, 0x7F, 0xF0, 0x00,
  0x1F, 0xFC, 0x00, 0x07, 0xFE, 0x00, 0x01, 0xFF, 0x80, 0x00, 0xFF, 0xE0,
  0x00, 0x3F, 0xF8, 0x00, 0x0F, 0xFC, 0x00, 0x03, 0xFF, 0x00, 0x01, 0xFF,
  0xC0, 0x00, 0x7F, 0xF0, 0x00, 0x1F, 0xF8, 0x00, 0x0F, 0xFE, 0x00, 0x03,
  0xFF, 0x80, 0x00, 0xFF, 0xC0, 0x00, 0x3F, 0xF0, 0x00, 0x1F, 0xFC, 0x00,
  0x07, 0xFF, 0x00, 0x01, 0xFF, 0x80, 0x00, 0x7F, 0xE0, 0x00, 0x3F, 0xF8,
  0x00, 0x00, 0x00, 0x1F, 0xFF, 0xFF, 0xFF, 0xE0, 0x00, 0x03, 0xFF, 0xFF,
  0xFF, 0xFF, 0xF0, 0x00, 0x1F, 0xFF, 0xFF, 0xFF, 0xFF, 0xE0, 0x01, 0xFF,
  0xFF, 0xFF, 0xFF, 0xFF, 0xE0, 0x0F, 0xFF, 0xFF, 0xFF, 0xFF, 0xFF, 0xC0,
  0x7F, 0xFF, 0xFF, 0xFF, 0xFF, 0xFF, 0x81, 0xFF, 0xFF, 0xFF, 0xFF, 0xFF,
  0xFE, 0x0F, 0xFF, 0xFF, 0xFF, 0xFF, 0xFF, 0xFC, 0x7F, 0xFF, 0xFF, 0xFF,
  0xFF, 0xFF, 0xF9, 0xFF, 0xFF, 0xFF, 0xFF, 0xFF, 0xFF, 0xE7, 0xFF, 0x80,
  0x00, 0x00, 0x07, 0xFF, 0xBF, 0xFC, 0x00, 0x00, 0x00, 0x07, 0xFF, 0xFF,
  0xE0, 0x00, 0x00, 0x00, 0x1F, 0xFF, 0xFF, 0x80, 0x00, 0x00, 0x00, 0x7F,
  0xFF, 0xFE, 0x00, 0x00, 0x00, 0x07, 0xFF, 0xFF, 0xF8, 0x00, 0x00, 0x00,
  0x7F, 0xFF, 0xFF, 0xE0, 0x00, 0x00, 0x03, 0xFF, 0xFF, 0xFF, 0x80, 0x00,
  0x00, 0x3F, 0xFF, 0xFF, 0xFE, 0x00, 0x00, 0x03, 0xFF, 0xFF, 0xFF, 0xF8,
  0x00, 0x00, 0x1F, 0xFF, 0xFF, 0xFF, 0xE0, 0x00, 0x01, 0xFF, 0xFF, 0xFF,
  0xFF, 0x80, 0x00, 0x1F, 0xFF, 0xFF, 0xFF, 0xFE, 0x00, 0x00, 0xFF, 0xFF,
  0xFF, 0xFF, 0xF8, 0x00, 0x0F, 0xFF, 0xFF, 0xFF, 0xFF, 0xE0, 0x00, 0xFF,
  0xFF, 0xFF, 0xFF, 0xFF, 0x80, 0x07, 0xFF, 0xFF, 0xFF, 0xFF, 0xFE, 0x00,
  0x7F, 0xFF, 0xFD, 0xFF, 0xFF, 0xF8, 0x07, 0xFF, 0xFF, 0xC7, 0xFF, 0xFF,
  0xE0, 0x3F, 0xFF, 0xFC, 0x1F, 0xFF, 0xFF, 0x83, 0xFF, 0xFF, 0xE0, 0x7F,
  0xFF, 0xFE, 0x3F, 0xFF, 0xFE, 0x01, 0xFF, 0xFF, 0xF9, 0xFF, 0xFF, 0xE0,
  0x07, 0xFF, 0xFF, 0xFF, 0xFF, 0xFF, 0x00, 0x1F, 0xFF, 0xFF, 0xFF, 0xFF,
  0xF0, 0x00, 0x7F, 0xFF, 0xFF, 0xFF, 0xFF, 0x00, 0x01, 0xFF, 0xFF, 0xFF,
  0xFF, 0xF8, 0x00, 0x07, 0xFF, 0xFF, 0xFF, 0xFF, 0x80, 0x00, 0x1F, 0xFF,
  0xFF, 0xFF, 0xF8, 0x00, 0x00, 0x7F, 0xFF, 0xFF, 0xFF, 0xC0, 0x00, 0x01,
  0xFF, 0xFF, 0xFF, 0xFC, 0x00, 0x00, 0x07, 0xFF, 0xFF, 0xFF, 0xE0, 0x00,
  0x00, 0x1F, 0xFF, 0xFF, 0xFE, 0x00, 0x00, 0x00, 0x7F, 0xFF, 0xFF, 0xE0,
  0x00, 0x00, 0x01, 0xFF, 0xFF, 0xFF, 0x00, 0x00, 0x00, 0x07, 0xFF, 0xFF,
  0xF0, 0x00, 0x00, 0x00, 0x1F, 0xFF, 0xFF, 0x80, 0x00, 0x00, 0x00, 0x7F,
  0xFF, 0xFF, 0x00, 0x00, 0x00, 0x03, 0xFF, 0xDF, 0xFE, 0x00, 0x00, 0x00,
  0x1F, 0xFE, 0x7F, 0xFF, 0xFF, 0xFF, 0xFF, 0xFF, 0xF9, 0xFF, 0xFF, 0xFF,
  0xFF, 0xFF, 0xFF, 0xE3, 0xFF, 0xFF, 0xFF, 0xFF, 0xFF, 0xFF, 0x07, 0xFF,
  0xFF, 0xFF, 0xFF, 0xFF, 0xF8, 0x1F, 0xFF, 0xFF, 0xFF, 0xFF, 0xFF, 0xE0,
  0x3F, 0xFF, 0xFF, 0xFF, 0xFF, 0xFF, 0x00, 0x7F, 0xFF, 0xFF, 0xFF, 0xFF,
  0xF8, 0x00, 0x7F, 0xFF, 0xFF, 0xFF, 0xFF, 0x80, 0x00, 0xFF, 0xFF, 0xFF,
  0xFF, 0xFC, 0x00, 0x00, 0x7F, 0xFF, 0xFF, 0xFF, 0x80, 0x00, 0xFF, 0xFF,
  0xFF, 0xFF, 0xFF, 0xFF, 0xFF, 0xFF, 0xFF, 0xFF, 0xFF, 0xFF, 0xFF, 0xFF,
  0xFF, 0xFF, 0xFF, 0xFF, 0xFF, 0xFF, 0xFF, 0xFF, 0xFF, 0xFF, 0xFF, 0xFF,
  0xFF, 0xF0, 0x01, 0xFF, 0xC0, 0x07, 0xFF, 0x00, 0x1F, 0xFC, 0x00, 0x7F,
  0xF0, 0x01, 0xFF, 0xC0, 0x07, 0xFF, 0x00, 0x1F, 0xFC, 0x00, 0x7F, 0xF0,
  0x01, 0xFF, 0xC0, 0x07, 0xFF, 0x00, 0x1F, 0xFC, 0x00, 0x7F, 0xF0, 0x01,
  0xFF, 0xC0, 0x07, 0xFF, 0x00, 0x1F, 0xFC, 0x00, 0x7F, 0xF0, 0x01, 0xFF,
  0xC0, 0x07, 0xFF, 0x00, 0x1F, 0xFC, 0x00, 0x7F, 0xF0, 0x01, 0xFF, 0xC0,
  0x07, 0xFF, 0x00, 0x1F, 0xFC, 0x00, 0x7F, 0xF0, 0x01, 0xFF, 0xC0, 0x07,
  0xFF, 0x00, 0x1F, 0xFC, 0x00, 0x7F, 0xF0, 0x01, 0xFF, 0xC0, 0x07, 0xFF,
  0x00, 0x1F, 0xFC, 0x00, 0x7F, 0xF0, 0x01, 0xFF, 0xC0, 0x07, 0xFF, 0x00,
  0x1F, 0xFC, 0x00, 0x7F, 0xF0, 0x01, 0xFF, 0xC0, 0x07, 0xFF, 0x00, 0x1F,
  0xFC, 0x00, 0x7F, 0xF0, 0x01, 0xFF, 0xC0, 0x07, 0xFF, 0x00, 0x1F, 0xFC,
  0x00, 0x7F, 0xF0, 0x01, 0xFF, 0xC0, 0x07, 0xFF, 0x00, 0x1F, 0xFC, 0x00,
  0x7F, 0xF0, 0xFF, 0xFF, 0xFF, 0xFF, 0xFF, 0xE0, 0x03, 0xFF, 0xFF, 0xFF,
  0xFF, 0xFF, 0xF0, 0x0F, 0xFF, 0xFF, 0xFF, 0xFF, 0xFF, 0xE0, 0x3F, 0xFF,
  0xFF, 0xFF, 0xFF, 0xFF, 0xE0, 0xFF, 0xFF, 0xFF, 0xFF, 0xFF, 0xFF, 0xC3,
  0xFF, 0xFF, 0xFF, 0xFF, 0xFF, 0xFF, 0x8F, 0xFF, 0xFF, 0xFF, 0xFF, 0xFF,
  0xFE, 0x3F, 0xFF, 0xFF, 0xFF, 0xFF, 0xFF, 0xFC, 0xFF, 0xFF, 0xFF, 0xFF,
  0xFF, 0xFF, 0xFB, 0xFF, 0xFF, 0xFF, 0xFF, 0xFF, 0xFF, 0xE0, 0x00, 0x00,
  0x00, 0x00, 0x07, 0xFF, 0x80, 0x00, 0x00, 0x00, 0x00, 0x0F, 0xFF, 0x00,
  0x00, 0x00, 0x00, 0x00, 0x1F, 0xFC, 0x00, 0x00, 0x00, 0x00, 0x00, 0x7F,
  0xF0, 0x00, 0x00, 0x00, 0x00, 0x01, 0xFF, 0xC0, 0x00, 0x00, 0x00, 0x00,
  0x07, 0xFF, 0x00, 0x00, 0x00, 0x00, 0x00, 0x1F, 0xFC, 0x00, 0x00, 0x00,
  0x00, 0x00, 0x7F, 0xF0, 0x00, 0x00, 0x00, 0x00, 0x03, 0xFF, 0xC0, 0x00,
  0x00, 0x00, 0x00, 0x3F, 0xFF, 0x00, 0x00, 0x00, 0x00, 0x0F, 0xFF, 0xFC,
  0x00, 0x00, 0x00, 0x01, 0xFF, 0xFF, 0xF0, 0x00, 0x00, 0x00, 0x7F, 0xFF,
  0xFF, 0xC0, 0x00, 0x00, 0x1F, 0xFF, 0xFF, 0xFE, 0x00, 0x00, 0x03, 0xFF,
  0xFF, 0xFF, 0xF8, 0x00, 0x00, 0xFF, 0xFF, 0xFF, 0xFF, 0xC0, 0x00, 0x3F,
  0xFF, 0xFF, 0xFF, 0xFE, 0x00, 0x07, 0xFF, 0xFF, 0xFF, 0xFF, 0xF0, 0x01,
  0xFF, 0xFF, 0xFF, 0xFF, 0xFF, 0x80, 0x1F, 0xFF, 0xFF, 0xFF, 0xFF, 0xF8,
  0x00, 0xFF, 0xFF, 0xFF, 0xFF, 0xFE, 0x00, 0x07, 0xFF, 0xFF, 0xFF, 0xFF,
  0xC0, 0x00, 0x3F, 0xFF, 0xFF, 0xFF, 0xF0, 0x00, 0x01, 0xFF, 0xFF, 0xFF,
  0xFC, 0x00, 0x00, 0x07, 0xFF, 0xFF, 0xFF, 0x80, 0x00, 0x00, 0x3F, 0xFF,
  0xFF, 0xE0, 0x00, 0x00, 0x00, 0xFF, 0xFF, 0xFC, 0x00, 0x00, 0x00, 0x03,
  0xFF, 0xFF, 0x00, 0x00, 0x00, 0x00, 0x0F, 0xFF, 0xC0, 0x00, 0x00, 0x00,
  0x00, 0x3F, 0xFC, 0x00, 0x00, 0x00, 0x00, 0x00, 0xFF, 0xE0, 0x00, 0x00,
  0x00, 0x00, 0x03, 0xFF, 0x80, 0x00, 0x00, 0x00, 0x00, 0x0F, 0xFE, 0x00,
  0x00, 0x00, 0x00, 0x00, 0x3F, 0xF8, 0x00, 0x00, 0x00, 0x00, 0x00, 0xFF,
  0xE0, 0x00, 0x00, 0x00, 0x00, 0x03, 0xFF, 0x80, 0x00, 0x00, 0x00, 0x00,
  0x0F, 0xFE, 0x00, 0x00, 0x00, 0x00, 0x00, 0x3F, 0xF8, 0x00, 0x00, 0x00,
  0x00, 0x00, 0xFF, 0xFF, 0xFF, 0xFF, 0xFF, 0xFF, 0xFF, 0xFF, 0xFF, 0xFF,
  0xFF, 0xFF, 0xFF, 0xFF, 0xFF, 0xFF, 0xFF, 0xFF, 0xFF, 0xFF, 0xFF, 0xFF,
  0xFF, 0xFF, 0xFF, 0xFF, 0xFF, 0xFF, 0xFF, 0xFF, 0xFF, 0xFF, 0xFF, 0xFF,
  0xFF, 0xFF, 0xFF, 0xFF, 0xFF, 0xFF, 0xFF, 0xFF, 0xFF, 0xFF, 0xFF, 0xFF,
  0xFF, 0xFF, 0xFF, 0xFF, 0xFF, 0xFF, 0xFF, 0xFF, 0xFF, 0xFF, 0xFF, 0xFF,
  0xFF, 0xFF, 0xFF, 0xFF, 0xFF, 0xFF, 0xFF, 0xFF, 0xFF, 0xF0, 0xFF, 0xFF,
  0xFF, 0xFF, 0xFF, 0xFF, 0xFF, 0xFF, 0xFF, 0xFF, 0xFF, 0xFF, 0xFF, 0xFF,
  0xFF, 0xFF, 0xFF, 0xFF, 0xFF, 0xFF, 0xFF, 0xFF, 0xFF, 0xFF, 0xFF, 0xFF,
  0xFF, 0xFF, 0xFF, 0xFF, 0xFF, 0xFF, 0xFF, 0xFF, 0xFF, 0xFF, 0xFF, 0xFF,
  0xFF, 0xFF, 0xFF, 0xFF, 0xFF, 0xFF, 0xFF, 0xFF, 0xFF, 0xFF, 0xFF, 0xFF,
  0xFF, 0xFF, 0xFF, 0xFF, 0xFF, 0xFF, 0xFF, 0xFF, 0xFF, 0xFF, 0xFF, 0xFF,
  0xFF, 0xFF, 0xFF, 0xFF, 0xFF, 0xF0, 0x00, 0x00, 0x00, 0x0F, 0xFF, 0xFF,
  0x80, 0x00, 0x00, 0x00, 0x7F, 0xFF, 0xF8, 0x00, 0x00, 0x00, 0x07, 0xFF,
  0xFF, 0xC0, 0x00, 0x00, 0x00, 0x7F, 0xFF, 0xFC, 0x00, 0x00, 0x00, 0x03,
  0xFF, 0xFF, 0xC0, 0x00, 0x00, 0x00, 0x3F, 0xFF, 0xFE, 0x00, 0x00, 0x00,
  0x01, 0xFF, 0xFF, 0xE0, 0x00, 0x00, 0x00, 0x1F, 0xFF, 0xFE, 0x00, 0x00,
  0x00, 0x01, 0xFF, 0xFF, 0xE0, 0x00, 0x00, 0x00, 0x0F, 0xFF, 0xFF, 0x00,
  0x00, 0x00, 0x00, 0xFF, 0xFF, 0xF0, 0x00, 0x00, 0x00, 0x07, 0xFF, 0xFF,
  0x00, 0x00, 0x00, 0x00, 0x7F, 0xFF, 0xF0, 0x00, 0x00, 0x00, 0x07, 0xFF,
  0xFF, 0x80, 0x00, 0x00, 0x00, 0x1F, 0xFF, 0xFF, 0xFF, 0xE0, 0x00, 0x00,
  0x7F, 0xFF, 0xFF, 0xFF, 0xF0, 0x00, 0x01, 0xFF, 0xFF, 0xFF, 0xFF, 0xE0,
  0x00, 0x07, 0xFF, 0xFF, 0xFF, 0xFF, 0xE0, 0x00, 0x1F, 0xFF, 0xFF, 0xFF,
  0xFF, 0xC0, 0x00, 0x7F, 0xFF, 0xFF, 0xFF, 0xFF, 0x80, 0x01, 0xFF, 0xFF,
  0xFF, 0xFF, 0xFF, 0x00, 0x07, 0xFF, 0xFF, 0xFF, 0xFF, 0xFC, 0x00, 0x1F,
  0xFF, 0xFF, 0xFF, 0xFF, 0xF8, 0x00, 0x7F, 0xFF, 0xFF, 0xFF, 0xFF, 0xE0,
  0x00, 0x00, 0x00, 0x00, 0x07, 0xFF, 0x80, 0x00, 0x00, 0x00, 0x00, 0x0F,
  0xFF, 0x00, 0x00, 0x00, 0x00, 0x00, 0x1F, 0xFC, 0x00, 0x00, 0x00, 0x00,
  0x00, 0x7F, 0xF0, 0x00, 0x00, 0x00, 0x00, 0x01, 0xFF, 0xC0, 0x00, 0x00,
  0x00, 0x00, 0x07, 0xFF, 0x00, 0x00, 0x00, 0x00, 0x00, 0x1F, 0xFC, 0x00,
  0x00, 0x00, 0x00, 0x00, 0x7F, 0xF0, 0x00, 0x00, 0x00, 0x00, 0x01, 0xFF,
  0xC0, 0x00, 0x00, 0x00, 0x00, 0x07, 0xFF, 0x00, 0x00, 0x00, 0x00, 0x00,
  0x1F, 0xFC, 0x00, 0x00, 0x00, 0x00, 0x00, 0x7F, 0xF0, 0x00, 0x00, 0x00,
  0x00, 0x03, 0xFF, 0xC0, 0x00, 0x00, 0x00, 0x00, 0x1F, 0xFE, 0xFF, 0xFF,
  0xFF, 0xFF, 0xFF, 0xFF, 0xFB, 0xFF, 0xFF, 0xFF, 0xFF, 0xFF, 0xFF, 0xEF,
  0xFF, 0xFF, 0xFF, 0xFF, 0xFF, 0xFF, 0x3F, 0xFF, 0xFF, 0xFF, 0xFF, 0xFF,
  0xF8, 0xFF, 0xFF, 0xFF, 0xFF, 0xFF, 0xFF, 0xE3, 0xFF, 0xFF, 0xFF, 0xFF,
  0xFF, 0xFF, 0x0F, 0xFF, 0xFF, 0xFF, 0xFF, 0xFF, 0xF8, 0x3F, 0xFF, 0xFF,
  0xFF, 0xFF, 0xFF, 0x80, 0xFF, 0xFF, 0xFF, 0xFF, 0xFF, 0xFC, 0x03, 0xFF,
  0xFF, 0xFF, 0xFF, 0xFF, 0x80, 0x00, 0x00, 0x00, 0x00, 0x07, 0xFF, 0xE0,
  0x00, 0x00, 0x00, 0x00, 0x00, 0x3F, 0xFE, 0x00, 0x00, 0x00, 0x00, 0x00,
  0x03, 0xFF, 0xE0, 0x00, 0x00, 0x00, 0x00, 0x00, 0x3F, 0xFF, 0x00, 0x00,
  0x00, 0x00, 0x00, 0x03, 0xFF, 0xF0, 0x00, 0x00, 0x00, 0x00, 0x00, 0x3F,
  0xFF, 0x00, 0x00, 0x00, 0x00, 0x00, 0x03, 0xFF, 0xF0, 0x00, 0x00, 0x00,
  0x00, 0x00, 0x1F, 0xFF, 0x00, 0x00, 0x00, 0x00, 0x00, 0x01, 0xFF, 0xF8,
  0x00, 0x00, 0x00, 0x00, 0x00, 0x1F, 0xFF, 0x80, 0x00, 0x00, 0x00, 0x00,
  0x01, 0xFF, 0xF8, 0x00, 0x00, 0x00, 0x00, 0x00, 0x1F, 0xFF, 0x80, 0x3F,
  0xF8, 0x00, 0x00, 0x01, 0xFF, 0xF8, 0x01, 0xFF, 0xC0, 0x00, 0x00, 0x0F,
  0xFF, 0x80, 0x0F, 0xFE, 0x00, 0x00, 0x00, 0xFF, 0xFC, 0x00, 0x7F, 0xF0,
  0x00, 0x00, 0x0F, 0xFF, 0xC0, 0x03, 0xFF, 0x80, 0x00, 0x00, 0xFF, 0xFC,
  0x00, 0x1F, 0xFC, 0x00, 0x00, 0x0F, 0xFF, 0xC0, 0x00, 0xFF, 0xE0, 0x00,
  0x00, 0x7F, 0xFC, 0x00, 0x07, 0xFF, 0x00, 0x00, 0x07, 0xFF, 0xC0, 0x00,
  0x3F, 0xF8, 0x00, 0x00, 0x7F, 0xFE, 0x00, 0x01, 0xFF, 0xC0, 0x00, 0x07,
  0xFF, 0xE0, 0x00, 0x0F, 0xFE, 0x00, 0x00, 0x7F, 0xFE, 0x00, 0x00, 0x7F,
  0xF0, 0x00, 0x07, 0xFF, 0xE0, 0x00, 0x03, 0xFF, 0x80, 0x00, 0x3F, 0xFE,
  0x00, 0x00, 0x1F, 0xFC, 0x00, 0x03, 0xFF, 0xE0, 0x00, 0x00, 0xFF, 0xE0,
  0x00, 0x3F, 0xFF, 0x00, 0x00, 0x07, 0xFF, 0x00, 0x03, 0xFF, 0xF0, 0x00,
  0x00, 0x3F, 0xF8, 0x00, 0x3F, 0xFF, 0x00, 0x00, 0x01, 0xFF, 0xC0, 0x03,
  0xFF, 0xF0, 0x00, 0x00, 0x0F, 0xFE, 0x00, 0x1F, 0xFF, 0x00, 0x00, 0x00,
  0x7F, 0xF0, 0x01, 0xFF, 0xF8, 0x00, 0x00, 0x03, 0xFF, 0x80, 0x1F, 0xFF,
  0x80, 0x00, 0x00, 0x1F, 0xFC, 0x01, 0xFF, 0xF8, 0x00, 0x00, 0x00, 0xFF,
  0xE0, 0x1F, 0xFF, 0x80, 0x00, 0x00, 0x07, 0xFF, 0x00, 0xFF, 0xF8, 0x00,
  0x00, 0x00, 0x3F, 0xF8, 0x0F, 0xFF, 0x80, 0x00, 0x00, 0x01, 0xFF, 0xC0,
  0x7F, 0xFF, 0xFF, 0xFF, 0xFF, 0xFF, 0xFF, 0xFF, 0xFF, 0xFF, 0xFF, 0xFF,
  0xFF, 0xFF, 0xFF, 0xFF, 0xFF, 0xFF, 0xFF, 0xFF, 0xFF, 0xFF, 0xFF, 0xFF,
  0xFF, 0xFF, 0xFF, 0xFF, 0xFF, 0xFF, 0xFF, 0xFF, 0xFF, 0xFF, 0xFF, 0xFF,
  0xFF, 0xFF, 0xFF, 0xFF, 0xFF, 0xFF, 0xFF, 0xFF, 0xFF, 0xFF, 0xFF, 0xFF,
  0xFF, 0xFF, 0xFF, 0xFF, 0xFF, 0xFF, 0xFF, 0xFF, 0xFF, 0xFF, 0xFF, 0xFF,
  0xFF, 0xFF, 0xFF, 0xFF, 0xFF, 0xFF, 0xFF, 0xFF, 0xFF, 0xFF, 0xFF, 0xFF,
  0xFF, 0xFF, 0xFF, 0xFF, 0xE0, 0x00, 0x00, 0x00, 0x00, 0x03, 0xFF, 0x80,
  0x00, 0x00, 0x00, 0x00, 0x00, 0x1F, 0xFC, 0x00, 0x00, 0x00, 0x00, 0x00,
  0x00, 0xFF, 0xE0, 0x00, 0x00, 0x00, 0x00, 0x00, 0x07, 0xFF, 0x00, 0x00,
  0x00, 0x00, 0x00, 0x00, 0x3F, 0xF8, 0x00, 0x00, 0x00, 0x00, 0x00, 0x01,
  0xFF, 0xC0, 0x00, 0x00, 0x00, 0x00, 0x00, 0x0F, 0xFE, 0x00, 0x00, 0x00,
  0x00, 0x00, 0x00, 0x7F, 0xF0, 0x00, 0x00, 0x00, 0x00, 0x00, 0x03, 0xFF,
  0x80, 0x00, 0x00, 0x00, 0x00, 0x00, 0x1F, 0xFC, 0x00, 0x00, 0x00, 0x00,
  0x00, 0x00, 0xFF, 0xE0, 0x00, 0xFF, 0xFF, 0xFF, 0xFF, 0xFF, 0xFF, 0x83,
  0xFF, 0xFF, 0xFF, 0xFF, 0xFF, 0xFE, 0x0F, 0xFF, 0xFF, 0xFF, 0xFF, 0xFF,
  0xF8, 0x3F, 0xFF, 0xFF, 0xFF, 0xFF, 0xFF, 0xE0, 0xFF, 0xFF, 0xFF, 0xFF,
  0xFF, 0xFF, 0x83, 0xFF, 0xFF, 0xFF, 0xFF, 0xFF, 0xFE, 0x0F, 0xFF, 0xFF,
  0xFF, 0xFF, 0xFF, 0xF8, 0x3F, 0xFF, 0xFF, 0xFF, 0xFF, 0xFF, 0xE0, 0xFF,
  0xFF, 0xFF, 0xFF, 0xFF, 0xFF, 0x83, 0xFF, 0xFF, 0xFF, 0xFF, 0xFF, 0xFE,
  0x0F, 0xFE, 0x00, 0x00, 0x00, 0x00, 0x00, 0x3F, 0xF8, 0x00, 0x00, 0x00,
  0x00, 0x00, 0xFF, 0xE0, 0x00, 0x00, 0x00, 0x00, 0x03, 0xFF, 0x80, 0x00,
  0x00, 0x00, 0x00, 0x0F, 0xFE, 0x00, 0x00, 0x00, 0x00, 0x00, 0x3F, 0xF8,
  0x00, 0x00, 0x00, 0x00, 0x00, 0xFF, 0xE0, 0x00, 0x00, 0x00, 0x00, 0x03,
  0xFF, 0x80, 0x00, 0x00, 0x00, 0x00, 0x0F, 0xFE, 0x00, 0x00, 0x00, 0x00,
  0x00, 0x3F, 0xF8, 0x00, 0x00, 0x00, 0x00, 0x00, 0xFF, 0xE0, 0x00, 0x00,
  0x00, 0x00, 0x03, 0xFF, 0x80, 0x00, 0x00, 0x00, 0x00, 0x0F, 0xFE, 0x00,
  0x00, 0x00, 0x00, 0x00, 0x3F, 0xF8, 0x00, 0x00, 0x00, 0x00, 0x00, 0xFF,
  0xFF, 0xFF, 0xFF, 0xFF, 0xE0, 0x03, 0xFF, 0xFF, 0xFF, 0xFF, 0xFF, 0xF0,
  0x0F, 0xFF, 0xFF, 0xFF, 0xFF, 0xFF, 0xF0, 0x3F, 0xFF, 0xFF, 0xFF, 0xFF,
  0xFF, 0xE0, 0xFF, 0xFF, 0xFF, 0xFF, 0xFF, 0xFF, 0xC3, 0xFF, 0xFF, 0xFF,
  0xFF, 0xFF, 0xFF, 0x8F, 0xFF, 0xFF, 0xFF, 0xFF, 0xFF, 0xFF, 0x3F, 0xFF,
  0xFF, 0xFF, 0xFF, 0xFF, 0xFC, 0xFF, 0xFF, 0xFF, 0xFF, 0xFF, 0xFF, 0xFB,
  0xFF, 0xFF, 0xFF, 0xFF, 0xFF, 0xFF, 0xE0, 0x00, 0x00, 0x00, 0x00, 0x07,
  0xFF, 0x80, 0x00, 0x00, 0x00, 0x00, 0x0F, 0xFF, 0x00, 0x00, 0x00, 0x00,
  0x00, 0x1F, 0xFC, 0x00, 0x00, 0x00, 0x00, 0x00, 0x7F, 0xF0, 0x00, 0x00,
  0x00, 0x00, 0x01, 0xFF, 0xC0, 0x00, 0x00, 0x00, 0x00, 0x07, 0xFF, 0x00,
  0x00, 0x00, 0x00, 0x00, 0x1F, 0xFC, 0x00, 0x00, 0x00, 0x00, 0x00, 0x7F,
  0xF0, 0x00, 0x00, 0x00, 0x00, 0x01, 0xFF, 0xC0, 0x00, 0x00, 0x00, 0x00,
  0x07, 0xFF, 0x00, 0x00, 0x00, 0x00, 0x00, 0x1F, 0xFC, 0x00, 0x00, 0x00,
  0x00, 0x00, 0x7F, 0xF0, 0x00, 0x00, 0x00, 0x00, 0x03, 0xFF, 0xC0, 0x00,
  0x00, 0x00, 0x00, 0x1F, 0xFE, 0xFF, 0xFF, 0xFF, 0xFF, 0xFF, 0xFF, 0xFB,
  0xFF, 0xFF, 0xFF, 0xFF, 0xFF, 0xFF, 0xEF, 0xFF, 0xFF, 0xFF, 0xFF, 0xFF,
  0xFF, 0x3F, 0xFF, 0xFF, 0xFF, 0xFF, 0xFF, 0xFC, 0xFF, 0xFF, 0xFF, 0xFF,
  0xFF, 0xFF, 0xE3, 0xFF, 0xFF, 0xFF, 0xFF, 0xFF, 0xFF, 0x0F, 0xFF, 0xFF,
  0xFF, 0xFF, 0xFF, 0xF8, 0x3F, 0xFF, 0xFF, 0xFF, 0xFF, 0xFF, 0xC0, 0xFF,
  0xFF, 0xFF, 0xFF, 0xFF, 0xFC, 0x03, 0xFF, 0xFF, 0xFF, 0xFF, 0xFF, 0x80,
  0x00, 0x00, 0x1F, 0xFF, 0xFF, 0xFF, 0xFF, 0x80, 0x03, 0xFF, 0xFF, 0xFF,
  0xFF, 0xFE, 0x00, 0x1F, 0xFF, 0xFF, 0xFF, 0xFF, 0xF8, 0x01, 0xFF, 0xFF,
  0xFF, 0xFF, 0xFF, 0xE0, 0x0F, 0xFF, 0xFF, 0xFF, 0xFF, 0xFF, 0x80, 0x7F,
  0xFF, 0xFF, 0xFF, 0xFF, 0xFE, 0x01, 0xFF, 0xFF, 0xFF, 0xFF, 0xFF, 0xF8,
  0x0F, 0xFF, 0xFF, 0xFF, 0xFF, 0xFF, 0xE0, 0x7F, 0xFF, 0xFF, 0xFF, 0xFF,
  0xFF, 0x81, 0xFF, 0xFF, 0xFF, 0xFF, 0xFF, 0xFE, 0x07, 0xFF, 0x80, 0x00,
  0x00, 0x00, 0x00, 0x3F, 0xFC, 0x00, 0x00, 0x00, 0x00, 0x00, 0xFF, 0xE0,
  0x00, 0x00, 0x00, 0x00, 0x03, 0xFF, 0x80, 0x00, 0x00, 0x00, 0x00, 0x0F,
  0xFE, 0x00, 0x00, 0x00, 0x00, 0x00, 0x3F, 0xF8, 0x00, 0x00, 0x00, 0x00,
  0x00, 0xFF, 0xE0, 0x00, 0x00, 0x00, 0x00, 0x03, 0xFF, 0x80, 0x00, 0x00,
  0x00, 0x00, 0x0F, 0xFE, 0x00, 0x00, 0x00, 0x00, 0x00, 0x3F, 0xF8, 0x00,
  0x00, 0x00, 0x00, 0x00, 0xFF, 0xE0, 0x00, 0x00, 0x00, 0x00, 0x03, 0xFF,
  0x80, 0x00, 0x00, 0x00, 0x00, 0x0F, 0xFE, 0x00, 0x00, 0x00, 0x00, 0x00,
  0x3F, 0xF8, 0x00, 0x00, 0x00, 0x00, 0x00, 0xFF, 0xFF, 0xFF, 0xFF, 0xFF,
  0xE0, 0x03, 0xFF, 0xFF, 0xFF, 0xFF, 0xFF, 0xF0, 0x0F, 0xFF, 0xFF, 0xFF,
  0xFF, 0xFF, 0xF0, 0x3F, 0xFF, 0xFF, 0xFF, 0xFF, 0xFF, 0xE0, 0xFF, 0xFF,
  0xFF, 0xFF, 0xFF, 0xFF, 0xC3, 0xFF, 0xFF, 0xFF, 0xFF, 0xFF, 0xFF, 0x8F,
  0xFF, 0xFF, 0xFF, 0xFF, 0xFF, 0xFF, 0x3F, 0xFF, 0xFF, 0xFF, 0xFF, 0xFF,
  0xFC, 0xFF, 0xFF, 0xFF, 0xFF, 0xFF, 0xFF, 0xFB, 0xFF, 0xFF, 0xFF, 0xFF,
  0xFF, 0xFF, 0xEF, 0xFF, 0x80, 0x00, 0x00, 0x07, 0xFF, 0xBF, 0xFC, 0x00,
  0x00, 0x00, 0x0F, 0xFF, 0xFF, 0xE0, 0x00, 0x00, 0x00, 0x1F, 0xFF, 0xFF,
  0x80, 0x00, 0x00, 0x00, 0x7F, 0xFF, 0xFE, 0x00, 0x00, 0x00, 0x01, 0xFF,
  0xFF, 0xF8, 0x00, 0x00, 0x00, 0x07, 0xFF, 0xFF, 0xE0, 0x00, 0x00, 0x00,
  0x1F, 0xFF, 0xFF, 0x80, 0x00, 0x00, 0x00, 0x7F, 0xFF, 0xFE, 0x00, 0x00,
  0x00, 0x01, 0xFF, 0xFF, 0xF8, 0x00, 0x00, 0x00, 0x07, 0xFF, 0xFF, 0xE0,
  0x00, 0x00, 0x00, 0x1F, 0xFF, 0xFF, 0x80, 0x00, 0x00, 0x00, 0x7F, 0xFF,
  0xFF, 0x00, 0x00, 0x00, 0x03, 0xFF, 0xDF, 0xFE, 0x00, 0x00, 0x00, 0x1F,
  0xFE, 0x7F, 0xFF, 0xFF, 0xFF, 0xFF, 0xFF, 0xF9, 0xFF, 0xFF, 0xFF, 0xFF,
  0xFF, 0xFF, 0xE3, 0xFF, 0xFF, 0xFF, 0xFF, 0xFF, 0xFF, 0x07, 0xFF, 0xFF,
  0xFF, 0xFF, 0xFF, 0xF8, 0x1F, 0xFF, 0xFF, 0xFF, 0xFF, 0xFF, 0xE0, 0x3F,
  0xFF, 0xFF, 0xFF, 0xFF, 0xFF, 0x00, 0x7F, 0xFF, 0xFF, 0xFF, 0xFF, 0xF8,
  0x00, 0x7F, 0xFF, 0xFF, 0xFF, 0xFF, 0x80, 0x00, 0xFF, 0xFF, 0xFF, 0xFF,
  0xFC, 0x00, 0x00, 0x7F, 0xFF, 0xFF, 0xFF, 0x80, 0x00, 0xFF, 0xFF, 0xFF,
  0xFF, 0xFF, 0xFF, 0xFF, 0xFF, 0xFF, 0xFF, 0xFF, 0xFF, 0xFF, 0xFF, 0xFF,
  0xFF, 0xFF, 0xFF, 0xFF, 0xFF, 0xFF, 0xFF, 0xFF, 0xFF, 0xFF, 0xFF, 0xFF,
  0xFF, 0xFF, 0xFF, 0xFF, 0xFF, 0xFF, 0xFF, 0xFF, 0xFF, 0xFF, 0xFF, 0xFF,
  0xFF, 0xFF, 0xFF, 0xFF, 0xFF, 0xFF, 0xFF, 0xFF, 0xFF, 0xFF, 0xFF, 0xFF,
  0xFF, 0xFF, 0xFF, 0xFF, 0xFF, 0xFF, 0xFF, 0xFF, 0xFF, 0xFF, 0xFF, 0xFF,
  0xFF, 0xFF, 0xFF, 0xFF, 0xF0, 0x00, 0x00, 0x00, 0x00, 0x07, 0xFF, 0xC0,
  0x00, 0x00, 0x00, 0x00, 0x1F, 0xFE, 0x00, 0x00, 0x00, 0x00, 0x00, 0xFF,
  0xF8, 0x00, 0x00, 0x00, 0x00, 0x03, 0xFF, 0xC0, 0x00, 0x00, 0x00, 0x00,
  0x1F, 0xFE, 0x00, 0x00, 0x00, 0x00, 0x00, 0x7F, 0xF8, 0x00, 0x00, 0x00,
  0x00, 0x03, 0xFF, 0xC0, 0x00, 0x00, 0x00, 0x00, 0x1F, 0xFF, 0x00, 0x00,
  0x00, 0x00, 0x00, 0x7F, 0xF8, 0x00, 0x00, 0x00, 0x00, 0x03, 0xFF, 0xE0,
  0x00, 0x00, 0x00, 0x00, 0x0F, 0xFF, 0x00, 0x00, 0x00, 0x00, 0x00, 0x7F,
  0xF8, 0x00, 0x00, 0x00, 0x00, 0x01, 0xFF, 0xE0, 0x00, 0x00, 0x00, 0x00,
  0x0F, 0xFF, 0x00, 0x00, 0x00, 0x00, 0x00, 0x7F, 0xFC, 0x00, 0x00, 0x00,
  0x00, 0x01, 0xFF, 0xE0, 0x00, 0x00, 0x00, 0x00, 0x0F, 0xFF, 0x80, 0x00,
  0x00, 0x00, 0x00, 0x3F, 0xFC, 0x00, 0x00, 0x00, 0x00, 0x01, 0xFF, 0xE0,
  0x00, 0x00, 0x00, 0x00, 0x07, 0xFF, 0x80, 0x00, 0x00, 0x00, 0x00, 0x3F,
  0xFC, 0x00, 0x00, 0x00, 0x00, 0x01, 0xFF, 0xF0, 0x00, 0x00, 0x00, 0x00,
  0x07, 0xFF, 0x80, 0x00, 0x00, 0x00, 0x00, 0x3F, 0xFE, 0x00, 0x00, 0x00,
  0x00, 0x00, 0xFF, 0xF0, 0x00, 0x00, 0x00, 0x00, 0x07, 0xFF, 0xC0, 0x00,
  0x00, 0x00, 0x00, 0x1F, 0xFE, 0x00, 0x00, 0x00, 0x00, 0x00, 0xFF, 0xF0,
  0x00, 0x00, 0x00, 0x00, 0x07, 0xFF, 0xC0, 0x00, 0x00, 0x00, 0x00, 0x1F,
  0xFE, 0x00, 0x00, 0x00, 0x00, 0x00, 0xFF, 0xF8, 0x00, 0x00, 0x00, 0x00,
  0x03, 0xFF, 0xC0, 0x00, 0x00, 0x00, 0x00, 0x1F, 0xFF, 0x00, 0x00, 0x00,
  0x00, 0x00, 0x7F, 0xF8, 0x00, 0x00, 0x00, 0x00, 0x03, 0xFF, 0xC0, 0x00,
  0x00, 0x00, 0x00, 0x0F, 0xFF, 0x00, 0x00, 0x00, 0x00, 0x00, 0x7F, 0xF8,
  0x00, 0x00, 0x00, 0x00, 0x03, 0xFF, 0xE0, 0x00, 0x00, 0x00, 0x00, 0x0F,
  0xFF, 0x00, 0x00, 0x00, 0x00, 0x00, 0x7F, 0xFC, 0x00, 0x00, 0x00, 0x00,
  0x01, 0xFF, 0xE0, 0x00, 0x00, 0x00, 0x00, 0x0F, 0xFF, 0x00, 0x00, 0x00,
  0x00, 0x00, 0x3F, 0xFC, 0x00, 0x00, 0x00, 0x00, 0x01, 0xFF, 0xE0, 0x00,
  0x00, 0x00, 0x00, 0x0F, 0xFF, 0x80, 0x00, 0x00, 0x00, 0x00, 0x3F, 0xFC,
  0x00, 0x00, 0x00, 0x00, 0x01, 0xFF, 0xF0, 0x00, 0x00, 0x00, 0x00, 0x07,
  0xFF, 0x80, 0x00, 0x00, 0x00, 0x00, 0x1F, 0xFF, 0xFF, 0xFF, 0xE0, 0x00,
  0x03, 0xFF, 0xFF, 0xFF, 0xFF, 0xF0, 0x00, 0x1F, 0xFF, 0xFF, 0xFF, 0xFF,
  0xE0, 0x01, 0xFF, 0xFF, 0xFF, 0xFF, 0xFF, 0xE0, 0x0F, 0xFF, 0xFF, 0xFF,
  0xFF, 0xFF, 0xC0, 0x7F, 0xFF, 0xFF, 0xFF, 0xFF, 0xFF, 0x81, 0xFF, 0xFF,
  0xFF, 0xFF, 0xFF, 0xFE, 0x0F, 0xFF, 0xFF, 0xFF, 0xFF, 0xFF, 0xFC, 0x7F,
  0xFF, 0xFF, 0xFF, 0xFF, 0xFF, 0xF9, 0xFF, 0xFF, 0xFF, 0xFF, 0xFF, 0xFF,
  0xE7, 0xFF, 0x80, 0x00, 0x00, 0x07, 0xFF, 0xBF, 0xFC, 0x00, 0x00, 0x00,
  0x0F, 0xFF, 0xFF, 0xE0, 0x00, 0x00, 0x00, 0x1F, 0xFF, 0xFF, 0x80, 0x00,
  0x00, 0x00, 0x7F, 0xFF, 0xFE, 0x00, 0x00, 0x00, 0x01, 0xFF, 0xFF, 0xF8,
  0x00, 0x00, 0x00, 0x07, 0xFF, 0xFF, 0xE0, 0x00, 0x00, 0x00, 0x1F, 0xFF,
  0xFF, 0x80, 0x00, 0x00, 0x00, 0x7F, 0xFF, 0xFE, 0x00, 0x00, 0x00, 0x01,
  0xFF, 0xFF, 0xF8, 0x00, 0x00, 0x00, 0x07, 0xFF, 0xFF, 0xE0, 0x00, 0x00,
  0x00, 0x1F, 0xFF, 0xFF, 0x80, 0x00, 0x00, 0x00, 0x7F, 0xFF, 0xFF, 0x00,
  0x00, 0x00, 0x03, 0xFF, 0xDF, 0xFE, 0x00, 0x00, 0x00, 0x1F, 0xFE, 0x7F,
  0xFF, 0xFF, 0xFF, 0xFF, 0xFF, 0xF9, 0xFF, 0xFF, 0xFF, 0xFF, 0xFF, 0xFF,
  0xE3, 0xFF, 0xFF, 0xFF, 0xFF, 0xFF, 0xFF, 0x0F, 0xFF, 0xFF, 0xFF, 0xFF,
  0xFF, 0xFC, 0x1F, 0xFF, 0xFF, 0xFF, 0xFF, 0xFF, 0xE0, 0x7F, 0xFF, 0xFF,
  0xFF, 0xFF, 0xFF, 0x83, 0xFF, 0xFF, 0xFF, 0xFF, 0xFF, 0xFF, 0x0F, 0xFF,
  0xFF, 0xFF, 0xFF, 0xFF, 0xFC, 0x7F, 0xFF, 0xFF, 0xFF, 0xFF, 0xFF, 0xF9,
  0xFF, 0xFF, 0xFF, 0xFF, 0xFF, 0xFF, 0xE7, 0xFF, 0x80, 0x00, 0x00, 0x07,
  0xFF, 0xBF, 0xFC, 0x00, 0x00, 0x00, 0x0F, 0xFF, 0xFF, 0xE0, 0x00, 0x00,
  0x00, 0x1F, 0xFF, 0xFF, 0x80, 0x00, 0x00, 0x00, 0x7F, 0xFF, 0xFE, 0x00,
  0x00, 0x00, 0x01, 0xFF, 0xFF, 0xF8, 0x00, 0x00, 0x00, 0x07, 0xFF, 0xFF,
  0xE0, 0x00, 0x00, 0x00, 0x1F, 0xFF, 0xFF, 0x80, 0x00, 0x00, 0x00, 0x7F,
  0xFF, 0xFE, 0x00, 0x00, 0x00, 0x01, 0xFF, 0xFF, 0xF8, 0x00, 0x00, 0x00,
  0x07, 0xFF, 0xFF, 0xE0, 0x00, 0x00, 0x00, 0x1F, 0xFF, 0xFF, 0x80, 0x00,
  0x00, 0x00, 0x7F, 0xFF, 0xFF, 0x00, 0x00, 0x00, 0x03, 0xFF, 0xDF, 0xFE,
  0x00, 0x00, 0x00, 0x1F, 0xFE, 0x7F, 0xFF, 0xFF, 0xFF, 0xFF, 0xFF, 0xF9,
  0xFF, 0xFF, 0xFF, 0xFF, 0xFF, 0xFF, 0xE3, 0xFF, 0xFF, 0xFF, 0xFF, 0xFF,
  0xFF, 0x07, 0xFF, 0xFF, 0xFF, 0xFF, 0xFF, 0xF8, 0x1F, 0xFF, 0xFF, 0xFF,
  0xFF, 0xFF, 0xE0, 0x3F, 0xFF, 0xFF, 0xFF, 0xFF, 0xFF, 0x00, 0x7F, 0xFF,
  0xFF, 0xFF, 0xFF, 0xF8, 0x00, 0x7F, 0xFF, 0xFF, 0xFF, 0xFF, 0x80, 0x00,
  0xFF, 0xFF, 0xFF, 0xFF, 0xFC, 0x00, 0x00, 0x7F, 0xFF, 0xFF, 0xFF, 0x80,
  0x00, 0x00, 0x1F, 0xFF, 0xFF, 0xFF, 0xE0, 0x00, 0x03, 0xFF, 0xFF, 0xFF,
  0xFF, 0xF0, 0x00, 0x3F, 0xFF, 0xFF, 0xFF, 0xFF, 0xE0, 0x01, 0xFF, 0xFF,
  0xFF, 0xFF, 0xFF, 0xE0, 0x0F, 0xFF, 0xFF, 0xFF, 0xFF, 0xFF, 0xC0, 0x7F,
  0xFF, 0xFF, 0xFF, 0xFF, 0xFF, 0x83, 0xFF, 0xFF, 0xFF, 0xFF, 0xFF, 0xFE,
  0x0F, 0xFF, 0xFF, 0xFF, 0xFF, 0xFF, 0xFC, 0x7F, 0xFF, 0xFF, 0xFF, 0xFF,
  0xFF, 0xF9, 0xFF, 0xFF, 0xFF, 0xFF, 0xFF, 0xFF, 0xE7, 0xFF, 0x80, 0x00,
  0x00, 0x07, 0xFF, 0xBF, 0xFC, 0x00, 0x00, 0x00, 0x0F, 0xFF, 0xFF, 0xE0,
  0x00, 0x00, 0x00, 0x1F, 0xFF, 0xFF, 0x80, 0x00, 0x00, 0x00, 0x7F, 0xFF,
  0xFE, 0x00, 0x00, 0x00, 0x01, 0xFF, 0xFF, 0xF8, 0x00, 0x00, 0x00, 0x07,
  0xFF, 0xFF, 0xE0, 0x00, 0x00, 0x00, 0x1F, 0xFF, 0xFF, 0x80, 0x00, 0x00,
  0x00, 0x7F, 0xFF, 0xFE, 0x00, 0x00, 0x00, 0x01, 0xFF, 0xFF, 0xF8, 0x00,
  0x00, 0x00, 0x07, 0xFF, 0xFF, 0xE0, 0x00, 0x00, 0x00, 0x1F, 0xFF, 0xFF,
  0x80, 0x00, 0x00, 0x00, 0x7F, 0xFF, 0xFF, 0x00, 0x00, 0x00, 0x03, 0xFF,
  0xDF, 0xFE, 0x00, 0x00, 0x00, 0x1F, 0xFF, 0x7F, 0xFF, 0xFF, 0xFF, 0xFF,
  0xFF, 0xFD, 0xFF, 0xFF, 0xFF, 0xFF, 0xFF, 0xFF, 0xF3, 0xFF, 0xFF, 0xFF,
  0xFF, 0xFF, 0xFF, 0xCF, 0xFF, 0xFF, 0xFF, 0xFF, 0xFF, 0xFF, 0x1F, 0xFF,
  0xFF, 0xFF, 0xFF, 0xFF, 0xFC, 0x3F, 0xFF, 0xFF, 0xFF, 0xFF, 0xFF, 0xF0,
  0x7F, 0xFF, 0xFF, 0xFF, 0xFF, 0xFF, 0xC0, 0xFF, 0xFF, 0xFF, 0xFF, 0xFF,
  0xFF, 0x00, 0xFF, 0xFF, 0xFF, 0xFF, 0xFF, 0xFC, 0x00, 0x7F, 0xFF, 0xFF,
  0xFF, 0xFF, 0xF0, 0x00, 0x00, 0x00, 0x00, 0x01, 0xFF, 0xC0, 0x00, 0x00,
  0x00, 0x00, 0x07, 0xFF, 0x00, 0x00, 0x00, 0x00, 0x00, 0x1F, 0xFC, 0x00,
  0x00, 0x00, 0x00, 0x00, 0x7F, 0xF0, 0x00, 0x00, 0x00, 0x00, 0x01, 0xFF,
  0xC0, 0x00, 0x00, 0x00, 0x00, 0x07, 0xFF, 0x00, 0x00, 0x00, 0x00, 0x00,
  0x1F, 0xFC, 0x00, 0x00, 0x00, 0x00, 0x00, 0x7F, 0xF0, 0x00, 0x00, 0x00,
  0x00, 0x01, 0xFF, 0xC0, 0x00, 0x00, 0x00, 0x00, 0x07, 0xFF, 0x00, 0x00,
  0x00, 0x00, 0x00, 0x1F, 0xFC, 0x00, 0x00, 0x00, 0x00, 0x00, 0x7F, 0xF0,
  0x00, 0x00, 0x00, 0x00, 0x03, 0xFF, 0xC0, 0x00, 0x00, 0x00, 0x00, 0x1F,
  0xFE, 0x07, 0xFF, 0xFF, 0xFF, 0xFF, 0xFF, 0xF8, 0x1F, 0xFF, 0xFF, 0xFF,
  0xFF, 0xFF, 0xE0, 0x7F, 0xFF, 0xFF, 0xFF, 0xFF, 0xFF, 0x01, 0xFF, 0xFF,
  0xFF, 0xFF, 0xFF, 0xF8, 0x07, 0xFF, 0xFF, 0xFF, 0xFF, 0xFF, 0xE0, 0x1F,
  0xFF, 0xFF, 0xFF, 0xFF, 0xFF, 0x00, 0x7F, 0xFF, 0xFF, 0xFF, 0xFF, 0xF8,
  0x01, 0xFF, 0xFF, 0xFF, 0xFF, 0xFF, 0x80, 0x07, 0xFF, 0xFF, 0xFF, 0xFF,
  0xFC, 0x00, 0x1F, 0xFF, 0xFF, 0xFF, 0xFF, 0x80, 0x00, 0xFF, 0xFF, 0xFF,
  0xFF, 0xFF, 0xFF, 0xFF, 0xFF, 0xFF, 0xFF, 0xFF, 0xFF, 0xFF, 0xFC, 0x00,
  0x00, 0x00, 0x00, 0x00, 0x00, 0x00, 0x00, 0xFF, 0xFF, 0xFF, 0xFF, 0xFF,
  0xFF, 0xFF, 0xFF, 0xFF, 0xFF, 0xFF, 0xFF, 0xFF, 0xFC, 0xFF, 0xFF, 0xFF,
  0xFF, 0xFF, 0xFF, 0xFF, 0xFF, 0xFF, 0xFF, 0xFF, 0xFF, 0xFF, 0xFC, 0x00,
  0x00, 0x00, 0x00, 0x00, 0x00, 0x00, 0x00, 0xFF, 0xFF, 0xFF, 0xFF, 0xFF,
  0xFF, 0xFF, 0xFF, 0xFF, 0xFF, 0xFF, 0xFF, 0xFF, 0xFC, 0x3F, 0x87, 0xE1,
  0xFC, 0x3F, 0x0F, 0xC3, 0xF8, 0x7E, 0x00, 0x00, 0x00, 0x80, 0x01, 0xC0,
  0x03, 0xE0, 0x03, 0xF0, 0x07, 0xF8, 0x0F, 0xFC, 0x1F, 0xFC, 0x1F, 0xF8,
  0x3F, 0xF8, 0x7F, 0xF0, 0x3F, 0xE0, 0x1F, 0xC0, 0x0F, 0xC0, 0x07, 0xF0,
  0x03, 0xFC, 0x01, 0xFF, 0x80, 0x7F, 0xF0, 0x0F, 0xFC, 0x01, 0xFF, 0x80,
  0x7F, 0xF0, 0x0F, 0xF8, 0x01, 0xFC, 0x00, 0x7E, 0x00, 0x0F, 0x00, 0x01,
  0x80, 0x00, 0x40, 0xFF, 0xFF, 0xFF, 0xFF, 0xFF, 0xFF, 0xFF, 0xFF, 0xFF,
  0xFF, 0xFF, 0xFF, 0xFF, 0xFF, 0xFF, 0x00, 0x00, 0x00, 0x00, 0x00, 0x00,
  0x00, 0x00, 0x00, 0x00, 0x00, 0x00, 0x00, 0x00, 0x00, 0x00, 0x00, 0x00,
  0xFF, 0xFF, 0xFF, 0xFF, 0xFF, 0xFF, 0xFF, 0xFF, 0xFF, 0xFF, 0xFF, 0xFF,
  0xFF, 0xFF, 0xFF, 0x80, 0x00, 0x60, 0x00, 0x3C, 0x00, 0x1F, 0x80, 0x0F,
  0xF0, 0x07, 0xFC, 0x01, 0xFF, 0x80, 0x7F, 0xF0, 0x0F, 0xFE, 0x01, 0xFF,
  0x80, 0x7F, 0xE0, 0x0F, 0xF0, 0x01, 0xF8, 0x01, 0xFC, 0x03, 0xFE, 0x03,
  0xFF, 0x07, 0xFE, 0x0F, 0xFE, 0x1F, 0xFC, 0x1F, 0xF8, 0x0F, 0xF8, 0x07,
  0xF0, 0x03, 0xE0, 0x01, 0xC0, 0x00, 0xC0, 0x00, 0x00, 0x00, 0x00, 0xFF,
  0xFF, 0xFF, 0xFF, 0xF0, 0x01, 0xFF, 0xFF, 0xFF, 0xFF, 0xFC, 0x03, 0xFF,
  0xFF, 0xFF, 0xFF, 0xFC, 0x07, 0xFF, 0xFF, 0xFF, 0xFF, 0xFE, 0x0F, 0xFF,
  0xFF, 0xFF, 0xFF, 0xFE, 0x1F, 0xFF, 0xFF, 0xFF, 0xFF, 0xFE, 0x3F, 0xFF,
  0xFF, 0xFF, 0xFF, 0xFC, 0x7F, 0xFF, 0xFF, 0xFF, 0xFF, 0xFC, 0xFF, 0xFF,
  0xFF, 0xFF, 0xFF, 0xFD, 0xFF, 0xFF, 0xFF, 0xFF, 0xFF, 0xF8, 0x00, 0x00,
  0x00, 0x00, 0xFF, 0xF0, 0x00, 0x00, 0x00, 0x00, 0xFF, 0xF0, 0x00, 0x00,
  0x00, 0x00, 0xFF, 0xE0, 0x00, 0x00, 0x00, 0x01, 0xFF, 0xC0, 0x00, 0x00,
  0x00, 0x03, 0xFF, 0x80, 0x00, 0x00, 0x00, 0x07, 0xFF, 0x00, 0x00, 0x00,
  0x00, 0x0F, 0xFE, 0x00, 0x00, 0x00, 0x00, 0x1F, 0xFC, 0x00, 0x00, 0x00,
  0x00, 0x7F, 0xF8, 0x00, 0x00, 0x00, 0x03, 0xFF, 0xF0, 0x00, 0x00, 0x00,
  0x1F, 0xFF, 0xE0, 0x00, 0x00, 0x01, 0xFF, 0xFF, 0xC0, 0x00, 0x00, 0x1F,
  0xFF, 0xFF, 0x00, 0x00, 0x01, 0xFF, 0xFF, 0xFE, 0x00, 0x00, 0x0F, 0xFF,
  0xFF, 0xFC, 0x00, 0x00, 0x3F, 0xFF, 0xFF, 0xF0, 0x00, 0x00, 0xFF, 0xFF,
  0xFF, 0xC0, 0x00, 0x03, 0xFF, 0xFF, 0xFF, 0x00, 0x00, 0x0F, 0xFF, 0xFF,
  0xFC, 0x00, 0x00, 0x1F, 0xFF, 0xFF, 0xE0, 0x00, 0x00, 0x3F, 0xFF, 0xFE,
  0x00, 0x00, 0x00, 0xFF, 0xFF, 0xE0, 0x00, 0x00, 0x01, 0xFF, 0xFE, 0x00,
  0x00, 0x00, 0x03, 0xFF, 0xE0, 0x00, 0x00, 0x00, 0x07, 0xFF, 0x80, 0x00,
  0x00, 0x00, 0x0F, 0xFE, 0x00, 0x00, 0x00, 0x00, 0x1F, 0xFC, 0x00, 0x00,
  0x00, 0x00, 0x3F, 0xF8, 0x00, 0x00, 0x00, 0x00, 0x7F, 0xF0, 0x00, 0x00,
  0x00, 0x00, 0xFF, 0xE0, 0x00, 0x00, 0x00, 0x01, 0xFF, 0xC0, 0x00, 0x00,
  0x00, 0x03, 0xFF, 0x80, 0x00, 0x00, 0x00, 0x07, 0xFF, 0x00, 0x00, 0x00,
  0x00, 0x00, 0x00, 0x00, 0x00, 0x00, 0x00, 0x00, 0x00, 0x00, 0x00, 0x00,
  0x00, 0x00, 0x00, 0x00, 0x00, 0x00, 0x00, 0x00, 0x00, 0x00, 0x00, 0x00,
  0x00, 0x00, 0x00, 0x00, 0x00, 0x00, 0x01, 0xFF, 0xC0, 0x00, 0x00, 0x00,
  0x03, 0xFF, 0x80, 0x00, 0x00, 0x00, 0x07, 0xFF, 0x00, 0x00, 0x00, 0x00,
  0x0F, 0xFE, 0x00, 0x00, 0x00, 0x00, 0x1F, 0xFC, 0x00, 0x00, 0x00, 0x00,
  0x3F, 0xF8, 0x00, 0x00, 0x00, 0x00, 0x7F, 0xF0, 0x00, 0x00, 0x00, 0x00,
  0xFF, 0xE0, 0x00, 0x00, 0x00, 0x01, 0xFF, 0xC0, 0x00, 0x00, 0x00, 0x03,
  0xFF, 0x80, 0x00, 0x00, 0x00, 0x00, 0x00, 0x01, 0xFF, 0xE0, 0x00, 0x00,
  0x00, 0x00, 0x00, 0x00, 0x07, 0xFF, 0xFF, 0x80, 0x00, 0x00, 0x00, 0x00,
  0x00, 0x0F, 0xFF, 0xFF, 0xFC, 0x00, 0x00, 0x00, 0x00, 0x00, 0x1F, 0xFF,
  0xFF, 0xFF, 0xE0, 0x00, 0x00, 0x00, 0x00, 0x1F, 0xFF, 0xFF, 0xFF, 0xFE,
  0x00, 0x00, 0x00, 0x00, 0x0F, 0xFF, 0xFF, 0xFF, 0xFF, 0xC0, 0x00, 0x00,
  0x00, 0x0F, 0xFF, 0xFF, 0xFF, 0xFF, 0xFC, 0x00, 0x00, 0x00, 0x07, 0xFF,
  0xFF, 0xFF, 0xFF, 0xFF, 0x80, 0x00, 0x00, 0x07, 0xFF, 0xFF, 0xFF, 0xFF,
  0xFF, 0xF8, 0x00, 0x00, 0x03, 0xFF, 0xFF, 0xFF, 0xFF, 0xFF, 0xFF, 0x00,
  0x00, 0x01, 0xFF, 0xFF, 0xF0, 0x03, 0xFF, 0xFF, 0xE0, 0x00, 0x00, 0xFF,
  0xFF, 0xE0, 0x00, 0x1F, 0xFF, 0xFC, 0x00, 0x00, 0x7F, 0xFF, 0xC0, 0x00,
  0x00, 0xFF, 0xFF, 0x80, 0x00, 0x1F, 0xFF, 0xC0, 0x00, 0x00, 0x0F, 0xFF,
  0xF0, 0x00, 0x0F, 0xFF, 0xE0, 0x00, 0x00, 0x01, 0xFF, 0xFC, 0x00, 0x07,
  0xFF, 0xE0, 0x00, 0x00, 0x00, 0x1F, 0xFF, 0x80, 0x03, 0xFF, 0xF0, 0x00,
  0x00, 0x00, 0x03, 0xFF, 0xF0, 0x00, 0xFF, 0xF8, 0x00, 0x00, 0x00, 0x00,
  0x7F, 0xFC, 0x00, 0x7F, 0xFC, 0x00, 0x00, 0x00, 0x00, 0x0F, 0xFF, 0x80,
  0x1F, 0xFE, 0x00, 0x00, 0x00, 0x00, 0x01, 0xFF, 0xE0, 0x0F, 0xFF, 0x00,
  0x00, 0x00, 0x00, 0x00, 0x7F, 0xFC, 0x03, 0xFF, 0xC0, 0x01, 0xFF, 0xFE,
  0x00, 0x0F, 0xFF, 0x01, 0xFF, 0xE0, 0x03, 0xFF, 0xFF, 0xF0, 0x01, 0xFF,
  0xE0, 0x7F, 0xF8, 0x03, 0xFF, 0xFF, 0xFE, 0x00, 0x7F, 0xF8, 0x3F, 0xFC,
  0x01, 0xFF, 0xFF, 0xFF, 0xE0, 0x0F, 0xFF, 0x0F, 0xFF, 0x00, 0xFF, 0xFF,
  0xFF, 0xFC, 0x03, 0xFF, 0xC3, 0xFF, 0x80, 0x7F, 0xFF, 0xFF, 0xFF, 0x80,
  0x7F, 0xF1, 0xFF, 0xE0, 0x3F, 0xFF, 0xFF, 0xFF, 0xF0, 0x1F, 0xFE, 0x7F,
  0xF0, 0x0F, 0xFF, 0xFF, 0xFF, 0xFC, 0x03, 0xFF, 0x9F, 0xFC, 0x07, 0xFF,
  0xFF, 0xFF, 0xFF, 0x80, 0xFF, 0xE7, 0xFF, 0x01, 0xFF, 0xFF, 0xFF, 0xFF,
  0xE0, 0x3F, 0xFB, 0xFF, 0xC0, 0xFF, 0xF8, 0x00, 0x7F, 0xF8, 0x0F, 0xFF,
  0xFF, 0xE0, 0x3F, 0xFC, 0x00, 0x0F, 0xFF, 0x01, 0xFF, 0xFF, 0xF8, 0x0F,
  0xFE, 0x00, 0x01, 0xFF, 0xC0, 0x7F, 0xFF, 0xFE, 0x03, 0xFF, 0x80, 0x00,
  0x7F, 0xF0, 0x1F, 0xFF, 0xFF, 0x80, 0xFF, 0xE0, 0x00, 0x1F, 0xFC, 0x07,
  0xFF, 0xFF, 0xE0, 0x3F, 0xF8, 0x00, 0x07, 0xFF, 0x01, 0xFF, 0xFF, 0xF8,
  0x0F, 0xFE, 0x00, 0x01, 0xFF, 0xC0, 0x7F, 0xFF, 0xFE, 0x03, 0xFF, 0x80,
  0x00, 0x7F, 0xF0, 0x1F, 0xFF, 0xFF, 0x80, 0xFF, 0xE0, 0x00, 0x1F, 0xFC,
  0x07, 0xFF, 0xFF, 0xE0, 0x3F, 0xF8, 0x00, 0x07, 0xFF, 0x01, 0xFF, 0xFF,
  0xF8, 0x0F, 0xFE, 0x00, 0x01, 0xFF, 0xC0, 0x7F, 0xFF, 0xFE, 0x03, 0xFF,
  0xC0, 0x00, 0xFF, 0xF0, 0x1F, 0xFF, 0xFF, 0xC0, 0xFF, 0xF8, 0x00, 0x7F,
  0xFC, 0x07, 0xFE, 0x7F, 0xF0, 0x1F, 0xFF, 0xFF, 0xFF, 0xFF, 0x03, 0xFF,
  0x9F, 0xFC, 0x07, 0xFF, 0xFF, 0xFF, 0xFF, 0xE0, 0xFF, 0xE7, 0xFF, 0x00,
  0xFF, 0xFF, 0xFF, 0xFF, 0xFC, 0x7F, 0xF9, 0xFF, 0xE0, 0x3F, 0xFF, 0xFF,
  0xFF, 0xFF, 0xFF, 0xFC, 0x3F, 0xF8, 0x07, 0xFF, 0xFF, 0xFF, 0xFF, 0xFF,
  0xFF, 0x0F, 0xFF, 0x00, 0xFF, 0xFF, 0xFF, 0xFF, 0xFF, 0xFF, 0x83, 0xFF,
  0xC0, 0x1F, 0xFF, 0xFF, 0xFF, 0xFF, 0xFF, 0xE0, 0x7F, 0xF8, 0x03, 0xFF,
  0xFF, 0xFF, 0xFF, 0xFF, 0xF0, 0x1F, 0xFE, 0x00, 0x3F, 0xFF, 0xFF, 0x7F,
  0xFF, 0xFC, 0x03, 0xFF, 0xC0, 0x01, 0xFF, 0xFE, 0x0F, 0xFF, 0xFE, 0x00,
  0xFF, 0xF0, 0x00, 0x00, 0x00, 0x01, 0xFF, 0xFE, 0x00, 0x1F, 0xFE, 0x00,
  0x00, 0x00, 0x00, 0x1F, 0xFF, 0x00, 0x07, 0xFF, 0xC0, 0x00, 0x00, 0x00,
  0x01, 0xFE, 0x00, 0x00, 0xFF, 0xF8, 0x00, 0x00, 0x00, 0x00, 0x00, 0x00,
  0x00, 0x3F, 0xFF, 0x00, 0x00, 0x00, 0x00, 0x00, 0x00, 0x00, 0x07, 0xFF,
  0xE0, 0x00, 0x00, 0x00, 0x00, 0x00, 0x00, 0x00, 0xFF, 0xFE, 0x00, 0x00,
  0x00, 0x00, 0x00, 0x00, 0x00, 0x1F, 0xFF, 0xC0, 0x00, 0x00, 0x00, 0x00,
  0x00, 0x00, 0x07, 0xFF, 0xFC, 0x00, 0x00, 0x00, 0x00, 0x00, 0x00, 0x00,
  0xFF, 0xFF, 0xC0, 0x00, 0x00, 0x00, 0x00, 0x00, 0x00, 0x1F, 0xFF, 0xFF,
  0x00, 0x00, 0x00, 0x00, 0x00, 0x00, 0x03, 0xFF, 0xFF, 0xFE, 0x00, 0x00,
  0x00, 0x00, 0x00, 0x00, 0x3F, 0xFF, 0xFF, 0x80, 0x00, 0x00, 0x00, 0x00,
  0x00, 0x07, 0xFF, 0xFF, 0xE0, 0x00, 0x00, 0x00, 0x00, 0x00, 0x00, 0xFF,
  0xFF, 0xF8, 0x00, 0x00, 0x00, 0x00, 0x00, 0x00, 0x0F, 0xFF, 0xFE, 0x00,
  0x00, 0x00, 0x00, 0x00, 0x00, 0x01, 0xFF, 0xFF, 0x80, 0x00, 0x00, 0x00,
  0x00, 0x00, 0x00, 0x1F, 0xFF, 0xE0, 0x00, 0x00, 0x00, 0x00, 0x00, 0x00,
  0x00, 0xFF, 0xF8, 0x00, 0x00, 0x00, 0x00, 0x00, 0x00, 0x00, 0x07, 0xFE,
  0x00, 0x00, 0x00, 0x00, 0x00, 0x00, 0x00, 0x00, 0x1F, 0x80, 0x00, 0x00,
  0x00, 0x00, 0x00, 0x00, 0x00, 0xFF, 0xFC, 0x00, 0x00, 0x00, 0x00, 0x00,
  0x03, 0xFF, 0xF8, 0x00, 0x00, 0x00, 0x00, 0x00, 0x1F, 0xFF, 0xE0, 0x00,
  0x00, 0x00, 0x00, 0x00, 0x7F, 0xFF, 0x80, 0x00, 0x00, 0x00, 0x00, 0x03,
  0xFF, 0xFF, 0x00, 0x00, 0x00, 0x00, 0x00, 0x0F, 0xFF, 0xFC, 0x00, 0x00,
  0x00, 0x00, 0x00, 0x7F, 0xFF, 0xF8, 0x00, 0x00, 0x00, 0x00, 0x01, 0xFF,
  0xFF, 0xE0, 0x00, 0x00, 0x00, 0x00, 0x07, 0xFF, 0xFF, 0xC0, 0x00, 0x00,
  0x00, 0x00, 0x3F, 0xFF, 0xFF, 0x00, 0x00, 0x00, 0x00, 0x00, 0xFF, 0xFF,
  0xFC, 0x00, 0x00, 0x00, 0x00, 0x07, 0xFF, 0xFF, 0xF8, 0x00, 0x00, 0x00,
  0x00, 0x1F, 0xFC, 0xFF, 0xE0, 0x00, 0x00, 0x00, 0x00, 0xFF, 0xF3, 0xFF,
  0xC0, 0x00, 0x00, 0x00, 0x03, 0xFF, 0x87, 0xFF, 0x00, 0x00, 0x00, 0x00,
  0x0F, 0xFE, 0x1F, 0xFC, 0x00, 0x00, 0x00, 0x00, 0x7F, 0xF8, 0x3F, 0xF8,
  0x00, 0x00, 0x00, 0x01, 0xFF, 0xC0, 0xFF, 0xE0, 0x00, 0x00, 0x00, 0x0F,
  0xFF, 0x03, 0xFF, 0xC0, 0x00, 0x00, 0x00, 0x3F, 0xF8, 0x07, 0xFF, 0x00,
  0x00, 0x00, 0x00, 0xFF, 0xE0, 0x1F, 0xFE, 0x00, 0x00, 0x00, 0x07, 0xFF,
  0x80, 0x3F, 0xF8, 0x00, 0x00, 0x00, 0x1F, 0xFC, 0x00, 0xFF, 0xE0, 0x00,
  0x00, 0x00, 0xFF, 0xF0, 0x03, 0xFF, 0xC0, 0x00, 0x00, 0x03, 0xFF, 0x80,
  0x07, 0xFF, 0x00, 0x00, 0x00, 0x1F, 0xFE, 0x00, 0x1F, 0xFE, 0x00, 0x00,
  0x00, 0x7F, 0xF0, 0x00, 0x3F, 0xF8, 0x00, 0x00, 0x01, 0xFF, 0xC0, 0x00,
  0xFF, 0xE0, 0x00, 0x00, 0x0F, 0xFF, 0x00, 0x01, 0xFF, 0xC0, 0x00, 0x00,
  0x3F, 0xF8, 0x00, 0x07, 0xFF, 0x00, 0x00, 0x01, 0xFF, 0xE0, 0x00, 0x1F,
  0xFE, 0x00, 0x00, 0x07, 0xFF, 0x00, 0x00, 0x3F, 0xF8, 0x00, 0x00, 0x1F,
  0xFC, 0x00, 0x00, 0xFF, 0xF0, 0x00, 0x00, 0xFF, 0xE0, 0x00, 0x01, 0xFF,
  0xC0, 0x00, 0x03, 0xFF, 0x80, 0x00, 0x07, 0xFF, 0x00, 0x00, 0x1F, 0xFE,
  0x00, 0x00, 0x1F, 0xFE, 0x00, 0x00, 0x7F, 0xF0, 0x00, 0x00, 0x3F, 0xF8,
  0x00, 0x03, 0xFF, 0xFF, 0xFF, 0xFF, 0xFF, 0xF0, 0x00, 0x0F, 0xFF, 0xFF,
  0xFF, 0xFF, 0xFF, 0xC0, 0x00, 0x3F, 0xFF, 0xFF, 0xFF, 0xFF, 0xFF, 0x00,
  0x01, 0xFF, 0xFF, 0xFF, 0xFF, 0xFF, 0xFE, 0x00, 0x07, 0xFF, 0xFF, 0xFF,
  0xFF, 0xFF, 0xF8, 0x00, 0x3F, 0xFF, 0xFF, 0xFF, 0xFF, 0xFF, 0xF0, 0x00,
  0xFF, 0xFF, 0xFF, 0xFF, 0xFF, 0xFF, 0xC0, 0x07, 0xFF, 0xFF, 0xFF, 0xFF,
  0xFF, 0xFF, 0x80, 0x1F, 0xFF, 0xFF, 0xFF, 0xFF, 0xFF, 0xFE, 0x00, 0x7F,
  0xFF, 0xFF, 0xFF, 0xFF, 0xFF, 0xF8, 0x03, 0xFF, 0x80, 0x00, 0x00, 0x00,
  0x7F, 0xF0, 0x0F, 0xFE, 0x00, 0x00, 0x00, 0x01, 0xFF, 0xC0, 0x7F, 0xF8,
  0x00, 0x00, 0x00, 0x03, 0xFF, 0x81, 0xFF, 0xC0, 0x00, 0x00, 0x00, 0x0F,
  0xFE, 0x07, 0xFF, 0x00, 0x00, 0x00, 0x00, 0x3F, 0xFC, 0x3F, 0xF8, 0x00,
  0x00, 0x00, 0x00, 0x7F, 0xF0, 0xFF, 0xE0, 0x00, 0x00, 0x00, 0x01, 0xFF,
  0xC7, 0xFF, 0x00, 0x00, 0x00, 0x00, 0x03, 0xFF, 0x9F, 0xFC, 0x00, 0x00,
  0x00, 0x00, 0x0F, 0xFE, 0xFF, 0xF0, 0x00, 0x00, 0x00, 0x00, 0x3F, 0xFF,
  0xFF, 0x80, 0x00, 0x00, 0x00, 0x00, 0x7F, 0xF0, 0xFF, 0xFF, 0xFF, 0xFF,
  0xFF, 0xF0, 0x03, 0xFF, 0xFF, 0xFF, 0xFF, 0xFF, 0xF8, 0x0F, 0xFF, 0xFF,
  0xFF, 0xFF, 0xFF, 0xF0, 0x3F, 0xFF, 0xFF, 0xFF, 0xFF, 0xFF, 0xF0, 0xFF,
  0xFF, 0xFF, 0xFF, 0xFF, 0xFF, 0xE3, 0xFF, 0xFF, 0xFF, 0xFF, 0xFF, 0xFF,
  0x8F, 0xFF, 0xFF, 0xFF, 0xFF, 0xFF, 0xFF, 0x3F, 0xFF, 0xFF, 0xFF, 0xFF,
  0xFF, 0xFE, 0xFF, 0xFF, 0xFF, 0xFF, 0xFF, 0xFF, 0xFB, 0xFF, 0xFF, 0xFF,
  0xFF, 0xFF, 0xFF, 0xEF, 0xFE, 0x00, 0x00, 0x00, 0x03, 0xFF, 0xFF, 0xF8,
  0x00, 0x00, 0x00, 0x07, 0xFF, 0xFF, 0xE0, 0x00, 0x00, 0x00, 0x1F, 0xFF,
  0xFF, 0x80, 0x00, 0x00, 0x00, 0x7F, 0xFF, 0xFE, 0x00, 0x00, 0x00, 0x01,
  0xFF, 0xFF, 0xF8, 0x00, 0x00, 0x00, 0x07, 0xFF, 0xFF, 0xE0, 0x00, 0x00,
  0x00, 0x1F, 0xFF, 0xFF, 0x80, 0x00, 0x00, 0x00, 0x7F, 0xFF, 0xFE, 0x00,
  0x00, 0x00, 0x01, 0xFF, 0xFF, 0xF8, 0x00, 0x00, 0x00, 0x07, 0xFF, 0xFF,
  0xE0, 0x00, 0x00, 0x00, 0x1F, 0xFF, 0xFF, 0x80, 0x00, 0x00, 0x00, 0x7F,
  0xFF, 0xFE, 0x00, 0x00, 0x00, 0x01, 0xFF, 0xFF, 0xF8, 0x00, 0x00, 0x00,
  0x0F, 0xFF, 0xFF, 0xFF, 0xFF, 0xFF, 0xFF, 0xFF, 0xFB, 0xFF, 0xFF, 0xFF,
  0xFF, 0xFF, 0xFF, 0xEF, 0xFF, 0xFF, 0xFF, 0xFF, 0xFF, 0xFF, 0xBF, 0xFF,
  0xFF, 0xFF, 0xFF, 0xFF, 0xFC, 0xFF, 0xFF, 0xFF, 0xFF, 0xFF, 0xFF, 0xE3,
  0xFF, 0xFF, 0xFF, 0xFF, 0xFF, 0xFF, 0x8F, 0xFF, 0xFF, 0xFF, 0xFF, 0xFF,
  0xFF, 0x3F, 0xFF, 0xFF, 0xFF, 0xFF, 0xFF, 0xFE, 0xFF, 0xFF, 0xFF, 0xFF,
  0xFF, 0xFF, 0xFB, 0xFF, 0xFF, 0xFF, 0xFF, 0xFF, 0xFF, 0xEF, 0xFE, 0x00,
  0x00, 0x00, 0x03, 0xFF, 0xFF, 0xF8, 0x00, 0x00, 0x00, 0x07, 0xFF, 0xFF,
  0xE0, 0x00, 0x00, 0x00, 0x1F, 0xFF, 0xFF, 0x80, 0x00, 0x00, 0x00, 0x7F,
  0xFF, 0xFE, 0x00, 0x00, 0x00, 0x01, 0xFF, 0xFF, 0xF8, 0x00, 0x00, 0x00,
  0x07, 0xFF, 0xFF, 0xE0, 0x00, 0x00, 0x00, 0x1F, 0xFF, 0xFF, 0x80, 0x00,
  0x00, 0x00, 0x7F, 0xFF, 0xFE, 0x00, 0x00, 0x00, 0x01, 0xFF, 0xFF, 0xF8,
  0x00, 0x00, 0x00, 0x07, 0xFF, 0xFF, 0xE0, 0x00, 0x00, 0x00, 0x1F, 0xFF,
  0xFF, 0x80, 0x00, 0x00, 0x00, 0x7F, 0xFF, 0xFE, 0x00, 0x00, 0x00, 0x01,
  0xFF, 0xFF, 0xF8, 0x00, 0x00, 0x00, 0x0F, 0xFF, 0xFF, 0xFF, 0xFF, 0xFF,
  0xFF, 0xFF, 0xFB, 0xFF, 0xFF, 0xFF, 0xFF, 0xFF, 0xFF, 0xEF, 0xFF, 0xFF,
  0xFF, 0xFF, 0xFF, 0xFF, 0xBF, 0xFF, 0xFF, 0xFF, 0xFF, 0xFF, 0xFC, 0xFF,
  0xFF, 0xFF, 0xFF, 0xFF, 0xFF, 0xE3, 0xFF, 0xFF, 0xFF, 0xFF, 0xFF, 0xFF,
  0x8F, 0xFF, 0xFF, 0xFF, 0xFF, 0xFF, 0xFC, 0x3F, 0xFF, 0xFF, 0xFF, 0xFF,
  0xFF, 0xC0, 0xFF, 0xFF, 0xFF, 0xFF, 0xFF, 0xFE, 0x03, 0xFF, 0xFF, 0xFF,
  0xFF, 0xFF, 0xC0, 0x00, 0x00, 0x1F, 0xFF, 0xFF, 0xFF, 0xFF, 0xFC, 0x03,
  0xFF, 0xFF, 0xFF, 0xFF, 0xFF, 0xF0, 0x1F, 0xFF, 0xFF, 0xFF, 0xFF, 0xFF,
  0xC1, 0xFF, 0xFF, 0xFF, 0xFF, 0xFF, 0xFF, 0x0F, 0xFF, 0xFF, 0xFF, 0xFF,
  0xFF, 0xFC, 0x7F, 0xFF, 0xFF, 0xFF, 0xFF, 0xFF, 0xF1, 0xFF, 0xFF, 0xFF,
  0xFF, 0xFF, 0xFF, 0xCF, 0xFF, 0xFF, 0xFF, 0xFF, 0xFF, 0xFF, 0x7F, 0xFF,
  0xFF, 0xFF, 0xFF, 0xFF, 0xFD, 0xFF, 0xFF, 0xFF, 0xFF, 0xFF, 0xFF, 0xF7,
  0xFF, 0x80, 0x00, 0x00, 0x00, 0x00, 0x3F, 0xFC, 0x00, 0x00, 0x00, 0x00,
  0x00, 0xFF, 0xE0, 0x00, 0x00, 0x00, 0x00, 0x03, 0xFF, 0x80, 0x00, 0x00,
  0x00, 0x00, 0x0F, 0xFE, 0x00, 0x00, 0x00, 0x00, 0x00, 0x3F, 0xF8, 0x00,
  0x00, 0x00, 0x00, 0x00, 0xFF, 0xE0, 0x00, 0x00, 0x00, 0x00, 0x03, 0xFF,
  0x80, 0x00, 0x00, 0x00, 0x00, 0x0F, 0xFE, 0x00, 0x00, 0x00, 0x00, 0x00,
  0x3F, 0xF8, 0x00, 0x00, 0x00, 0x00, 0x00, 0xFF, 0xE0, 0x00, 0x00, 0x00,
  0x00, 0x03, 0xFF, 0x80, 0x00, 0x00, 0x00, 0x00, 0x0F, 0xFE, 0x00, 0x00,
  0x00, 0x00, 0x00, 0x3F, 0xF8, 0x00, 0x00, 0x00, 0x00, 0x00, 0xFF, 0xE0,
  0x00, 0x00, 0x00, 0x00, 0x03, 0xFF, 0x80, 0x00, 0x00, 0x00, 0x00, 0x0F,
  0xFE, 0x00, 0x00, 0x00, 0x00, 0x00, 0x3F, 0xF8, 0x00, 0x00, 0x00, 0x00,
  0x00, 0xFF, 0xE0, 0x00, 0x00, 0x00, 0x00, 0x03, 0xFF, 0x80, 0x00, 0x00,
  0x00, 0x00, 0x0F, 0xFE, 0x00, 0x00, 0x00, 0x00, 0x00, 0x3F, 0xF8, 0x00,
  0x00, 0x00, 0x00, 0x00, 0xFF, 0xE0, 0x00, 0x00, 0x00, 0x00, 0x03, 0xFF,
  0x80, 0x00, 0x00, 0x00, 0x00, 0x0F, 0xFE, 0x00, 0x00, 0x00, 0x00, 0x00,
  0x3F, 0xF8, 0x00, 0x00, 0x00, 0x00, 0x00, 0xFF, 0xE0, 0x00, 0x00, 0x00,
  0x00, 0x03, 0xFF, 0x80, 0x00, 0x00, 0x00, 0x00, 0x0F, 0xFE, 0x00, 0x00,
  0x00, 0x00, 0x00, 0x3F, 0xF8, 0x00, 0x00, 0x00, 0x00, 0x00, 0xFF, 0xE0,
  0x00, 0x00, 0x00, 0x00, 0x03, 0xFF, 0x80, 0x00, 0x00, 0x00, 0x00, 0x0F,
  0xFE, 0x00, 0x00, 0x00, 0x00, 0x00, 0x3F, 0xF8, 0x00, 0x00, 0x00, 0x00,
  0x00, 0xFF, 0xE0, 0x00, 0x00, 0x00, 0x00, 0x03, 0xFF, 0x80, 0x00, 0x00,
  0x00, 0x00, 0x0F, 0xFF, 0x00, 0x00, 0x00, 0x00, 0x00, 0x1F, 0xFE, 0x00,
  0x00, 0x00, 0x00, 0x00, 0x7F, 0xFF, 0xFF, 0xFF, 0xFF, 0xFF, 0xFD, 0xFF,
  0xFF, 0xFF, 0xFF, 0xFF, 0xFF, 0xF3, 0xFF, 0xFF, 0xFF, 0xFF, 0xFF, 0xFF,
  0xC7, 0xFF, 0xFF, 0xFF, 0xFF, 0xFF, 0xFF, 0x1F, 0xFF, 0xFF, 0xFF, 0xFF,
  0xFF, 0xFC, 0x3F, 0xFF, 0xFF, 0xFF, 0xFF, 0xFF, 0xF0, 0x7F, 0xFF, 0xFF,
  0xFF, 0xFF, 0xFF, 0xC0, 0xFF, 0xFF, 0xFF, 0xFF, 0xFF, 0xFF, 0x00, 0xFF,
  0xFF, 0xFF, 0xFF, 0xFF, 0xFC, 0x00, 0x7F, 0xFF, 0xFF, 0xFF, 0xFF, 0xF0,
  0xFF, 0xFF, 0xFF, 0xFF, 0xFF, 0xE0, 0x03, 0xFF, 0xFF, 0xFF, 0xFF, 0xFF,
  0xF0, 0x0F, 0xFF, 0xFF, 0xFF, 0xFF, 0xFF, 0xE0, 0x3F, 0xFF, 0xFF, 0xFF,
  0xFF, 0xFF, 0xE0, 0xFF, 0xFF, 0xFF, 0xFF, 0xFF, 0xFF, 0xC3, 0xFF, 0xFF,
  0xFF, 0xFF, 0xFF, 0xFF, 0x8F, 0xFF, 0xFF, 0xFF, 0xFF, 0xFF, 0xFE, 0x3F,
  0xFF, 0xFF, 0xFF, 0xFF, 0xFF, 0xFC, 0xFF, 0xFF, 0xFF, 0xFF, 0xFF, 0xFF,
  0xFB, 0xFF, 0xFF, 0xFF, 0xFF, 0xFF, 0xFF, 0xEF, 0xFE, 0x00, 0x00, 0x00,
  0x07, 0xFF, 0xBF, 0xF8, 0x00, 0x00, 0x00, 0x0F, 0xFF, 0xFF, 0xE0, 0x00,
  0x00, 0x00, 0x1F, 0xFF, 0xFF, 0x80, 0x00, 0x00, 0x00, 0x7F, 0xFF, 0xFE,
  0x00, 0x00, 0x00, 0x01, 0xFF, 0xFF, 0xF8, 0x00, 0x00, 0x00, 0x07, 0xFF,
  0xFF, 0xE0, 0x00, 0x00, 0x00, 0x1F, 0xFF, 0xFF, 0x80, 0x00, 0x00, 0x00,
  0x7F, 0xFF, 0xFE, 0x00, 0x00, 0x00, 0x01, 0xFF, 0xFF, 0xF8, 0x00, 0x00,
  0x00, 0x07, 0xFF, 0xFF, 0xE0, 0x00, 0x00, 0x00, 0x1F, 0xFF, 0xFF, 0x80,
  0x00, 0x00, 0x00, 0x7F, 0xFF, 0xFE, 0x00, 0x00, 0x00, 0x01, 0xFF, 0xFF,
  0xF8, 0x00, 0x00, 0x00, 0x07, 0xFF, 0xFF, 0xE0, 0x00, 0x00, 0x00, 0x1F,
  0xFF, 0xFF, 0x80, 0x00, 0x00, 0x00, 0x7F, 0xFF, 0xFE, 0x00, 0x00, 0x00,
  0x01, 0xFF, 0xFF, 0xF8, 0x00, 0x00, 0x00, 0x07, 0xFF, 0xFF, 0xE0, 0x00,
  0x00, 0x00, 0x1F, 0xFF, 0xFF, 0x80, 0x00, 0x00, 0x00, 0x7F, 0xFF, 0xFE,
  0x00, 0x00, 0x00, 0x01, 0xFF, 0xFF, 0xF8, 0x00, 0x00, 0x00, 0x07, 0xFF,
  0xFF, 0xE0, 0x00, 0x00, 0x00, 0x1F, 0xFF, 0xFF, 0x80, 0x00, 0x00, 0x00,
  0x7F, 0xFF, 0xFE, 0x00, 0x00, 0x00, 0x01, 0xFF, 0xFF, 0xF8, 0x00, 0x00,
  0x00, 0x07, 0xFF, 0xFF, 0xE0, 0x00, 0x00, 0x00, 0x1F, 0xFF, 0xFF, 0x80,
  0x00, 0x00, 0x00, 0x7F, 0xFF, 0xFE, 0x00, 0x00, 0x00, 0x01, 0xFF, 0xFF,
  0xF8, 0x00, 0x00, 0x00, 0x07, 0xFF, 0xFF, 0xE0, 0x00, 0x00, 0x00, 0x1F,
  0xFF, 0xFF, 0x80, 0x00, 0x00, 0x00, 0x7F, 0xFF, 0xFE, 0x00, 0x00, 0x00,
  0x01, 0xFF, 0xFF, 0xF8, 0x00, 0x00, 0x00, 0x07, 0xFF, 0xFF, 0xE0, 0x00,
  0x00, 0x00, 0x1F, 0xFF, 0xFF, 0x80, 0x00, 0x00, 0x00, 0x7F, 0xFF, 0xFE,
  0x00, 0x00, 0x00, 0x03, 0xFF, 0xFF, 0xF8, 0x00, 0x00, 0x00, 0x1F, 0xFE,
  0xFF, 0xFF, 0xFF, 0xFF, 0xFF, 0xFF, 0xFB, 0xFF, 0xFF, 0xFF, 0xFF, 0xFF,
  0xFF, 0xEF, 0xFF, 0xFF, 0xFF, 0xFF, 0xFF, 0xFF, 0x3F, 0xFF, 0xFF, 0xFF,
  0xFF, 0xFF, 0xF8, 0xFF, 0xFF, 0xFF, 0xFF, 0xFF, 0xFF, 0xE3, 0xFF, 0xFF,
  0xFF, 0xFF, 0xFF, 0xFF, 0x0F, 0xFF, 0xFF, 0xFF, 0xFF, 0xFF, 0xF8, 0x3F,
  0xFF, 0xFF, 0xFF, 0xFF, 0xFF, 0xC0, 0xFF, 0xFF, 0xFF, 0xFF, 0xFF, 0xFC,
  0x03, 0xFF, 0xFF, 0xFF, 0xFF, 0xFF, 0x80, 0x00, 0xFF, 0xFF, 0xFF, 0xFF,
  0xFF, 0xFF, 0xFF, 0xFF, 0xFF, 0xFF, 0xFF, 0xFF, 0xFF, 0xFF, 0xFF, 0xFF,
  0xFF, 0xFF, 0xFF, 0xFF, 0xFF, 0xFF, 0xFF, 0xFF, 0xFF, 0xFF, 0xFF, 0xFF,
  0xFF, 0xFF, 0xFF, 0xFF, 0xFF, 0xFF, 0xFF, 0xFF, 0xFF, 0xFF, 0xFF, 0xFF,
  0xFF, 0xFF, 0xFF, 0xFF, 0xFF, 0xFF, 0xFF, 0xFF, 0xFF, 0xFF, 0xFF, 0xFF,
  0xFF, 0xFF, 0xFF, 0xFF, 0xFF, 0xFF, 0xFF, 0xFF, 0xFF, 0xFF, 0xF8, 0x00,
  0x00, 0x00, 0x00, 0x1F, 0xFC, 0x00, 0x00, 0x00, 0x00, 0x0F, 0xFE, 0x00,
  0x00, 0x00, 0x00, 0x07, 0xFF, 0x00, 0x00, 0x00, 0x00, 0x03, 0xFF, 0x80,
  0x00, 0x00, 0x00, 0x01, 0xFF, 0xC0, 0x00, 0x00, 0x00, 0x00, 0xFF, 0xE0,
  0x00, 0x00, 0x00, 0x00, 0x7F, 0xF0, 0x00, 0x00, 0x00, 0x00, 0x3F, 0xF8,
  0x00, 0x00, 0x00, 0x00, 0x1F, 0xFC, 0x00, 0x00, 0x00, 0x00, 0x0F, 0xFE,
  0x00, 0x00, 0x00, 0x00, 0x07, 0xFF, 0x00, 0x00, 0x00, 0x00, 0x03, 0xFF,
  0x80, 0x00, 0x00, 0x00, 0x01, 0xFF, 0xC0, 0x00, 0x00, 0x00, 0x00, 0xFF,
  0xFF, 0xFF, 0xFF, 0xFF, 0xC0, 0x7F, 0xFF, 0xFF, 0xFF, 0xFF, 0xE0, 0x3F,
  0xFF, 0xFF, 0xFF, 0xFF, 0xF0, 0x1F, 0xFF, 0xFF, 0xFF, 0xFF, 0xF8, 0x0F,
  0xFF, 0xFF, 0xFF, 0xFF, 0xFC, 0x07, 0xFF, 0xFF, 0xFF, 0xFF, 0xFE, 0x03,
  0xFF, 0xFF, 0xFF, 0xFF, 0xFF, 0x01, 0xFF, 0xFF, 0xFF, 0xFF, 0xFF, 0x80,
  0xFF, 0xFF, 0xFF, 0xFF, 0xFF, 0xC0, 0x7F, 0xFF, 0xFF, 0xFF, 0xFF, 0xE0,
  0x3F, 0xF8, 0x00, 0x00, 0x00, 0x00, 0x1F, 0xFC, 0x00, 0x00, 0x00, 0x00,
  0x0F, 0xFE, 0x00, 0x00, 0x00, 0x00, 0x07, 0xFF, 0x00, 0x00, 0x00, 0x00,
  0x03, 0xFF, 0x80, 0x00, 0x00, 0x00, 0x01, 0xFF, 0xC0, 0x00, 0x00, 0x00,
  0x00, 0xFF, 0xE0, 0x00, 0x00, 0x00, 0x00, 0x7F, 0xF0, 0x00, 0x00, 0x00,
  0x00, 0x3F, 0xF8, 0x00, 0x00, 0x00, 0x00, 0x1F, 0xFC, 0x00, 0x00, 0x00,
  0x00, 0x0F, 0xFE, 0x00, 0x00, 0x00, 0x00, 0x07, 0xFF, 0x00, 0x00, 0x00,
  0x00, 0x03, 0xFF, 0x80, 0x00, 0x00, 0x00, 0x01, 0xFF, 0xC0, 0x00, 0x00,
  0x00, 0x00, 0xFF, 0xFF, 0xFF, 0xFF, 0xFF, 0xFF, 0xFF, 0xFF, 0xFF, 0xFF,
  0xFF, 0xFF, 0xFF, 0xFF, 0xFF, 0xFF, 0xFF, 0xFF, 0xFF, 0xFF, 0xFF, 0xFF,
  0xFF, 0xFF, 0xFF, 0xFF, 0xFF, 0xFF, 0xFF, 0xFF, 0xFF, 0xFF, 0xFF, 0xFF,
  0xFF, 0xFF, 0xFF, 0xFF, 0xFF, 0xFF, 0xFF, 0xFF, 0xFF, 0xFF, 0xFF, 0xFF,
  0xFF, 0xFF, 0xFF, 0xFF, 0xFF, 0xFF, 0xFF, 0xFF, 0xFF, 0xFF, 0xFF, 0xFF,
  0xFF, 0xFF, 0xFF, 0xC0, 0xFF, 0xFF, 0xFF, 0xFF, 0xFF, 0xFF, 0xFF, 0xFF,
  0xFF, 0xFF, 0xFF, 0xFF, 0xFF, 0xFF, 0xFF, 0xFF, 0xFF, 0xFF, 0xFF, 0xFF,
  0xFF, 0xFF, 0xFF, 0xFF, 0xFF, 0xFF, 0xFF, 0xFF, 0xFF, 0xFF, 0xFF, 0xFF,
  0xFF, 0xFF, 0xFF, 0xFF, 0xFF, 0xFF, 0xFF, 0xFF, 0xFF, 0xFF, 0xFF, 0xFF,
  0xFF, 0xFF, 0xFF, 0xFF, 0xFF, 0xFF, 0xFF, 0xFF, 0xFF, 0xFF, 0xFF, 0xFF,
  0xFF, 0xFF, 0xFF, 0xFF, 0xFF, 0xFF, 0xF8, 0x00, 0x00, 0x00, 0x00, 0x1F,
  0xFC, 0x00, 0x00, 0x00, 0x00, 0x0F, 0xFE, 0x00, 0x00, 0x00, 0x00, 0x07,
  0xFF, 0x00, 0x00, 0x00, 0x00, 0x03, 0xFF, 0x80, 0x00, 0x00, 0x00, 0x01,
  0xFF, 0xC0, 0x00, 0x00, 0x00, 0x00, 0xFF, 0xE0, 0x00, 0x00, 0x00, 0x00,
  0x7F, 0xF0, 0x00, 0x00, 0x00, 0x00, 0x3F, 0xF8, 0x00, 0x00, 0x00, 0x00,
  0x1F, 0xFC, 0x00, 0x00, 0x00, 0x00, 0x0F, 0xFE, 0x00, 0x00, 0x00, 0x00,
  0x07, 0xFF, 0x00, 0x00, 0x00, 0x00, 0x03, 0xFF, 0x80, 0x00, 0x00, 0x00,
  0x01, 0xFF, 0xC0, 0x00, 0x00, 0x00, 0x00, 0xFF, 0xFF, 0xFF, 0xFF, 0xFF,
  0xC0, 0x7F, 0xFF, 0xFF, 0xFF, 0xFF, 0xE0, 0x3F, 0xFF, 0xFF, 0xFF, 0xFF,
  0xF0, 0x1F, 0xFF, 0xFF, 0xFF, 0xFF, 0xF8, 0x0F, 0xFF, 0xFF, 0xFF, 0xFF,
  0xFC, 0x07, 0xFF, 0xFF, 0xFF, 0xFF, 0xFE, 0x03, 0xFF, 0xFF, 0xFF, 0xFF,
  0xFF, 0x01, 0xFF, 0xFF, 0xFF, 0xFF, 0xFF, 0x80, 0xFF, 0xFF, 0xFF, 0xFF,
  0xFF, 0xC0, 0x7F, 0xFF, 0xFF, 0xFF, 0xFF, 0xE0, 0x3F, 0xF8, 0x00, 0x00,
  0x00, 0x00, 0x1F, 0xFC, 0x00, 0x00, 0x00, 0x00, 0x0F, 0xFE, 0x00, 0x00,
  0x00, 0x00, 0x07, 0xFF, 0x00, 0x00, 0x00, 0x00, 0x03, 0xFF, 0x80, 0x00,
  0x00, 0x00, 0x01, 0xFF, 0xC0, 0x00, 0x00, 0x00, 0x00, 0xFF, 0xE0, 0x00,
  0x00, 0x00, 0x00, 0x7F, 0xF0, 0x00, 0x00, 0x00, 0x00, 0x3F, 0xF8, 0x00,
  0x00, 0x00, 0x00, 0x1F, 0xFC, 0x00, 0x00, 0x00, 0x00, 0x0F, 0xFE, 0x00,
  0x00, 0x00, 0x00, 0x07, 0xFF, 0x00, 0x00, 0x00, 0x00, 0x03, 0xFF, 0x80,
  0x00, 0x00, 0x00, 0x01, 0xFF, 0xC0, 0x00, 0x00, 0x00, 0x00, 0xFF, 0xE0,
  0x00, 0x00, 0x00, 0x00, 0x7F, 0xF0, 0x00, 0x00, 0x00, 0x00, 0x3F, 0xF8,
  0x00, 0x00, 0x00, 0x00, 0x1F, 0xFC, 0x00, 0x00, 0x00, 0x00, 0x0F, 0xFE,
  0x00, 0x00, 0x00, 0x00, 0x07, 0xFF, 0x00, 0x00, 0x00, 0x00, 0x03, 0xFF,
  0x80, 0x00, 0x00, 0x00, 0x01, 0xFF, 0xC0, 0x00, 0x00, 0x00, 0x00, 0xFF,
  0xE0, 0x00, 0x00, 0x00, 0x00, 0x7F, 0xF0, 0x00, 0x00, 0x00, 0x00, 0x00,
  0x00, 0x1F, 0xFF, 0xFF, 0xFF, 0xFF, 0xFC, 0x03, 0xFF, 0xFF, 0xFF, 0xFF,
  0xFF, 0xF0, 0x1F, 0xFF, 0xFF, 0xFF, 0xFF, 0xFF, 0xC1, 0xFF, 0xFF, 0xFF,
  0xFF, 0xFF, 0xFF, 0x0F, 0xFF, 0xFF, 0xFF, 0xFF, 0xFF, 0xFC, 0x7F, 0xFF,
  0xFF, 0xFF, 0xFF, 0xFF, 0xF1, 0xFF, 0xFF, 0xFF, 0xFF, 0xFF, 0xFF, 0xCF,
  0xFF, 0xFF, 0xFF, 0xFF, 0xFF, 0xFF, 0x7F, 0xFF, 0xFF, 0xFF, 0xFF, 0xFF,
  0xFD, 0xFF, 0xFF, 0xFF, 0xFF, 0xFF, 0xFF, 0xF7, 0xFF, 0x80, 0x00, 0x00,
  0x00, 0x00, 0x3F, 0xFC, 0x00, 0x00, 0x00, 0x00, 0x00, 0xFF, 0xE0, 0x00,
  0x00, 0x00, 0x00, 0x03, 0xFF, 0x80, 0x00, 0x00, 0x00, 0x00, 0x0F, 0xFE,
  0x00, 0x00, 0x00, 0x00, 0x00, 0x3F, 0xF8, 0x00, 0x00, 0x00, 0x00, 0x00,
  0xFF, 0xE0, 0x00, 0x00, 0x00, 0x00, 0x03, 0xFF, 0x80, 0x00, 0x00, 0x00,
  0x00, 0x0F, 0xFE, 0x00, 0x00, 0x00, 0x00, 0x00, 0x3F, 0xF8, 0x00, 0x00,
  0x00, 0x00, 0x00, 0xFF, 0xE0, 0x00, 0x00, 0x00, 0x00, 0x03, 0xFF, 0x80,
  0x00, 0x00, 0x00, 0x00, 0x0F, 0xFE, 0x00, 0x00, 0x00, 0x00, 0x00, 0x3F,
  0xF8, 0x00, 0x00, 0x00, 0x00, 0x00, 0xFF, 0xE0, 0x07, 0xFF, 0xFF, 0xFF,
  0xFF, 0xFF, 0x80, 0x1F, 0xFF, 0xFF, 0xFF, 0xFF, 0xFE, 0x00, 0x7F, 0xFF,
  0xFF, 0xFF, 0xFF, 0xF8, 0x01, 0xFF, 0xFF, 0xFF, 0xFF, 0xFF, 0xE0, 0x07,
  0xFF, 0xFF, 0xFF, 0xFF, 0xFF, 0x80, 0x1F, 0xFF, 0xFF, 0xFF, 0xFF, 0xFE,
  0x00, 0x7F, 0xFF, 0xFF, 0xFF, 0xFF, 0xF8, 0x01, 0xFF, 0xFF, 0xFF, 0xFF,
  0xFF, 0xE0, 0x07, 0xFF, 0xFF, 0xFF, 0xFF, 0xFF, 0x80, 0x1F, 0xFF, 0xFF,
  0xFF, 0xFF, 0xFE, 0x00, 0x00, 0x00, 0x01, 0xFF, 0xFF, 0xF8, 0x00, 0x00,
  0x00, 0x07, 0xFF, 0xFF, 0xE0, 0x00, 0x00, 0x00, 0x1F, 0xFF, 0xFF, 0x80,
  0x00, 0x00, 0x00, 0x7F, 0xFF, 0xFE, 0x00, 0x00, 0x00, 0x01, 0xFF, 0xFF,
  0xF8, 0x00, 0x00, 0x00, 0x07, 0xFF, 0xFF, 0xE0, 0x00, 0x00, 0x00, 0x1F,
  0xFF, 0xFF, 0x80, 0x00, 0x00, 0x00, 0x7F, 0xFF, 0xFE, 0x00, 0x00, 0x00,
  0x01, 0xFF, 0xFF, 0xF8, 0x00, 0x00, 0x00, 0x07, 0xFF, 0xFF, 0xE0, 0x00,
  0x00, 0x00, 0x1F, 0xFF, 0xFF, 0x80, 0x00, 0x00, 0x00, 0x7F, 0xFF, 0xFF,
  0x00, 0x00, 0x00, 0x01, 0xFF, 0xDF, 0xFE, 0x00, 0x00, 0x00, 0x07, 0xFF,
  0x7F, 0xFF, 0xFF, 0xFF, 0xFF, 0xFF, 0xFD, 0xFF, 0xFF, 0xFF, 0xFF, 0xFF,
  0xFF, 0xF3, 0xFF, 0xFF, 0xFF, 0xFF, 0xFF, 0xFF, 0xC7, 0xFF, 0xFF, 0xFF,
  0xFF, 0xFF, 0xFF, 0x1F, 0xFF, 0xFF, 0xFF, 0xFF, 0xFF, 0xFC, 0x3F, 0xFF,
  0xFF, 0xFF, 0xFF, 0xFF, 0xF0, 0x7F, 0xFF, 0xFF, 0xFF, 0xFF, 0xFF, 0xC0,
  0x7F, 0xFF, 0xFF, 0xFF, 0xFF, 0xFF, 0x00, 0xFF, 0xFF, 0xFF, 0xFF, 0xFF,
  0xFC, 0x00, 0x7F, 0xFF, 0xFF, 0xFF, 0xFF, 0xF0, 0xFF, 0xE0, 0x00, 0x00,
  0x00, 0x1F, 0xFF, 0xFF, 0x80, 0x00, 0x00, 0x00, 0x7F, 0xFF, 0xFE, 0x00,
  0x00, 0x00, 0x01, 0xFF, 0xFF, 0xF8, 0x00, 0x00, 0x00, 0x07, 0xFF, 0xFF,
  0xE0, 0x00, 0x00, 0x00, 0x1F, 0xFF, 0xFF, 0x80, 0x00, 0x00, 0x00, 0x7F,
  0xFF, 0xFE, 0x00, 0x00, 0x00, 0x01, 0xFF, 0xFF, 0xF8, 0x00, 0x00, 0x00,
  0x07, 0xFF, 0xFF, 0xE0, 0x00, 0x00, 0x00, 0x1F, 0xFF, 0xFF, 0x80, 0x00,
  0x00, 0x00, 0x7F, 0xFF, 0xFE, 0x00, 0x00, 0x00, 0x01, 0xFF, 0xFF, 0xF8,
  0x00, 0x00, 0x00, 0x07, 0xFF, 0xFF, 0xE0, 0x00, 0x00, 0x00, 0x1F, 0xFF,
  0xFF, 0x80, 0x00, 0x00, 0x00, 0x7F, 0xFF, 0xFE, 0x00, 0x00, 0x00, 0x01,
  0xFF, 0xFF, 0xF8, 0x00, 0x00, 0x00, 0x07, 0xFF, 0xFF, 0xE0, 0x00, 0x00,
  0x00, 0x1F, 0xFF, 0xFF, 0x80, 0x00, 0x00, 0x00, 0x7F, 0xFF, 0xFE, 0x00,
  0x00, 0x00, 0x01, 0xFF, 0xFF, 0xF8, 0x00, 0x00, 0x00, 0x07, 0xFF, 0xFF,
  0xE0, 0x00, 0x00, 0x00, 0x1F, 0xFF, 0xFF, 0x80, 0x00, 0x00, 0x00, 0x7F,
  0xFF, 0xFE, 0x00, 0x00, 0x00, 0x01, 0xFF, 0xFF, 0xF8, 0x00, 0x00, 0x00,
  0x07, 0xFF, 0xFF, 0xFF, 0xFF, 0xFF, 0xFF, 0xFF, 0xFF, 0xFF, 0xFF, 0xFF,
  0xFF, 0xFF, 0xFF, 0xFF, 0xFF, 0xFF, 0xFF, 0xFF, 0xFF, 0xFF, 0xFF, 0xFF,
  0xFF, 0xFF, 0xFF, 0xFF, 0xFF, 0xFF, 0xFF, 0xFF, 0xFF, 0xFF, 0xFF, 0xFF,
  0xFF, 0xFF, 0xFF, 0xFF, 0xFF, 0xFF, 0xFF, 0xFF, 0xFF, 0xFF, 0xFF, 0xFF,
  0xFF, 0xFF, 0xFF, 0xFF, 0xFF, 0xFF, 0xFF, 0xFF, 0xFF, 0xFF, 0xFF, 0xFF,
  0xFF, 0xFF, 0xFF, 0xFF, 0xFF, 0xFF, 0xFF, 0xFF, 0xFF, 0xFF, 0xFE, 0x00,
  0x00, 0x00, 0x01, 0xFF, 0xFF, 0xF8, 0x00, 0x00, 0x00, 0x07, 0xFF, 0xFF,
  0xE0, 0x00, 0x00, 0x00, 0x1F, 0xFF, 0xFF, 0x80, 0x00, 0x00, 0x00, 0x7F,
  0xFF, 0xFE, 0x00, 0x00, 0x00, 0x01, 0xFF, 0xFF, 0xF8, 0x00, 0x00, 0x00,
  0x07, 0xFF, 0xFF, 0xE0, 0x00, 0x00, 0x00, 0x1F, 0xFF, 0xFF, 0x80, 0x00,
  0x00, 0x00, 0x7F, 0xFF, 0xFE, 0x00, 0x00, 0x00, 0x01, 0xFF, 0xFF, 0xF8,
  0x00, 0x00, 0x00, 0x07, 0xFF, 0xFF, 0xE0, 0x00, 0x00, 0x00, 0x1F, 0xFF,
  0xFF, 0x80, 0x00, 0x00, 0x00, 0x7F, 0xFF, 0xFE, 0x00, 0x00, 0x00, 0x01,
  0xFF, 0xFF, 0xF8, 0x00, 0x00, 0x00, 0x07, 0xFF, 0xFF, 0xE0, 0x00, 0x00,
  0x00, 0x1F, 0xFF, 0xFF, 0x80, 0x00, 0x00, 0x00, 0x7F, 0xFF, 0xFE, 0x00,
  0x00, 0x00, 0x01, 0xFF, 0xFF, 0xF8, 0x00, 0x00, 0x00, 0x07, 0xFF, 0xFF,
  0xE0, 0x00, 0x00, 0x00, 0x1F, 0xFF, 0xFF, 0x80, 0x00, 0x00, 0x00, 0x7F,
  0xFF, 0xFE, 0x00, 0x00, 0x00, 0x01, 0xFF, 0xFF, 0xF8, 0x00, 0x00, 0x00,
  0x07, 0xFF, 0xFF, 0xE0, 0x00, 0x00, 0x00, 0x1F, 0xFF, 0xFF, 0x80, 0x00,
  0x00, 0x00, 0x7F, 0xF0, 0xFF, 0xFF, 0xFF, 0xFF, 0xFF, 0xFF, 0xFF, 0xFF,
  0xFF, 0xFF, 0xFF, 0xFF, 0xFF, 0xFF, 0xFF, 0xFF, 0xFF, 0xFF, 0xFF, 0xFF,
  0xFF, 0xFF, 0xFF, 0xFF, 0xFF, 0xFF, 0xFF, 0xFF, 0xFF, 0xFF, 0xFF, 0xFF,
  0xFF, 0xFF, 0xFF, 0xFF, 0xFF, 0xFF, 0xFF, 0xFF, 0xFF, 0xFF, 0xFF, 0xFF,
  0xFF, 0xFF, 0xFF, 0xFF, 0xFF, 0xFF, 0xFF, 0xFF, 0xFF, 0xFF, 0xFF, 0xFF,
  0xFF, 0xFF, 0xFF, 0xFF, 0xFF, 0xFF, 0xFF, 0xFF, 0xFF, 0xFF, 0xFF, 0xFF,
  0xFF, 0xFF, 0xFF, 0xFF, 0xFF, 0xFF, 0xFF, 0xFF, 0xFF, 0xFF, 0xFF, 0xFC,
  0x00, 0x00, 0x1F, 0xFF, 0xFF, 0xFF, 0xFC, 0x00, 0x00, 0x7F, 0xFF, 0xFF,
  0xFF, 0xF0, 0x00, 0x01, 0xFF, 0xFF, 0xFF, 0xFF, 0xC0, 0x00, 0x07, 0xFF,
  0xFF, 0xFF, 0xFF, 0x00, 0x00, 0x1F, 0xFF, 0xFF, 0xFF, 0xFC, 0x00, 0x00,
  0x7F, 0xFF, 0xFF, 0xFF, 0xF0, 0x00, 0x01, 0xFF, 0xFF, 0xFF, 0xFF, 0xC0,
  0x00, 0x07, 0xFF, 0xFF, 0xFF, 0xFF, 0x00, 0x00, 0x1F, 0xFF, 0xFF, 0xFF,
  0xFC, 0x00, 0x00, 0x7F, 0xFF, 0xFF, 0xFF, 0xF0, 0x00, 0x00, 0x00, 0x00,
  0x01, 0xFF, 0xC0, 0x00, 0x00, 0x00, 0x00, 0x07, 0xFF, 0x00, 0x00, 0x00,
  0x00, 0x00, 0x1F, 0xFC, 0x00, 0x00, 0x00, 0x00, 0x00, 0x7F, 0xF0, 0x00,
  0x00, 0x00, 0x00, 0x01, 0xFF, 0xC0, 0x00, 0x00, 0x00, 0x00, 0x07, 0xFF,
  0x00, 0x00, 0x00, 0x00, 0x00, 0x1F, 0xFC, 0x00, 0x00, 0x00, 0x00, 0x00,
  0x7F, 0xF0, 0x00, 0x00, 0x00, 0x00, 0x01, 0xFF, 0xC0, 0x00, 0x00, 0x00,
  0x00, 0x07, 0xFF, 0x00, 0x00, 0x00, 0x00, 0x00, 0x1F, 0xFC, 0x00, 0x00,
  0x00, 0x00, 0x00, 0x7F, 0xF0, 0x00, 0x00, 0x00, 0x00, 0x01, 0xFF, 0xC0,
  0x00, 0x00, 0x00, 0x00, 0x07, 0xFF, 0x00, 0x00, 0x00, 0x00, 0x00, 0x1F,
  0xFC, 0x00, 0x00, 0x00, 0x00, 0x00, 0x7F, 0xF0, 0x00, 0x00, 0x00, 0x00,
  0x01, 0xFF, 0xC0, 0x00, 0x00, 0x00, 0x00, 0x07, 0xFF, 0x00, 0x00, 0x00,
  0x00, 0x00, 0x1F, 0xFC, 0x00, 0x00, 0x00, 0x00, 0x00, 0x7F, 0xF0, 0x00,
  0x00, 0x00, 0x00, 0x01, 0xFF, 0xC0, 0x00, 0x00, 0x00, 0x00, 0x07, 0xFF,
  0x00, 0x00, 0x00, 0x00, 0x00, 0x1F, 0xFC, 0x00, 0x00, 0x00, 0x00, 0x00,
  0x7F, 0xF0, 0x00, 0x00, 0x00, 0x00, 0x01, 0xFF, 0xC0, 0x00, 0x00, 0x00,
  0x00, 0x07, 0xFF, 0x00, 0x00, 0x00, 0x00, 0x00, 0x1F, 0xFC, 0x00, 0x00,
  0x00, 0x00, 0x00, 0x7F, 0xF0, 0x00, 0x00, 0x00, 0x00, 0x01, 0xFF, 0xC0,
  0x00, 0x00, 0x00, 0x00, 0x07, 0xFF, 0x00, 0x00, 0x00, 0x00, 0x00, 0x1F,
  0xFC, 0x00, 0x00, 0x00, 0x00, 0x00, 0x7F, 0xF0, 0x00, 0x00, 0x00, 0x00,
  0x01, 0xFF, 0xC0, 0x00, 0x00, 0x00, 0x00, 0x07, 0xFF, 0x00, 0x00, 0x00,
  0x00, 0x00, 0x1F, 0xFC, 0x00, 0x00, 0x00, 0x00, 0x00, 0x7F, 0xF0, 0x00,
  0x00, 0x00, 0x00, 0x03, 0xFF, 0xC0, 0x00, 0x00, 0x00, 0x00, 0x1F, 0xFE,
  0xFF, 0xFF, 0xFF, 0xFF, 0xFF, 0xFF, 0xFB, 0xFF, 0xFF, 0xFF, 0xFF, 0xFF,
  0xFF, 0xEF, 0xFF, 0xFF, 0xFF, 0xFF, 0xFF, 0xFF, 0x3F, 0xFF, 0xFF, 0xFF,
  0xFF, 0xFF, 0xF8, 0xFF, 0xFF, 0xFF, 0xFF, 0xFF, 0xFF, 0xE3, 0xFF, 0xFF,
  0xFF, 0xFF, 0xFF, 0xFF, 0x0F, 0xFF, 0xFF, 0xFF, 0xFF, 0xFF, 0xF8, 0x3F,
  0xFF, 0xFF, 0xFF, 0xFF, 0xFF, 0x80, 0xFF, 0xFF, 0xFF, 0xFF, 0xFF, 0xFC,
  0x03, 0xFF, 0xFF, 0xFF, 0xFF, 0xFF, 0x80, 0x00, 0xFF, 0xE0, 0x00, 0x00,
  0x01, 0xFF, 0xFF, 0xFF, 0x80, 0x00, 0x00, 0x0F, 0xFF, 0xEF, 0xFE, 0x00,
  0x00, 0x00, 0x7F, 0xFF, 0x3F, 0xF8, 0x00, 0x00, 0x03, 0xFF, 0xF8, 0xFF,
  0xE0, 0x00, 0x00, 0x1F, 0xFF, 0xC3, 0xFF, 0x80, 0x00, 0x00, 0xFF, 0xFE,
  0x0F, 0xFE, 0x00, 0x00, 0x07, 0xFF, 0xF0, 0x3F, 0xF8, 0x00, 0x00, 0x3F,
  0xFF, 0x80, 0xFF, 0xE0, 0x00, 0x00, 0xFF, 0xFC, 0x03, 0xFF, 0x80, 0x00,
  0x07, 0xFF, 0xE0, 0x0F, 0xFE, 0x00, 0x00, 0x3F, 0xFF, 0x00, 0x3F, 0xF8,
  0x00, 0x01, 0xFF, 0xF8, 0x00, 0xFF, 0xE0, 0x00, 0x0F, 0xFF, 0xC0, 0x03,
  0xFF, 0x80, 0x00, 0x7F, 0xFE, 0x00, 0x0F, 0xFE, 0x00, 0x03, 0xFF, 0xF0,
  0x00, 0x3F, 0xF8, 0x00, 0x1F, 0xFF, 0x80, 0x00, 0xFF, 0xE0, 0x00, 0xFF,
  0xFC, 0x00, 0x03, 0xFF, 0x80, 0x07, 0xFF, 0xE0, 0x00, 0x0F, 0xFE, 0x00,
  0x3F, 0xFF, 0x80, 0x00, 0x3F, 0xF8, 0x01, 0xFF, 0xFC, 0x00, 0x00, 0xFF,
  0xE0, 0x0F, 0xFF, 0xE0, 0x00, 0x03, 0xFF, 0x80, 0x7F, 0xFF, 0x00, 0x00,
  0x0F, 0xFE, 0x03, 0xFF, 0xF8, 0x00, 0x00, 0x3F, 0xF8, 0x1F, 0xFF, 0xC0,
  0x00, 0x00, 0xFF, 0xFF, 0xFF, 0xFE, 0x00, 0x00, 0x03, 0xFF, 0xFF, 0xFF,
  0xF0, 0x00, 0x00, 0x0F, 0xFF, 0xFF, 0xFF, 0x80, 0x00, 0x00, 0x3F, 0xFF,
  0xFF, 0xFC, 0x00, 0x00, 0x00, 0xFF, 0xFF, 0xFF, 0xE0, 0x00, 0x00, 0x03,
  0xFF, 0xFF, 0xFF, 0x80, 0x00, 0x00, 0x0F, 0xFF, 0xFF, 0xFF, 0x00, 0x00,
  0x00, 0x3F, 0xFF, 0xFF, 0xFE, 0x00, 0x00, 0x00, 0xFF, 0xFF, 0xFF, 0xFC,
  0x00, 0x00, 0x03, 0xFF, 0xFF, 0xFF, 0xF8, 0x00, 0x00, 0x0F, 0xFE, 0x07,
  0xFF, 0xF0, 0x00, 0x00, 0x3F, 0xF8, 0x0F, 0xFF, 0xE0, 0x00, 0x00, 0xFF,
  0xE0, 0x1F, 0xFF, 0xC0, 0x00, 0x03, 0xFF, 0x80, 0x3F, 0xFF, 0x80, 0x00,
  0x0F, 0xFE, 0x00, 0x7F, 0xFF, 0x00, 0x00, 0x3F, 0xF8, 0x00, 0xFF, 0xFE,
  0x00, 0x00, 0xFF, 0xE0, 0x01, 0xFF, 0xF8, 0x00, 0x03, 0xFF, 0x80, 0x03,
  0xFF, 0xF0, 0x00, 0x0F, 0xFE, 0x00, 0x07, 0xFF, 0xE0, 0x00, 0x3F, 0xF8,
  0x00, 0x0F, 0xFF, 0xC0, 0x00, 0xFF, 0xE0, 0x00, 0x1F, 0xFF, 0x80, 0x03,
  0xFF, 0x80, 0x00, 0x3F, 0xFF, 0x00, 0x0F, 0xFE, 0x00, 0x00, 0x7F, 0xFE,
  0x00, 0x3F, 0xF8, 0x00, 0x00, 0xFF, 0xFC, 0x00, 0xFF, 0xE0, 0x00, 0x01,
  0xFF, 0xF8, 0x03, 0xFF, 0x80, 0x00, 0x03, 0xFF, 0xF0, 0x0F, 0xFE, 0x00,
  0x00, 0x0F, 0xFF, 0xE0, 0x3F, 0xF8, 0x00, 0x00, 0x1F, 0xFF, 0xC0, 0xFF,
  0xE0, 0x00, 0x00, 0x3F, 0xFF, 0x83, 0xFF, 0x80, 0x00, 0x00, 0x7F, 0xFF,
  0x0F, 0xFE, 0x00, 0x00, 0x00, 0xFF, 0xFE, 0x3F, 0xF8, 0x00, 0x00, 0x01,
  0xFF, 0xFC, 0xFF, 0xE0, 0x00, 0x00, 0x03, 0xFF, 0xFB, 0xFF, 0x80, 0x00,
  0x00, 0x07, 0xFF, 0xF0, 0xFF, 0xE0, 0x00, 0x00, 0x00, 0x00, 0x7F, 0xF0,
  0x00, 0x00, 0x00, 0x00, 0x3F, 0xF8, 0x00, 0x00, 0x00, 0x00, 0x1F, 0xFC,
  0x00, 0x00, 0x00, 0x00, 0x0F, 0xFE, 0x00, 0x00, 0x00, 0x00, 0x07, 0xFF,
  0x00, 0x00, 0x00, 0x00, 0x03, 0xFF, 0x80, 0x00, 0x00, 0x00, 0x01, 0xFF,
  0xC0, 0x00, 0x00, 0x00, 0x00, 0xFF, 0xE0, 0x00, 0x00, 0x00, 0x00, 0x7F,
  0xF0, 0x00, 0x00, 0x00, 0x00, 0x3F, 0xF8, 0x00, 0x00, 0x00, 0x00, 0x1F,
  0xFC, 0x00, 0x00, 0x00, 0x00, 0x0F, 0xFE, 0x00, 0x00, 0x00, 0x00, 0x07,
  0xFF, 0x00, 0x00, 0x00, 0x00, 0x03, 0xFF, 0x80, 0x00, 0x00, 0x00, 0x01,
  0xFF, 0xC0, 0x00, 0x00, 0x00, 0x00, 0xFF, 0xE0, 0x00, 0x00, 0x00, 0x00,
  0x7F, 0xF0, 0x00, 0x00, 0x00, 0x00, 0x3F, 0xF8, 0x00, 0x00, 0x00, 0x00,
  0x1F, 0xFC, 0x00, 0x00, 0x00, 0x00, 0x0F, 0xFE, 0x00, 0x00, 0x00, 0x00,
  0x07, 0xFF, 0x00, 0x00, 0x00, 0x00, 0x03, 0xFF, 0x80, 0x00, 0x00, 0x00,
  0x01, 0xFF, 0xC0, 0x00, 0x00, 0x00, 0x00, 0xFF, 0xE0, 0x00, 0x00, 0x00,
  0x00, 0x7F, 0xF0, 0x00, 0x00, 0x00, 0x00, 0x3F, 0xF8, 0x00, 0x00, 0x00,
  0x00, 0x1F, 0xFC, 0x00, 0x00, 0x00, 0x00, 0x0F, 0xFE, 0x00, 0x00, 0x00,
  0x00, 0x07, 0xFF, 0x00, 0x00, 0x00, 0x00, 0x03, 0xFF, 0x80, 0x00, 0x00,
  0x00, 0x01, 0xFF, 0xC0, 0x00, 0x00, 0x00, 0x00, 0xFF, 0xE0, 0x00, 0x00,
  0x00, 0x00, 0x7F, 0xF0, 0x00, 0x00, 0x00, 0x00, 0x3F, 0xF8, 0x00, 0x00,
  0x00, 0x00, 0x1F, 0xFC, 0x00, 0x00, 0x00, 0x00, 0x0F, 0xFE, 0x00, 0x00,
  0x00, 0x00, 0x07, 0xFF, 0x00, 0x00, 0x00, 0x00, 0x03, 0xFF, 0x80, 0x00,
  0x00, 0x00, 0x01, 0xFF, 0xC0, 0x00, 0x00, 0x00, 0x00, 0xFF, 0xE0, 0x00,
  0x00, 0x00, 0x00, 0x7F, 0xF0, 0x00, 0x00, 0x00, 0x00, 0x3F, 0xF8, 0x00,
  0x00, 0x00, 0x00, 0x1F, 0xFC, 0x00, 0x00, 0x00, 0x00, 0x0F, 0xFE, 0x00,
  0x00, 0x00, 0x00, 0x07, 0xFF, 0x00, 0x00, 0x00, 0x00, 0x03, 0xFF, 0x80,
  0x00, 0x00, 0x00, 0x01, 0xFF, 0xC0, 0x00, 0x00, 0x00, 0x00, 0xFF, 0xFF,
  0xFF, 0xFF, 0xFF, 0xFF, 0xFF, 0xFF, 0xFF, 0xFF, 0xFF, 0xFF, 0xFF, 0xFF,
  0xFF, 0xFF, 0xFF, 0xFF, 0xFF, 0xFF, 0xFF, 0xFF, 0xFF, 0xFF, 0xFF, 0xFF,
  0xFF, 0xFF, 0xFF, 0xFF, 0xFF, 0xFF, 0xFF, 0xFF, 0xFF, 0xFF, 0xFF, 0xFF,
  0xFF, 0xFF, 0xFF, 0xFF, 0xFF, 0xFF, 0xFF, 0xFF, 0xFF, 0xFF, 0xFF, 0xFF,
  0xFF, 0xFF, 0xFF, 0xFF, 0xFF, 0xFF, 0xFF, 0xFF, 0xFF, 0xFF, 0xFF, 0xC0,
  0xFF, 0xFF, 0xC0, 0x00, 0x00, 0x00, 0x00, 0x7F, 0xFF, 0xFF, 0xFF, 0xF8,
  0x00, 0x00, 0x00, 0x00, 0x0F, 0xFF, 0xFF, 0xFF, 0xFF, 0x80, 0x00, 0x00,
  0x00, 0x03, 0xFF, 0xFF, 0xFF, 0xFF, 0xF0, 0x00, 0x00, 0x00, 0x00, 0x7F,
  0xFF, 0xFF, 0xFF, 0xFF, 0x00, 0x00, 0x00, 0x00, 0x1F, 0xFF, 0xFF, 0xFF,
  0xFF, 0xE0, 0x00, 0x00, 0x00, 0x03, 0xFF, 0xFF, 0xFF, 0xFF, 0xFC, 0x00,
  0x00, 0x00, 0x00, 0x7F, 0xFF, 0xFF, 0xFF, 0xFF, 0xC0, 0x00, 0x00, 0x00,
  0x1F, 0xFF, 0xFF, 0xFF, 0xFF, 0xF8, 0x00, 0x00, 0x00, 0x03, 0xFF, 0xFF,
  0xFF, 0xFF, 0xFF, 0x80, 0x00, 0x00, 0x00, 0xFF, 0xFF, 0xFF, 0xFF, 0xFF,
  0xF0, 0x00, 0x00, 0x00, 0x1F, 0xFF, 0xFF, 0xFF, 0xFF, 0xFF, 0x00, 0x00,
  0x00, 0x03, 0xFF, 0xFF, 0xFF, 0xFE, 0xFF, 0xE0, 0x00, 0x00, 0x00, 0xFF,
  0xEF, 0xFF, 0xFF, 0xDF, 0xFC, 0x00, 0x00, 0x00, 0x1F, 0xFD, 0xFF, 0xFF,
  0xF9, 0xFF, 0xC0, 0x00, 0x00, 0x07, 0xFF, 0x3F, 0xFF, 0xFF, 0x3F, 0xF8,
  0x00, 0x00, 0x00, 0xFF, 0xE7, 0xFF, 0xFF, 0xE7, 0xFF, 0x80, 0x00, 0x00,
  0x3F, 0xFC, 0xFF, 0xFF, 0xFC, 0x7F, 0xF0, 0x00, 0x00, 0x07, 0xFF, 0x1F,
  0xFF, 0xFF, 0x8F, 0xFE, 0x00, 0x00, 0x00, 0xFF, 0xE3, 0xFF, 0xFF, 0xF0,
  0xFF, 0xE0, 0x00, 0x00, 0x3F, 0xF8, 0x7F, 0xFF, 0xFE, 0x1F, 0xFC, 0x00,
  0x00, 0x07, 0xFF, 0x0F, 0xFF, 0xFF, 0xC1, 0xFF, 0xC0, 0x00, 0x01, 0xFF,
  0xC1, 0xFF, 0xFF, 0xF8, 0x3F, 0xF8, 0x00, 0x00, 0x3F, 0xF8, 0x3F, 0xFF,
  0xFF, 0x07, 0xFF, 0x80, 0x00, 0x07, 0xFF, 0x07, 0xFF, 0xFF, 0xE0, 0x7F,
  0xF0, 0x00, 0x01, 0xFF, 0xC0, 0xFF, 0xFF, 0xFC, 0x0F, 0xFE, 0x00, 0x00,
  0x3F, 0xF8, 0x1F, 0xFF, 0xFF, 0x80, 0xFF, 0xE0, 0x00, 0x0F, 0xFE, 0x03,
  0xFF, 0xFF, 0xF0, 0x1F, 0xFC, 0x00, 0x01, 0xFF, 0xC0, 0x7F, 0xFF, 0xFE,
  0x03, 0xFF, 0xC0, 0x00, 0x7F, 0xF8, 0x0F, 0xFF, 0xFF, 0xC0, 0x3F, 0xF8,
  0x00, 0x0F, 0xFE, 0x01, 0xFF, 0xFF, 0xF8, 0x07, 0xFF, 0x00, 0x01, 0xFF,
  0xC0, 0x3F, 0xFF, 0xFF, 0x00, 0x7F, 0xF0, 0x00, 0x7F, 0xF0, 0x07, 0xFF,
  0xFF, 0xE0, 0x0F, 0xFE, 0x00, 0x0F, 0xFE, 0x00, 0xFF, 0xFF, 0xFC, 0x00,
  0xFF, 0xE0, 0x03, 0xFF, 0x80, 0x1F, 0xFF, 0xFF, 0x80, 0x1F, 0xFC, 0x00,
  0x7F, 0xF0, 0x03, 0xFF, 0xFF, 0xF0, 0x03, 0xFF, 0xC0, 0x1F, 0xFE, 0x00,
  0x7F, 0xFF, 0xFE, 0x00, 0x3F, 0xF8, 0x03, 0xFF, 0x80, 0x0F, 0xFF, 0xFF,
  0xC0, 0x07, 0xFF, 0x00, 0x7F, 0xF0, 0x01, 0xFF, 0xFF, 0xF8, 0x00, 0x7F,
  0xF0, 0x1F, 0xFC, 0x00, 0x3F, 0xFF, 0xFF, 0x00, 0x0F, 0xFE, 0x03, 0xFF,
  0x80, 0x07, 0xFF, 0xFF, 0xE0, 0x01, 0xFF, 0xE0, 0xFF, 0xF0, 0x00, 0xFF,
  0xFF, 0xFC, 0x00, 0x1F, 0xFC, 0x1F, 0xFC, 0x00, 0x1F, 0xFF, 0xFF, 0x80,
  0x03, 0xFF, 0xC3, 0xFF, 0x80, 0x03, 0xFF, 0xFF, 0xF0, 0x00, 0x3F, 0xF8,
  0xFF, 0xE0, 0x00, 0x7F, 0xFF, 0xFE, 0x00, 0x07, 0xFF, 0x1F, 0xFC, 0x00,
  0x0F, 0xFF, 0xFF, 0xC0, 0x00, 0x7F, 0xF7, 0xFF, 0x00, 0x01, 0xFF, 0xFF,
  0xF8, 0x00, 0x0F, 0xFE, 0xFF, 0xE0, 0x00, 0x3F, 0xFF, 0xFF, 0x00, 0x01,
  0xFF, 0xFF, 0xFC, 0x00, 0x07, 0xFF, 0xFF, 0xE0, 0x00, 0x1F, 0xFF, 0xFF,
  0x00, 0x00, 0xFF, 0xFF, 0xFC, 0x00, 0x03, 0xFF, 0xFF, 0xE0, 0x00, 0x1F,
  0xFF, 0xFF, 0x80, 0x00, 0x3F, 0xFF, 0xF8, 0x00, 0x03, 0xFF, 0xFF, 0xF0,
  0x00, 0x07, 0xFF, 0xFF, 0x00, 0x00, 0x7F, 0xFF, 0xFE, 0x00, 0x00, 0xFF,
  0xFF, 0xE0, 0x00, 0x0F, 0xFF, 0xFF, 0xC0, 0x00, 0x0F, 0xFF, 0xF8, 0x00,
  0x01, 0xFF, 0xFF, 0xF8, 0x00, 0x01, 0xFF, 0xFF, 0x00, 0x00, 0x3F, 0xFF,
  0xFF, 0x00, 0x00, 0x1F, 0xFF, 0xC0, 0x00, 0x07, 0xFF, 0xFF, 0xE0, 0x00,
  0x03, 0xFF, 0xF8, 0x00, 0x00, 0xFF, 0xFF, 0xFC, 0x00, 0x00, 0x3F, 0xFF,
  0x00, 0x00, 0x1F, 0xFC, 0xFF, 0xF0, 0x00, 0x00, 0x00, 0x1F, 0xFF, 0xFF,
  0xE0, 0x00, 0x00, 0x00, 0x7F, 0xFF, 0xFF, 0x80, 0x00, 0x00, 0x01, 0xFF,
  0xFF, 0xFF, 0x00, 0x00, 0x00, 0x07, 0xFF, 0xFF, 0xFE, 0x00, 0x00, 0x00,
  0x1F, 0xFF, 0xFF, 0xFC, 0x00, 0x00, 0x00, 0x7F, 0xFF, 0xFF, 0xF8, 0x00,
  0x00, 0x01, 0xFF, 0xFF, 0xFF, 0xF0, 0x00, 0x00, 0x07, 0xFF, 0xFF, 0xFF,
  0xE0, 0x00, 0x00, 0x1F, 0xFF, 0xFF, 0xFF, 0xC0, 0x00, 0x00, 0x7F, 0xFF,
  0xFF, 0xFF, 0x80, 0x00, 0x01, 0xFF, 0xFF, 0xFF, 0xFF, 0x00, 0x00, 0x07,
  0xFF, 0xFF, 0xFF, 0xFE, 0x00, 0x00, 0x1F, 0xFF, 0xFF, 0xFF, 0xFC, 0x00,
  0x00, 0x7F, 0xFF, 0xFF, 0xFF, 0xF8, 0x00, 0x01, 0xFF, 0xFF, 0xFB, 0xFF,
  0xF0, 0x00, 0x07, 0xFF, 0xFF, 0xE7, 0xFF, 0xE0, 0x00, 0x1F, 0xFF, 0xFF,
  0x8F, 0xFF, 0xC0, 0x00, 0x7F, 0xFF, 0xFE, 0x1F, 0xFF, 0x80, 0x01, 0xFF,
  0xFF, 0xF8, 0x7F, 0xFF, 0x00, 0x07, 0xFF, 0xFF, 0xE0, 0x7F, 0xFE, 0x00,
  0x1F, 0xFF, 0xFF, 0x81, 0xFF, 0xFC, 0x00, 0x7F, 0xFF, 0xFE, 0x03, 0xFF,
  0xF8, 0x01, 0xFF, 0xFF, 0xF8, 0x07, 0xFF, 0xF0, 0x07, 0xFF, 0xFF, 0xE0,
  0x0F, 0xFF, 0xE0, 0x1F, 0xFF, 0xFF, 0x80, 0x1F, 0xFF, 0xC0, 0x7F, 0xFF,
  0xFE, 0x00, 0x3F, 0xFF, 0x81, 0xFF, 0xFF, 0xF8, 0x00, 0x7F, 0xFF, 0x07,
  0xFF, 0xFF, 0xE0, 0x00, 0xFF, 0xFE, 0x1F, 0xFF, 0xFF, 0x80, 0x01, 0xFF,
  0xFC, 0x7F, 0xFF, 0xFE, 0x00, 0x03, 0xFF, 0xF9, 0xFF, 0xFF, 0xF8, 0x00,
  0x07, 0xFF, 0xF7, 0xFF, 0xFF, 0xE0, 0x00, 0x0F, 0xFF, 0xFF, 0xFF, 0xFF,
  0x80, 0x00, 0x1F, 0xFF, 0xFF, 0xFF, 0xFE, 0x00, 0x00, 0x3F, 0xFF, 0xFF,
  0xFF, 0xF8, 0x00, 0x00, 0x7F, 0xFF, 0xFF, 0xFF, 0xE0, 0x00, 0x00, 0xFF,
  0xFF, 0xFF, 0xFF, 0x80, 0x00, 0x01, 0xFF, 0xFF, 0xFF, 0xFE, 0x00, 0x00,
  0x03, 0xFF, 0xFF, 0xFF, 0xF8, 0x00, 0x00, 0x07, 0xFF, 0xFF, 0xFF, 0xE0,
  0x00, 0x00, 0x0F, 0xFF, 0xFF, 0xFF, 0x80, 0x00, 0x00, 0x1F, 0xFF, 0xFF,
  0xFE, 0x00, 0x00, 0x00, 0x3F, 0xFF, 0xFF, 0xF8, 0x00, 0x00, 0x00, 0x7F,
  0xFF, 0xFF, 0xE0, 0x00, 0x00, 0x00, 0xFF, 0xFF, 0xFF, 0x80, 0x00, 0x00,
  0x01, 0xFF, 0xFF, 0xFE, 0x00, 0x00, 0x00, 0x03, 0xFF, 0xFF, 0xF8, 0x00,
  0x00, 0x00, 0x07, 0xFF, 0xFF, 0xE0, 0x00, 0x00, 0x00, 0x1F, 0xFF, 0xFF,
  0x80, 0x00, 0x00, 0x00, 0x7F, 0xFF, 0xFE, 0x00, 0x00, 0x00, 0x01, 0xFF,
  0xFF, 0xF8, 0x00, 0x00, 0x00, 0x07, 0xFF, 0xFF, 0xE0, 0x00, 0x00, 0x00,
  0x1F, 0xFF, 0xFF, 0x80, 0x00, 0x00, 0x00, 0x7F, 0xFF, 0xFE, 0x00, 0x00,
  0x00, 0x01, 0xFF, 0xFF, 0xF8, 0x00, 0x00, 0x00, 0x07, 0xFF, 0xFF, 0xE0,
  0x00, 0x00, 0x00, 0x1F, 0xFF, 0xFF, 0x80, 0x00, 0x00, 0x00, 0x7F, 0xF0,
  0x00, 0x1F, 0xFF, 0xFF, 0xFF, 0xE0, 0x00, 0x03, 0xFF, 0xFF, 0xFF, 0xFF,
  0xF0, 0x00, 0x1F, 0xFF, 0xFF, 0xFF, 0xFF, 0xE0, 0x01, 0xFF, 0xFF, 0xFF,
  0xFF, 0xFF, 0xE0, 0x0F, 0xFF, 0xFF, 0xFF, 0xFF, 0xFF, 0xC0, 0x7F, 0xFF,
  0xFF, 0xFF, 0xFF, 0xFF, 0x81, 0xFF, 0xFF, 0xFF, 0xFF, 0xFF, 0xFE, 0x0F,
  0xFF, 0xFF, 0xFF, 0xFF, 0xFF, 0xFC, 0x7F, 0xFF, 0xFF, 0xFF, 0xFF, 0xFF,
  0xF9, 0xFF, 0xFF, 0xFF, 0xFF, 0xFF, 0xFF, 0xE7, 0xFF, 0x80, 0x00, 0x00,
  0x07, 0xFF, 0xBF, 0xFC, 0x00, 0x00, 0x00, 0x0F, 0xFF, 0xFF, 0xE0, 0x00,
  0x00, 0x00, 0x1F, 0xFF, 0xFF, 0x80, 0x00, 0x00, 0x00, 0x7F, 0xFF, 0xFE,
  0x00, 0x00, 0x00, 0x01, 0xFF, 0xFF, 0xF8, 0x00, 0x00, 0x00, 0x07, 0xFF,
  0xFF, 0xE0, 0x00, 0x00, 0x00, 0x1F, 0xFF, 0xFF, 0x80, 0x00, 0x00, 0x00,
  0x7F, 0xFF, 0xFE, 0x00, 0x00, 0x00, 0x01, 0xFF, 0xFF, 0xF8, 0x00, 0x00,
  0x00, 0x07, 0xFF, 0xFF, 0xE0, 0x00, 0x00, 0x00, 0x1F, 0xFF, 0xFF, 0x80,
  0x00, 0x00, 0x00, 0x7F, 0xFF, 0xFE, 0x00, 0x00, 0x00, 0x01, 0xFF, 0xFF,
  0xF8, 0x00, 0x00, 0x00, 0x07, 0xFF, 0xFF, 0xE0, 0x00, 0x00, 0x00, 0x1F,
  0xFF, 0xFF, 0x80, 0x00, 0x00, 0x00, 0x7F, 0xFF, 0xFE, 0x00, 0x00, 0x00,
  0x01, 0xFF, 0xFF, 0xF8, 0x00, 0x00, 0x00, 0x07, 0xFF, 0xFF, 0xE0, 0x00,
  0x00, 0x00, 0x1F, 0xFF, 0xFF, 0x80, 0x00, 0x00, 0x00, 0x7F, 0xFF, 0xFE,
  0x00, 0x00, 0x00, 0x01, 0xFF, 0xFF, 0xF8, 0x00, 0x00, 0x00, 0x07, 0xFF,
  0xFF, 0xE0, 0x00, 0x00, 0x00, 0x1F, 0xFF, 0xFF, 0x80, 0x00, 0x00, 0x00,
  0x7F, 0xFF, 0xFE, 0x00, 0x00, 0x00, 0x01, 0xFF, 0xFF, 0xF8, 0x00, 0x00,
  0x00, 0x07, 0xFF, 0xFF, 0xE0, 0x00, 0x00, 0x00, 0x1F, 0xFF, 0xFF, 0x80,
  0x00, 0x00, 0x00, 0x7F, 0xFF, 0xFE, 0x00, 0x00, 0x00, 0x01, 0xFF, 0xFF,
  0xF8, 0x00, 0x00, 0x00, 0x07, 0xFF, 0xFF, 0xE0, 0x00, 0x00, 0x00, 0x1F,
  0xFF, 0xFF, 0x80, 0x00, 0x00, 0x00, 0x7F, 0xFF, 0xFE, 0x00, 0x00, 0x00,
  0x01, 0xFF, 0xFF, 0xF8, 0x00, 0x00, 0x00, 0x07, 0xFF, 0xFF, 0xE0, 0x00,
  0x00, 0x00, 0x1F, 0xFF, 0xFF, 0x80, 0x00, 0x00, 0x00, 0x7F, 0xFF, 0xFF,
  0x00, 0x00, 0x00, 0x03, 0xFF, 0xDF, 0xFE, 0x00, 0x00, 0x00, 0x1F, 0xFE,
  0x7F, 0xFF, 0xFF, 0xFF, 0xFF, 0xFF, 0xF9, 0xFF, 0xFF, 0xFF, 0xFF, 0xFF,
  0xFF, 0xE3, 0xFF, 0xFF, 0xFF, 0xFF, 0xFF, 0xFF, 0x07, 0xFF, 0xFF, 0xFF,
  0xFF, 0xFF, 0xF8, 0x1F, 0xFF, 0xFF, 0xFF, 0xFF, 0xFF, 0xE0, 0x3F, 0xFF,
  0xFF, 0xFF, 0xFF, 0xFF, 0x00, 0x7F, 0xFF, 0xFF, 0xFF, 0xFF, 0xF8, 0x00,
  0xFF, 0xFF, 0xFF, 0xFF, 0xFF, 0x80, 0x00, 0xFF, 0xFF, 0xFF, 0xFF, 0xFC,
  0x00, 0x00, 0x7F, 0xFF, 0xFF, 0xFF, 0x80, 0x00, 0xFF, 0xFF, 0xFF, 0xFF,
  0xFF, 0xE0, 0x03, 0xFF, 0xFF, 0xFF, 0xFF, 0xFF, 0xF0, 0x0F, 0xFF, 0xFF,
  0xFF, 0xFF, 0xFF, 0xE0, 0x3F, 0xFF, 0xFF, 0xFF, 0xFF, 0xFF, 0xE0, 0xFF,
  0xFF, 0xFF, 0xFF, 0xFF, 0xFF, 0xC3, 0xFF, 0xFF, 0xFF, 0xFF, 0xFF, 0xFF,
  0x8F, 0xFF, 0xFF, 0xFF, 0xFF, 0xFF, 0xFE, 0x3F, 0xFF, 0xFF, 0xFF, 0xFF,
  0xFF, 0xFC, 0xFF, 0xFF, 0xFF, 0xFF, 0xFF, 0xFF, 0xFB, 0xFF, 0xFF, 0xFF,
  0xFF, 0xFF, 0xFF, 0xEF, 0xFE, 0x00, 0x00, 0x00, 0x07, 0xFF, 0xBF, 0xF8,
  0x00, 0x00, 0x00, 0x0F, 0xFF, 0xFF, 0xE0, 0x00, 0x00, 0x00, 0x1F, 0xFF,
  0xFF, 0x80, 0x00, 0x00, 0x00, 0x7F, 0xFF, 0xFE, 0x00, 0x00, 0x00, 0x01,
  0xFF, 0xFF, 0xF8, 0x00, 0x00, 0x00, 0x07, 0xFF, 0xFF, 0xE0, 0x00, 0x00,
  0x00, 0x1F, 0xFF, 0xFF, 0x80, 0x00, 0x00, 0x00, 0x7F, 0xFF, 0xFE, 0x00,
  0x00, 0x00, 0x01, 0xFF, 0xFF, 0xF8, 0x00, 0x00, 0x00, 0x07, 0xFF, 0xFF,
  0xE0, 0x00, 0x00, 0x00, 0x1F, 0xFF, 0xFF, 0x80, 0x00, 0x00, 0x00, 0x7F,
  0xFF, 0xFE, 0x00, 0x00, 0x00, 0x01, 0xFF, 0xFF, 0xF8, 0x00, 0x00, 0x00,
  0x07, 0xFF, 0xFF, 0xE0, 0x00, 0x00, 0x00, 0x1F, 0xFF, 0xFF, 0x80, 0x00,
  0x00, 0x00, 0x7F, 0xFF, 0xFE, 0x00, 0x00, 0x00, 0x01, 0xFF, 0xFF, 0xF8,
  0x00, 0x00, 0x00, 0x07, 0xFF, 0xFF, 0xE0, 0x00, 0x00, 0x00, 0x1F, 0xFF,
  0xFF, 0x80, 0x00, 0x00, 0x00, 0x7F, 0xFF, 0xFE, 0x00, 0x00, 0x00, 0x01,
  0xFF, 0xFF, 0xF8, 0x00, 0x00, 0x00, 0x07, 0xFF, 0xFF, 0xE0, 0x00, 0x00,
  0x00, 0x1F, 0xFF, 0xFF, 0x80, 0x00, 0x00, 0x00, 0x7F, 0xFF, 0xFE, 0x00,
  0x00, 0x00, 0x01, 0xFF, 0xFF, 0xF8, 0x00, 0x00, 0x00, 0x0F, 0xFF, 0xFF,
  0xE0, 0x00, 0x00, 0x00, 0x7F, 0xFB, 0xFF, 0xFF, 0xFF, 0xFF, 0xFF, 0xFF,
  0xEF, 0xFF, 0xFF, 0xFF, 0xFF, 0xFF, 0xFF, 0xBF, 0xFF, 0xFF, 0xFF, 0xFF,
  0xFF, 0xFC, 0xFF, 0xFF, 0xFF, 0xFF, 0xFF, 0xFF, 0xF3, 0xFF, 0xFF, 0xFF,
  0xFF, 0xFF, 0xFF, 0x8F, 0xFF, 0xFF, 0xFF, 0xFF, 0xFF, 0xFC, 0x3F, 0xFF,
  0xFF, 0xFF, 0xFF, 0xFF, 0xE0, 0xFF, 0xFF, 0xFF, 0xFF, 0xFF, 0xFF, 0x03,
  0xFF, 0xFF, 0xFF, 0xFF, 0xFF, 0xF0, 0x0F, 0xFF, 0xFF, 0xFF, 0xFF, 0xFE,
  0x00, 0x3F, 0xF8, 0x00, 0x00, 0x00, 0x00, 0x00, 0xFF, 0xE0, 0x00, 0x00,
  0x00, 0x00, 0x03, 0xFF, 0x80, 0x00, 0x00, 0x00, 0x00, 0x0F, 0xFE, 0x00,
  0x00, 0x00, 0x00, 0x00, 0x3F, 0xF8, 0x00, 0x00, 0x00, 0x00, 0x00, 0xFF,
  0xE0, 0x00, 0x00, 0x00, 0x00, 0x03, 0xFF, 0x80, 0x00, 0x00, 0x00, 0x00,
  0x0F, 0xFE, 0x00, 0x00, 0x00, 0x00, 0x00, 0x3F, 0xF8, 0x00, 0x00, 0x00,
  0x00, 0x00, 0xFF, 0xE0, 0x00, 0x00, 0x00, 0x00, 0x03, 0xFF, 0x80, 0x00,
  0x00, 0x00, 0x00, 0x00, 0x00, 0x1F, 0xFF, 0xFF, 0xFF, 0xE0, 0x00, 0x03,
  0xFF, 0xFF, 0xFF, 0xFF, 0xF0, 0x00, 0x1F, 0xFF, 0xFF, 0xFF, 0xFF, 0xE0,
  0x01, 0xFF, 0xFF, 0xFF, 0xFF, 0xFF, 0xE0, 0x0F, 0xFF, 0xFF, 0xFF, 0xFF,
  0xFF, 0xC0, 0x7F, 0xFF, 0xFF, 0xFF, 0xFF, 0xFF, 0x81, 0xFF, 0xFF, 0xFF,
  0xFF, 0xFF, 0xFE, 0x0F, 0xFF, 0xFF, 0xFF, 0xFF, 0xFF, 0xFC, 0x7F, 0xFF,
  0xFF, 0xFF, 0xFF, 0xFF, 0xF9, 0xFF, 0xFF, 0xFF, 0xFF, 0xFF, 0xFF, 0xE7,
  0xFF, 0x80, 0x00, 0x00, 0x07, 0xFF, 0xBF, 0xFC, 0x00, 0x00, 0x00, 0x0F,
  0xFF, 0xFF, 0xE0, 0x00, 0x00, 0x00, 0x1F, 0xFF, 0xFF, 0x80, 0x00, 0x00,
  0x00, 0x7F, 0xFF, 0xFE, 0x00, 0x00, 0x00, 0x01, 0xFF, 0xFF, 0xF8, 0x00,
  0x00, 0x00, 0x07, 0xFF, 0xFF, 0xE0, 0x00, 0x00, 0x00, 0x1F, 0xFF, 0xFF,
  0x80, 0x00, 0x00, 0x00, 0x7F, 0xFF, 0xFE, 0x00, 0x00, 0x00, 0x01, 0xFF,
  0xFF, 0xF8, 0x00, 0x00, 0x00, 0x07, 0xFF, 0xFF, 0xE0, 0x00, 0x00, 0x00,
  0x1F, 0xFF, 0xFF, 0x80, 0x00, 0x00, 0x00, 0x7F, 0xFF, 0xFE, 0x00, 0x00,
  0x00, 0x01, 0xFF, 0xFF, 0xF8, 0x00, 0x00, 0x00, 0x07, 0xFF, 0xFF, 0xE0,
  0x00, 0x00, 0x00, 0x1F, 0xFF, 0xFF, 0x80, 0x00, 0x00, 0x00, 0x7F, 0xFF,
  0xFE, 0x00, 0x00, 0x00, 0x01, 0xFF, 0xFF, 0xF8, 0x00, 0x00, 0x00, 0x07,
  0xFF, 0xFF, 0xE0, 0x00, 0x00, 0x00, 0x1F, 0xFF, 0xFF, 0x80, 0x00, 0x00,
  0x00, 0x7F, 0xFF, 0xFE, 0x00, 0x00, 0x00, 0x01, 0xFF, 0xFF, 0xF8, 0x00,
  0x00, 0x00, 0x07, 0xFF, 0xFF, 0xE0, 0x00, 0x00, 0x00, 0x1F, 0xFF, 0xFF,
  0x80, 0x00, 0x00, 0x00, 0x7F, 0xFF, 0xFE, 0x00, 0x00, 0x00, 0x01, 0xFF,
  0xFF, 0xF8, 0x00, 0x00, 0x00, 0x07, 0xFF, 0xFF, 0xE0, 0x00, 0x00, 0x00,
  0x1F, 0xFF, 0xFF, 0x80, 0x00, 0x00, 0x00, 0x7F, 0xFF, 0xFE, 0x00, 0x00,
  0x00, 0x01, 0xFF, 0xFF, 0xF8, 0x00, 0x00, 0x00, 0x07, 0xFF, 0xFF, 0xE0,
  0x00, 0x00, 0x00, 0x1F, 0xFF, 0xFF, 0x80, 0x00, 0x00, 0x00, 0x7F, 0xFF,
  0xFE, 0x00, 0x00, 0x00, 0x01, 0xFF, 0xFF, 0xF8, 0x00, 0x00, 0x00, 0x07,
  0xFF, 0xFF, 0xE0, 0x00, 0x00, 0x00, 0x1F, 0xFF, 0xFF, 0x80, 0x00, 0x00,
  0x00, 0x7F, 0xFF, 0xFF, 0x00, 0x00, 0x00, 0x03, 0xFF, 0xDF, 0xFE, 0x00,
  0x00, 0x00, 0x1F, 0xFE, 0x7F, 0xFF, 0xFF, 0xFF, 0xFF, 0xFF, 0xF9, 0xFF,
  0xFF, 0xFF, 0xFF, 0xFF, 0xFF, 0xE3, 0xFF, 0xFF, 0xFF, 0xFF, 0xFF, 0xFF,
  0x07, 0xFF, 0xFF, 0xFF, 0xFF, 0xFF, 0xFC, 0x1F, 0xFF, 0xFF, 0xFF, 0xFF,
  0xFF, 0xE0, 0x3F, 0xFF, 0xFF, 0xFF, 0xBF, 0xFF, 0x00, 0x7F, 0xFF, 0xFF,
  0xFE, 0xFF, 0xF8, 0x00, 0x7F, 0xFF, 0xFF, 0xF9, 0xFF, 0xE0, 0x00, 0xFF,
  0xFF, 0xFF, 0xE7, 0xFF, 0xC0, 0x00, 0x7F, 0xFF, 0xFF, 0x8F, 0xFF, 0x00,
  0x00, 0x00, 0x00, 0x00, 0x3F, 0xFE, 0x00, 0x00, 0x00, 0x00, 0x00, 0x7F,
  0xFC, 0x00, 0x00, 0x00, 0x00, 0x00, 0xFF, 0xF0, 0x00, 0x00, 0x00, 0x00,
  0x03, 0xFF, 0xE0, 0x00, 0x00, 0x00, 0x00, 0x07, 0xFF, 0x80, 0x00, 0x00,
  0x00, 0x00, 0x1F, 0xFF, 0xFF, 0xFF, 0xFF, 0xFF, 0xFF, 0xE0, 0x03, 0xFF,
  0xFF, 0xFF, 0xFF, 0xFF, 0xF0, 0x0F, 0xFF, 0xFF, 0xFF, 0xFF, 0xFF, 0xE0,
  0x3F, 0xFF, 0xFF, 0xFF, 0xFF, 0xFF, 0xE0, 0xFF, 0xFF, 0xFF, 0xFF, 0xFF,
  0xFF, 0xC3, 0xFF, 0xFF, 0xFF, 0xFF, 0xFF, 0xFF, 0x8F, 0xFF, 0xFF, 0xFF,
  0xFF, 0xFF, 0xFE, 0x3F, 0xFF, 0xFF, 0xFF, 0xFF, 0xFF, 0xFC, 0xFF, 0xFF,
  0xFF, 0xFF, 0xFF, 0xFF, 0xFB, 0xFF, 0xFF, 0xFF, 0xFF, 0xFF, 0xFF, 0xEF,
  0xFE, 0x00, 0x00, 0x00, 0x07, 0xFF, 0xBF, 0xF8, 0x00, 0x00, 0x00, 0x0F,
  0xFF, 0xFF, 0xE0, 0x00, 0x00, 0x00, 0x1F, 0xFF, 0xFF, 0x80, 0x00, 0x00,
  0x00, 0x7F, 0xFF, 0xFE, 0x00, 0x00, 0x00, 0x01, 0xFF, 0xFF, 0xF8, 0x00,
  0x00, 0x00, 0x07, 0xFF, 0xFF, 0xE0, 0x00, 0x00, 0x00, 0x1F, 0xFF, 0xFF,
  0x80, 0x00, 0x00, 0x00, 0x7F, 0xFF, 0xFE, 0x00, 0x00, 0x00, 0x01, 0xFF,
  0xFF, 0xF8, 0x00, 0x00, 0x00, 0x07, 0xFF, 0xFF, 0xE0, 0x00, 0x00, 0x00,
  0x1F, 0xFF, 0xFF, 0x80, 0x00, 0x00, 0x00, 0x7F, 0xFF, 0xFE, 0x00, 0x00,
  0x00, 0x01, 0xFF, 0xFF, 0xF8, 0x00, 0x00, 0x00, 0x07, 0xFF, 0xFF, 0xE0,
  0x00, 0x00, 0x00, 0x1F, 0xFF, 0xFF, 0x80, 0x00, 0x00, 0x00, 0x7F, 0xFF,
  0xFE, 0x00, 0x00, 0x00, 0x01, 0xFF, 0xFF, 0xF8, 0x00, 0x00, 0x00, 0x07,
  0xFF, 0xFF, 0xE0, 0x00, 0x00, 0x00, 0x1F, 0xFF, 0xFF, 0x80, 0x00, 0x00,
  0x00, 0x7F, 0xFF, 0xFE, 0x00, 0x00, 0x00, 0x01, 0xFF, 0xFF, 0xF8, 0x00,
  0x00, 0x00, 0x07, 0xFF, 0xFF, 0xE0, 0x00, 0x00, 0x00, 0x1F, 0xFF, 0xFF,
  0x80, 0x00, 0x00, 0x00, 0x7F, 0xFF, 0xFE, 0x00, 0x00, 0x00, 0x01, 0xFF,
  0xFF, 0xF8, 0x00, 0x00, 0x00, 0x0F, 0xFF, 0xFF, 0xE0, 0x00, 0x00, 0x00,
  0x7F, 0xFB, 0xFF, 0xFF, 0xFF, 0xFF, 0xFF, 0xFF, 0xEF, 0xFF, 0xFF, 0xFF,
  0xFF, 0xFF, 0xFF, 0xBF, 0xFF, 0xFF, 0xFF, 0xFF, 0xFF, 0xFC, 0xFF, 0xFF,
  0xFF, 0xFF, 0xFF, 0xFF, 0xE3, 0xFF, 0xFF, 0xFF, 0xFF, 0xFF, 0xFF, 0x8F,
  0xFF, 0xFF, 0xFF, 0xFF, 0xFF, 0xFC, 0x3F, 0xFF, 0xFF, 0xFF, 0xFF, 0xFF,
  0xE0, 0xFF, 0xFF, 0xFF, 0xFF, 0xFF, 0xFE, 0x03, 0xFF, 0xFF, 0xFF, 0xFF,
  0xFF, 0xF0, 0x0F, 0xFF, 0xFF, 0xFF, 0xFF, 0xFE, 0x00, 0x3F, 0xF8, 0x00,
  0x00, 0xFF, 0xFC, 0x00, 0xFF, 0xE0, 0x00, 0x01, 0xFF, 0xF8, 0x03, 0xFF,
  0x80, 0x00, 0x03, 0xFF, 0xF0, 0x0F, 0xFE, 0x00, 0x00, 0x07, 0xFF, 0xE0,
  0x3F, 0xF8, 0x00, 0x00, 0x1F, 0xFF, 0xC0, 0xFF, 0xE0, 0x00, 0x00, 0x3F,
  0xFF, 0x83, 0xFF, 0x80, 0x00, 0x00, 0x7F, 0xFF, 0x0F, 0xFE, 0x00, 0x00,
  0x00, 0xFF, 0xFE, 0x3F, 0xF8, 0x00, 0x00, 0x01, 0xFF, 0xFC, 0xFF, 0xE0,
  0x00, 0x00, 0x03, 0xFF, 0xFB, 0xFF, 0x80, 0x00, 0x00, 0x07, 0xFF, 0xF0,
  0x00, 0x1F, 0xFF, 0xFF, 0xFF, 0xFF, 0x80, 0x03, 0xFF, 0xFF, 0xFF, 0xFF,
  0xFE, 0x00, 0x1F, 0xFF, 0xFF, 0xFF, 0xFF, 0xF8, 0x01, 0xFF, 0xFF, 0xFF,
  0xFF, 0xFF, 0xE0, 0x0F, 0xFF, 0xFF, 0xFF, 0xFF, 0xFF, 0x80, 0x7F, 0xFF,
  0xFF, 0xFF, 0xFF, 0xFE, 0x01, 0xFF, 0xFF, 0xFF, 0xFF, 0xFF, 0xF8, 0x0F,
  0xFF, 0xFF, 0xFF, 0xFF, 0xFF, 0xE0, 0x7F, 0xFF, 0xFF, 0xFF, 0xFF, 0xFF,
  0x81, 0xFF, 0xFF, 0xFF, 0xFF, 0xFF, 0xFE, 0x07, 0xFF, 0x80, 0x00, 0x00,
  0x00, 0x00, 0x3F, 0xFC, 0x00, 0x00, 0x00, 0x00, 0x00, 0xFF, 0xE0, 0x00,
  0x00, 0x00, 0x00, 0x03, 0xFF, 0x80, 0x00, 0x00, 0x00, 0x00, 0x0F, 0xFE,
  0x00, 0x00, 0x00, 0x00, 0x00, 0x3F, 0xF8, 0x00, 0x00, 0x00, 0x00, 0x00,
  0xFF, 0xE0, 0x00, 0x00, 0x00, 0x00, 0x03, 0xFF, 0xC0, 0x00, 0x00, 0x00,
  0x00, 0x0F, 0xFF, 0x00, 0x00, 0x00, 0x00, 0x00, 0x3F, 0xFF, 0x00, 0x00,
  0x00, 0x00, 0x00, 0xFF, 0xFF, 0xC0, 0x00, 0x00, 0x00, 0x03, 0xFF, 0xFF,
  0xF0, 0x00, 0x00, 0x00, 0x0F, 0xFF, 0xFF, 0xF8, 0x00, 0x00, 0x00, 0x1F,
  0xFF, 0xFF, 0xFE, 0x00, 0x00, 0x00, 0x7F, 0xFF, 0xFF, 0xFF, 0x00, 0x00,
  0x00, 0xFF, 0xFF, 0xFF, 0xFF, 0xC0, 0x00, 0x03, 0xFF, 0xFF, 0xFF, 0xFF,
  0xF0, 0x00, 0x07, 0xFF, 0xFF, 0xFF, 0xFF, 0xF8, 0x00, 0x07, 0xFF, 0xFF,
  0xFF, 0xFF, 0xFE, 0x00, 0x07, 0xFF, 0xFF, 0xFF, 0xFF, 0xFE, 0x00, 0x01,
  0xFF, 0xFF, 0xFF, 0xFF, 0xFC, 0x00, 0x00, 0xFF, 0xFF, 0xFF, 0xFF, 0xF8,
  0x00, 0x00, 0x3F, 0xFF, 0xFF, 0xFF, 0xF0, 0x00, 0x00, 0x1F, 0xFF, 0xFF,
  0xFF, 0xE0, 0x00, 0x00, 0x07, 0xFF, 0xFF, 0xFF, 0x80, 0x00, 0x00, 0x01,
  0xFF, 0xFF, 0xFF, 0x00, 0x00, 0x00, 0x00, 0xFF, 0xFF, 0xFC, 0x00, 0x00,
  0x00, 0x00, 0x3F, 0xFF, 0xF0, 0x00, 0x00, 0x00, 0x00, 0x0F, 0xFF, 0xC0,
  0x00, 0x00, 0x00, 0x00, 0x0F, 0xFF, 0x00, 0x00, 0x00, 0x00, 0x00, 0x3F,
  0xFC, 0x00, 0x00, 0x00, 0x00, 0x00, 0x7F, 0xF0, 0x00, 0x00, 0x00, 0x00,
  0x01, 0xFF, 0xC0, 0x00, 0x00, 0x00, 0x00, 0x07, 0xFF, 0x00, 0x00, 0x00,
  0x00, 0x00, 0x1F, 0xFC, 0x00, 0x00, 0x00, 0x00, 0x00, 0x7F, 0xF0, 0x00,
  0x00, 0x00, 0x00, 0x03, 0xFF, 0xC0, 0x00, 0x00, 0x00, 0x00, 0x1F, 0xFE,
  0x07, 0xFF, 0xFF, 0xFF, 0xFF, 0xFF, 0xF8, 0x1F, 0xFF, 0xFF, 0xFF, 0xFF,
  0xFF, 0xE0, 0x7F, 0xFF, 0xFF, 0xFF, 0xFF, 0xFF, 0x01, 0xFF, 0xFF, 0xFF,
  0xFF, 0xFF, 0xF8, 0x07, 0xFF, 0xFF, 0xFF, 0xFF, 0xFF, 0xE0, 0x1F, 0xFF,
  0xFF, 0xFF, 0xFF, 0xFF, 0x00, 0x7F, 0xFF, 0xFF, 0xFF, 0xFF, 0xF8, 0x01,
  0xFF, 0xFF, 0xFF, 0xFF, 0xFF, 0x80, 0x07, 0xFF, 0xFF, 0xFF, 0xFF, 0xFC,
  0x00, 0x1F, 0xFF, 0xFF, 0xFF, 0xFF, 0x80, 0x00, 0xFF, 0xFF, 0xFF, 0xFF,
  0xFF, 0xFF, 0xFF, 0xFF, 0xFF, 0xFF, 0xFF, 0xFF, 0xFF, 0xFF, 0xFF, 0xFF,
  0xFF, 0xFF, 0xFF, 0xFF, 0xFF, 0xFF, 0xFF, 0xFF, 0xFF, 0xFF, 0xFF, 0xFF,
  0xFF, 0xFF, 0xFF, 0xFF, 0xFF, 0xFF, 0xFF, 0xFF, 0xFF, 0xFF, 0xFF, 0xFF,
  0xFF, 0xFF, 0xFF, 0xFF, 0xFF, 0xFF, 0xFF, 0xFF, 0xFF, 0xFF, 0xFF, 0xFF,
  0xFF, 0xFF, 0xFF, 0xFF, 0xFF, 0xFF, 0xFF, 0xFF, 0xFF, 0xFF, 0xFF, 0xFF,
  0xFF, 0xFF, 0xFF, 0xF0, 0x00, 0x00, 0x7F, 0xF0, 0x00, 0x00, 0x00, 0x00,
  0x01, 0xFF, 0xC0, 0x00, 0x00, 0x00, 0x00, 0x07, 0xFF, 0x00, 0x00, 0x00,
  0x00, 0x00, 0x1F, 0xFC, 0x00, 0x00, 0x00, 0x00, 0x00, 0x7F, 0xF0, 0x00,
  0x00, 0x00, 0x00, 0x01, 0xFF, 0xC0, 0x00, 0x00, 0x00, 0x00, 0x07, 0xFF,
  0x00, 0x00, 0x00, 0x00, 0x00, 0x1F, 0xFC, 0x00, 0x00, 0x00, 0x00, 0x00,
  0x7F, 0xF0, 0x00, 0x00, 0x00, 0x00, 0x01, 0xFF, 0xC0, 0x00, 0x00, 0x00,
  0x00, 0x07, 0xFF, 0x00, 0x00, 0x00, 0x00, 0x00, 0x1F, 0xFC, 0x00, 0x00,
  0x00, 0x00, 0x00, 0x7F, 0xF0, 0x00, 0x00, 0x00, 0x00, 0x01, 0xFF, 0xC0,
  0x00, 0x00, 0x00, 0x00, 0x07, 0xFF, 0x00, 0x00, 0x00, 0x00, 0x00, 0x1F,
  0xFC, 0x00, 0x00, 0x00, 0x00, 0x00, 0x7F, 0xF0, 0x00, 0x00, 0x00, 0x00,
  0x01, 0xFF, 0xC0, 0x00, 0x00, 0x00, 0x00, 0x07, 0xFF, 0x00, 0x00, 0x00,
  0x00, 0x00, 0x1F, 0xFC, 0x00, 0x00, 0x00, 0x00, 0x00, 0x7F, 0xF0, 0x00,
  0x00, 0x00, 0x00, 0x01, 0xFF, 0xC0, 0x00, 0x00, 0x00, 0x00, 0x07, 0xFF,
  0x00, 0x00, 0x00, 0x00, 0x00, 0x1F, 0xFC, 0x00, 0x00, 0x00, 0x00, 0x00,
  0x7F, 0xF0, 0x00, 0x00, 0x00, 0x00, 0x01, 0xFF, 0xC0, 0x00, 0x00, 0x00,
  0x00, 0x07, 0xFF, 0x00, 0x00, 0x00, 0x00, 0x00, 0x1F, 0xFC, 0x00, 0x00,
  0x00, 0x00, 0x00, 0x7F, 0xF0, 0x00, 0x00, 0x00, 0x00, 0x01, 0xFF, 0xC0,
  0x00, 0x00, 0x00, 0x00, 0x07, 0xFF, 0x00, 0x00, 0x00, 0x00, 0x00, 0x1F,
  0xFC, 0x00, 0x00, 0x00, 0x00, 0x00, 0x7F, 0xF0, 0x00, 0x00, 0x00, 0x00,
  0x01, 0xFF, 0xC0, 0x00, 0x00, 0x00, 0x00, 0x07, 0xFF, 0x00, 0x00, 0x00,
  0x00, 0x00, 0x1F, 0xFC, 0x00, 0x00, 0x00, 0x00, 0x00, 0x7F, 0xF0, 0x00,
  0x00, 0x00, 0x00, 0x01, 0xFF, 0xC0, 0x00, 0x00, 0x00, 0x00, 0x07, 0xFF,
  0x00, 0x00, 0x00, 0x00, 0x00, 0x1F, 0xFC, 0x00, 0x00, 0x00, 0x00, 0x00,
  0x7F, 0xF0, 0x00, 0x00, 0x00, 0x00, 0x01, 0xFF, 0xC0, 0x00, 0x00, 0x00,
  0x00, 0x07, 0xFF, 0x00, 0x00, 0x00, 0x00, 0x00, 0x1F, 0xFC, 0x00, 0x00,
  0x00, 0x00, 0x00, 0x7F, 0xF0, 0x00, 0x00, 0x00, 0x00, 0x01, 0xFF, 0xC0,
  0x00, 0x00, 0x00, 0x00, 0x07, 0xFF, 0x00, 0x00, 0x00, 0x00, 0x00, 0x1F,
  0xFC, 0x00, 0x00, 0x00, 0xFF, 0xE0, 0x00, 0x00, 0x00, 0x1F, 0xFF, 0xFF,
  0x80, 0x00, 0x00, 0x00, 0x7F, 0xFF, 0xFE, 0x00, 0x00, 0x00, 0x01, 0xFF,
  0xFF, 0xF8, 0x00, 0x00, 0x00, 0x07, 0xFF, 0xFF, 0xE0, 0x00, 0x00, 0x00,
  0x1F, 0xFF, 0xFF, 0x80, 0x00, 0x00, 0x00, 0x7F, 0xFF, 0xFE, 0x00, 0x00,
  0x00, 0x01, 0xFF, 0xFF, 0xF8, 0x00, 0x00, 0x00, 0x07, 0xFF, 0xFF, 0xE0,
  0x00, 0x00, 0x00, 0x1F, 0xFF, 0xFF, 0x80, 0x00, 0x00, 0x00, 0x7F, 0xFF,
  0xFE, 0x00, 0x00, 0x00, 0x01, 0xFF, 0xFF, 0xF8, 0x00, 0x00, 0x00, 0x07,
  0xFF, 0xFF, 0xE0, 0x00, 0x00, 0x00, 0x1F, 0xFF, 0xFF, 0x80, 0x00, 0x00,
  0x00, 0x7F, 0xFF, 0xFE, 0x00, 0x00, 0x00, 0x01, 0xFF, 0xFF, 0xF8, 0x00,
  0x00, 0x00, 0x07, 0xFF, 0xFF, 0xE0, 0x00, 0x00, 0x00, 0x1F, 0xFF, 0xFF,
  0x80, 0x00, 0x00, 0x00, 0x7F, 0xFF, 0xFE, 0x00, 0x00, 0x00, 0x01, 0xFF,
  0xFF, 0xF8, 0x00, 0x00, 0x00, 0x07, 0xFF, 0xFF, 0xE0, 0x00, 0x00, 0x00,
  0x1F, 0xFF, 0xFF, 0x80, 0x00, 0x00, 0x00, 0x7F, 0xFF, 0xFE, 0x00, 0x00,
  0x00, 0x01, 0xFF, 0xFF, 0xF8, 0x00, 0x00, 0x00, 0x07, 0xFF, 0xFF, 0xE0,
  0x00, 0x00, 0x00, 0x1F, 0xFF, 0xFF, 0x80, 0x00, 0x00, 0x00, 0x7F, 0xFF,
  0xFE, 0x00, 0x00, 0x00, 0x01, 0xFF, 0xFF, 0xF8, 0x00, 0x00, 0x00, 0x07,
  0xFF, 0xFF, 0xE0, 0x00, 0x00, 0x00, 0x1F, 0xFF, 0xFF, 0x80, 0x00, 0x00,
  0x00, 0x7F, 0xFF, 0xFE, 0x00, 0x00, 0x00, 0x01, 0xFF, 0xFF, 0xF8, 0x00,
  0x00, 0x00, 0x07, 0xFF, 0xFF, 0xE0, 0x00, 0x00, 0x00, 0x1F, 0xFF, 0xFF,
  0x80, 0x00, 0x00, 0x00, 0x7F, 0xFF, 0xFE, 0x00, 0x00, 0x00, 0x01, 0xFF,
  0xFF, 0xF8, 0x00, 0x00, 0x00, 0x07, 0xFF, 0xFF, 0xE0, 0x00, 0x00, 0x00,
  0x1F, 0xFF, 0xFF, 0x80, 0x00, 0x00, 0x00, 0x7F, 0xFF, 0xFE, 0x00, 0x00,
  0x00, 0x01, 0xFF, 0xFF, 0xF8, 0x00, 0x00, 0x00, 0x07, 0xFF, 0xFF, 0xE0,
  0x00, 0x00, 0x00, 0x1F, 0xFF, 0xFF, 0x80, 0x00, 0x00, 0x00, 0x7F, 0xFF,
  0xFE, 0x00, 0x00, 0x00, 0x01, 0xFF, 0xFF, 0xF8, 0x00, 0x00, 0x00, 0x07,
  0xFF, 0xFF, 0xE0, 0x00, 0x00, 0x00, 0x1F, 0xFF, 0xFF, 0x80, 0x00, 0x00,
  0x00, 0x7F, 0xFF, 0xFF, 0x00, 0x00, 0x00, 0x03, 0xFF, 0xDF, 0xFE, 0x00,
  0x00, 0x00, 0x1F, 0xFE, 0x7F, 0xFF, 0xFF, 0xFF, 0xFF, 0xFF, 0xF9, 0xFF,
  0xFF, 0xFF, 0xFF, 0xFF, 0xFF, 0xE3, 0xFF, 0xFF, 0xFF, 0xFF, 0xFF, 0xFF,
  0x0F, 0xFF, 0xFF, 0xFF, 0xFF, 0xFF, 0xF8, 0x1F, 0xFF, 0xFF, 0xFF, 0xFF,
  0xFF, 0xE0, 0x3F, 0xFF, 0xFF, 0xFF, 0xFF, 0xFF, 0x00, 0x7F, 0xFF, 0xFF,
  0xFF, 0xFF, 0xF8, 0x00, 0xFF, 0xFF, 0xFF, 0xFF, 0xFF, 0x80, 0x00, 0xFF,
  0xFF, 0xFF, 0xFF, 0xFC, 0x00, 0x00, 0x7F, 0xFF, 0xFF, 0xFF, 0x80, 0x00,
  0xFF, 0xE0, 0x00, 0x00, 0x00, 0x00, 0x1F, 0xFF, 0xFF, 0xC0, 0x00, 0x00,
  0x00, 0x00, 0xFF, 0xF7, 0xFF, 0x00, 0x00, 0x00, 0x00, 0x03, 0xFF, 0x9F,
  0xFC, 0x00, 0x00, 0x00, 0x00, 0x0F, 0xFE, 0x3F, 0xF8, 0x00, 0x00, 0x00,
  0x00, 0x7F, 0xF0, 0xFF, 0xE0, 0x00, 0x00, 0x00, 0x01, 0xFF, 0xC1, 0xFF,
  0xC0, 0x00, 0x00, 0x00, 0x0F, 0xFF, 0x07, 0xFF, 0x00, 0x00, 0x00, 0x00,
  0x3F, 0xF8, 0x1F, 0xFE, 0x00, 0x00, 0x00, 0x01, 0xFF, 0xE0, 0x3F, 0xF8,
  0x00, 0x00, 0x00, 0x07, 0xFF, 0x00, 0xFF, 0xE0, 0x00, 0x00, 0x00, 0x1F,
  0xFC, 0x01, 0xFF, 0xC0, 0x00, 0x00, 0x00, 0xFF, 0xE0, 0x07, 0xFF, 0x00,
  0x00, 0x00, 0x03, 0xFF, 0x80, 0x1F, 0xFE, 0x00, 0x00, 0x00, 0x1F, 0xFE,
  0x00, 0x3F, 0xF8, 0x00, 0x00, 0x00, 0x7F, 0xF0, 0x00, 0xFF, 0xF0, 0x00,
  0x00, 0x03, 0xFF, 0xC0, 0x01, 0xFF, 0xC0, 0x00, 0x00, 0x0F, 0xFE, 0x00,
  0x07, 0xFF, 0x00, 0x00, 0x00, 0x3F, 0xF8, 0x00, 0x0F, 0xFE, 0x00, 0x00,
  0x01, 0xFF, 0xC0, 0x00, 0x3F, 0xF8, 0x00, 0x00, 0x07, 0xFF, 0x00, 0x00,
  0xFF, 0xF0, 0x00, 0x00, 0x3F, 0xFC, 0x00, 0x01, 0xFF, 0xC0, 0x00, 0x00,
  0xFF, 0xE0, 0x00, 0x07, 0xFF, 0x80, 0x00, 0x03, 0xFF, 0x80, 0x00, 0x0F,
  0xFE, 0x00, 0x00, 0x1F, 0xFC, 0x00, 0x00, 0x3F, 0xF8, 0x00, 0x00, 0x7F,
  0xF0, 0x00, 0x00, 0x7F, 0xF0, 0x00, 0x03, 0xFF, 0xC0, 0x00, 0x01, 0xFF,
  0xC0, 0x00, 0x0F, 0xFE, 0x00, 0x00, 0x07, 0xFF, 0x80, 0x00, 0x7F, 0xF8,
  0x00, 0x00, 0x0F, 0xFE, 0x00, 0x01, 0xFF, 0xC0, 0x00, 0x00, 0x3F, 0xF8,
  0x00, 0x07, 0xFF, 0x00, 0x00, 0x00, 0x7F, 0xF0, 0x00, 0x3F, 0xF8, 0x00,
  0x00, 0x01, 0xFF, 0xC0, 0x00, 0xFF, 0xE0, 0x00, 0x00, 0x07, 0xFF, 0x80,
  0x07, 0xFF, 0x80, 0x00, 0x00, 0x0F, 0xFE, 0x00, 0x1F, 0xFC, 0x00, 0x00,
  0x00, 0x3F, 0xFC, 0x00, 0xFF, 0xF0, 0x00, 0x00, 0x00, 0x7F, 0xF0, 0x03,
  0xFF, 0x80, 0x00, 0x00, 0x01, 0xFF, 0xC0, 0x0F, 0xFE, 0x00, 0x00, 0x00,
  0x03, 0xFF, 0x80, 0x7F, 0xF8, 0x00, 0x00, 0x00, 0x0F, 0xFE, 0x01, 0xFF,
  0xC0, 0x00, 0x00, 0x00, 0x3F, 0xFC, 0x0F, 0xFF, 0x00, 0x00, 0x00, 0x00,
  0x7F, 0xF0, 0x3F, 0xF8, 0x00, 0x00, 0x00, 0x01, 0xFF, 0xE0, 0xFF, 0xE0,
  0x00, 0x00, 0x00, 0x03, 0xFF, 0x87, 0xFF, 0x00, 0x00, 0x00, 0x00, 0x0F,
  0xFE, 0x1F, 0xFC, 0x00, 0x00, 0x00, 0x00, 0x3F, 0xFC, 0xFF, 0xF0, 0x00,
  0x00, 0x00, 0x00, 0x7F, 0xF3, 0xFF, 0x80, 0x00, 0x00, 0x00, 0x01, 0xFF,
  0xFF, 0xFE, 0x00, 0x00, 0x00, 0x00, 0x03, 0xFF, 0xFF, 0xF0, 0x00, 0x00,
  0x00, 0x00, 0x0F, 0xFF, 0xFF, 0xC0, 0x00, 0x00, 0x00, 0x00, 0x1F, 0xFF,
  0xFF, 0x00, 0x00, 0x00, 0x00, 0x00, 0x7F, 0xFF, 0xF8, 0x00, 0x00, 0x00,
  0x00, 0x01, 0xFF, 0xFF, 0xE0, 0x00, 0x00, 0x00, 0x00, 0x03, 0xFF, 0xFF,
  0x00, 0x00, 0x00, 0x00, 0x00, 0x0F, 0xFF, 0xFC, 0x00, 0x00, 0x00, 0x00,
  0x00, 0x1F, 0xFF, 0xE0, 0x00, 0x00, 0x00, 0x00, 0x00, 0x7F, 0xFF, 0x80,
  0x00, 0x00, 0x00, 0x00, 0x00, 0xFF, 0xFE, 0x00, 0x00, 0x00, 0x00, 0x00,
  0x03, 0xFF, 0xF0, 0x00, 0x00, 0x00, 0xFF, 0xE0, 0x00, 0x00, 0x07, 0xFF,
  0xFC, 0x00, 0x00, 0x00, 0x7F, 0xFF, 0xFE, 0x00, 0x00, 0x00, 0x7F, 0xFF,
  0xE0, 0x00, 0x00, 0x0F, 0xFE, 0x7F, 0xF0, 0x00, 0x00, 0x07, 0xFF, 0xFE,
  0x00, 0x00, 0x00, 0xFF, 0xE7, 0xFF, 0x00, 0x00, 0x00, 0x7F, 0xFF, 0xE0,
  0x00, 0x00, 0x0F, 0xFE, 0x7F, 0xF0, 0x00, 0x00, 0x0F, 0xFF, 0xFE, 0x00,
  0x00, 0x01, 0xFF, 0xE7, 0xFF, 0x80, 0x00, 0x00, 0xFF, 0xFF, 0xF0, 0x00,
  0x00, 0x1F, 0xFC, 0x3F, 0xF8, 0x00, 0x00, 0x0F, 0xFF, 0xFF, 0x00, 0x00,
  0x01, 0xFF, 0xC3, 0xFF, 0x80, 0x00, 0x01, 0xFF, 0xFF, 0xF0, 0x00, 0x00,
  0x1F, 0xFC, 0x3F, 0xF8, 0x00, 0x00, 0x1F, 0xFF, 0xFF, 0x00, 0x00, 0x03,
  0xFF, 0x81, 0xFF, 0xC0, 0x00, 0x01, 0xFF, 0xFF, 0xF8, 0x00, 0x00, 0x3F,
  0xF8, 0x1F, 0xFC, 0x00, 0x00, 0x1F, 0xFF, 0xFF, 0x80, 0x00, 0x03, 0xFF,
  0x81, 0xFF, 0xC0, 0x00, 0x03, 0xFF, 0xFF, 0xF8, 0x00, 0x00, 0x7F, 0xF8,
  0x1F, 0xFE, 0x00, 0x00, 0x3F, 0xFB, 0xFF, 0xC0, 0x00, 0x07, 0xFF, 0x00,
  0xFF, 0xE0, 0x00, 0x03, 0xFF, 0x9F, 0xFC, 0x00, 0x00, 0x7F, 0xF0, 0x0F,
  0xFE, 0x00, 0x00, 0x7F, 0xF9, 0xFF, 0xC0, 0x00, 0x07, 0xFF, 0x00, 0xFF,
  0xE0, 0x00, 0x07, 0xFF, 0x1F, 0xFC, 0x00, 0x00, 0xFF, 0xE0, 0x07, 0xFF,
  0x00, 0x00, 0x7F, 0xF0, 0xFF, 0xE0, 0x00, 0x0F, 0xFE, 0x00, 0x7F, 0xF0,
  0x00, 0x07, 0xFF, 0x0F, 0xFE, 0x00, 0x00, 0xFF, 0xE0, 0x07, 0xFF, 0x00,
  0x00, 0xFF, 0xF0, 0xFF, 0xE0, 0x00, 0x1F, 0xFE, 0x00, 0x7F, 0xF0, 0x00,
  0x0F, 0xFE, 0x0F, 0xFF, 0x00, 0x01, 0xFF, 0xC0, 0x03, 0xFF, 0x80, 0x00,
  0xFF, 0xE0, 0x7F, 0xF0, 0x00, 0x1F, 0xFC, 0x00, 0x3F, 0xF8, 0x00, 0x0F,
  0xFE, 0x07, 0xFF, 0x00, 0x01, 0xFF, 0xC0, 0x03, 0xFF, 0x80, 0x01, 0xFF,
  0xC0, 0x7F, 0xF0, 0x00, 0x3F, 0xF8, 0x00, 0x1F, 0xFC, 0x00, 0x1F, 0xFC,
  0x03, 0xFF, 0x80, 0x03, 0xFF, 0x80, 0x01, 0xFF, 0xC0, 0x01, 0xFF, 0xC0,
  0x3F, 0xF8, 0x00, 0x3F, 0xF8, 0x00, 0x1F, 0xFC, 0x00, 0x3F, 0xFC, 0x03,
  0xFF, 0x80, 0x03, 0xFF, 0x80, 0x01, 0xFF, 0xC0, 0x03, 0xFF, 0x80, 0x3F,
  0xFC, 0x00, 0x7F, 0xF0, 0x00, 0x0F, 0xFE, 0x00, 0x3F, 0xF8, 0x01, 0xFF,
  0xC0, 0x07, 0xFF, 0x00, 0x00, 0xFF, 0xE0, 0x03, 0xFF, 0x80, 0x1F, 0xFC,
  0x00, 0x7F, 0xF0, 0x00, 0x0F, 0xFE, 0x00, 0x7F, 0xF0, 0x01, 0xFF, 0xC0,
  0x0F, 0xFE, 0x00, 0x00, 0xFF, 0xF0, 0x07, 0xFF, 0x00, 0x0F, 0xFE, 0x00,
  0xFF, 0xE0, 0x00, 0x07, 0xFF, 0x00, 0x7F, 0xF0, 0x00, 0xFF, 0xE0, 0x0F,
  0xFE, 0x00, 0x00, 0x7F, 0xF0, 0x0F, 0xFF, 0x00, 0x0F, 0xFE, 0x00, 0xFF,
  0xE0, 0x00, 0x07, 0xFF, 0x00, 0xFF, 0xE0, 0x00, 0xFF, 0xF0, 0x1F, 0xFC,
  0x00, 0x00, 0x3F, 0xF8, 0x0F, 0xFE, 0x00, 0x07, 0xFF, 0x01, 0xFF, 0xC0,
  0x00, 0x03, 0xFF, 0x80, 0xFF, 0xE0, 0x00, 0x7F, 0xF0, 0x1F, 0xFC, 0x00,
  0x00, 0x3F, 0xF8, 0x1F, 0xFC, 0x00, 0x07, 0xFF, 0x03, 0xFF, 0x80, 0x00,
  0x03, 0xFF, 0xC1, 0xFF, 0xC0, 0x00, 0x3F, 0xF8, 0x3F, 0xF8, 0x00, 0x00,
  0x1F, 0xFC, 0x1F, 0xFC, 0x00, 0x03, 0xFF, 0x83, 0xFF, 0x80, 0x00, 0x01,
  0xFF, 0xC1, 0xFF, 0xC0, 0x00, 0x3F, 0xF8, 0x3F, 0xF8, 0x00, 0x00, 0x1F,
  0xFC, 0x3F, 0xF8, 0x00, 0x03, 0xFF, 0x87, 0xFF, 0x00, 0x00, 0x00, 0xFF,
  0xE3, 0xFF, 0x80, 0x00, 0x1F, 0xFC, 0x7F, 0xF0, 0x00, 0x00, 0x0F, 0xFE,
  0x3F, 0xF8, 0x00, 0x01, 0xFF, 0xC7, 0xFF, 0x00, 0x00, 0x00, 0xFF, 0xE7,
  0xFF, 0x00, 0x00, 0x1F, 0xFC, 0xFF, 0xE0, 0x00, 0x00, 0x0F, 0xFF, 0x7F,
  0xF0, 0x00, 0x00, 0xFF, 0xEF, 0xFE, 0x00, 0x00, 0x00, 0x7F, 0xF7, 0xFF,
  0x00, 0x00, 0x0F, 0xFE, 0xFF, 0xE0, 0x00, 0x00, 0x07, 0xFF, 0x7F, 0xF0,
  0x00, 0x00, 0xFF, 0xEF, 0xFE, 0x00, 0x00, 0x00, 0x7F, 0xFF, 0xFE, 0x00,
  0x00, 0x0F, 0xFF, 0xFF, 0xC0, 0x00, 0x00, 0x03, 0xFF, 0xFF, 0xE0, 0x00,
  0x00, 0x7F, 0xFF, 0xFC, 0x00, 0x00, 0x00, 0x3F, 0xFF, 0xFE, 0x00, 0x00,
  0x07, 0xFF, 0xFF, 0xC0, 0x00, 0x00, 0x03, 0xFF, 0xFF, 0xC0, 0x00, 0x00,
  0x7F, 0xFF, 0xFC, 0x00, 0x00, 0x00, 0x3F, 0xFF, 0xFC, 0x00, 0x00, 0x03,
  0xFF, 0xFF, 0x80, 0x00, 0x00, 0x01, 0xFF, 0xFF, 0xC0, 0x00, 0x00, 0x3F,
  0xFF, 0xF8, 0x00, 0x00, 0x00, 0x1F, 0xFF, 0xFC, 0x00, 0x00, 0x03, 0xFF,
  0xFF, 0x80, 0x00, 0x00, 0x01, 0xFF, 0xFF, 0x80, 0x00, 0x00, 0x3F, 0xFF,
  0xF0, 0x00, 0x00, 0x00, 0x0F, 0xFF, 0xF8, 0x00, 0x00, 0x01, 0xFF, 0xFF,
  0x00, 0x00, 0x00, 0x00, 0xFF, 0xFF, 0x80, 0x00, 0x00, 0x1F, 0xFF, 0xF0,
  0x00, 0x00, 0x00, 0x0F, 0xFF, 0xF0, 0x00, 0x00, 0x01, 0xFF, 0xFF, 0x00,
  0x00, 0xFF, 0xFC, 0x00, 0x00, 0x00, 0x00, 0xFF, 0xFD, 0xFF, 0xF8, 0x00,
  0x00, 0x00, 0x07, 0xFF, 0xE3, 0xFF, 0xF0, 0x00, 0x00, 0x00, 0x3F, 0xFF,
  0x07, 0xFF, 0xC0, 0x00, 0x00, 0x00, 0xFF, 0xF8, 0x0F, 0xFF, 0x80, 0x00,
  0x00, 0x07, 0xFF, 0xC0, 0x3F, 0xFF, 0x00, 0x00, 0x00, 0x3F, 0xFF, 0x00,
  0x7F, 0xFE, 0x00, 0x00, 0x01, 0xFF, 0xF8, 0x00, 0xFF, 0xFC, 0x00, 0x00,
  0x0F, 0xFF, 0xC0, 0x01, 0xFF, 0xF8, 0x00, 0x00, 0x7F, 0xFE, 0x00, 0x03,
  0xFF, 0xF0, 0x00, 0x01, 0xFF, 0xF0, 0x00, 0x07, 0xFF, 0xC0, 0x00, 0x0F,
  0xFF, 0x80, 0x00, 0x1F, 0xFF, 0x80, 0x00, 0x7F, 0xFE, 0x00, 0x00, 0x3F,
  0xFF, 0x00, 0x03, 0xFF, 0xF0, 0x00, 0x00, 0x7F, 0xFE, 0x00, 0x1F, 0xFF,
  0x80, 0x00, 0x00, 0xFF, 0xFC, 0x00, 0xFF, 0xFC, 0x00, 0x00, 0x01, 0xFF,
  0xF8, 0x07, 0xFF, 0xE0, 0x00, 0x00, 0x03, 0xFF, 0xE0, 0x1F, 0xFF, 0x00,
  0x00, 0x00, 0x0F, 0xFF, 0xC0, 0xFF, 0xFC, 0x00, 0x00, 0x00, 0x1F, 0xFF,
  0x87, 0xFF, 0xE0, 0x00, 0x00, 0x00, 0x3F, 0xFF, 0x3F, 0xFF, 0x00, 0x00,
  0x00, 0x00, 0x7F, 0xFF, 0xFF, 0xF8, 0x00, 0x00, 0x00, 0x00, 0xFF, 0xFF,
  0xFF, 0xC0, 0x00, 0x00, 0x00, 0x01, 0xFF, 0xFF, 0xFE, 0x00, 0x00, 0x00,
  0x00, 0x03, 0xFF, 0xFF, 0xF8, 0x00, 0x00, 0x00, 0x00, 0x0F, 0xFF, 0xFF,
  0xC0, 0x00, 0x00, 0x00, 0x00, 0x1F, 0xFF, 0xFE, 0x00, 0x00, 0x00, 0x00,
  0x00, 0x3F, 0xFF, 0xF0, 0x00, 0x00, 0x00, 0x00, 0x00, 0x7F, 0xFF, 0x80,
  0x00, 0x00, 0x00, 0x00, 0x00, 0xFF, 0xFC, 0x00, 0x00, 0x00, 0x00, 0x00,
  0x03, 0xFF, 0xF0, 0x00, 0x00, 0x00, 0x00, 0x00, 0x1F, 0xFF, 0xE0, 0x00,
  0x00, 0x00, 0x00, 0x00, 0xFF, 0xFF, 0xC0, 0x00, 0x00, 0x00, 0x00, 0x07,
  0xFF, 0xFF, 0x80, 0x00, 0x00, 0x00, 0x00, 0x3F, 0xFF, 0xFF, 0x00, 0x00,
  0x00, 0x00, 0x00, 0xFF, 0xFF, 0xFE, 0x00, 0x00, 0x00, 0x00, 0x07, 0xFF,
  0xFF, 0xF8, 0x00, 0x00, 0x00, 0x00, 0x3F, 0xFF, 0xFF, 0xF0, 0x00, 0x00,
  0x00, 0x01, 0xFF, 0xFF, 0xFF, 0xE0, 0x00, 0x00, 0x00, 0x0F, 0xFF, 0xCF,
  0xFF, 0xC0, 0x00, 0x00, 0x00, 0x7F, 0xFE, 0x1F, 0xFF, 0x80, 0x00, 0x00,
  0x03, 0xFF, 0xF0, 0x3F, 0xFF, 0x00, 0x00, 0x00, 0x0F, 0xFF, 0x80, 0x7F,
  0xFC, 0x00, 0x00, 0x00, 0x7F, 0xFE, 0x01, 0xFF, 0xF8, 0x00, 0x00, 0x03,
  0xFF, 0xF0, 0x03, 0xFF, 0xF0, 0x00, 0x00, 0x1F, 0xFF, 0x80, 0x07, 0xFF,
  0xE0, 0x00, 0x00, 0xFF, 0xFC, 0x00, 0x0F, 0xFF, 0xC0, 0x00, 0x07, 0xFF,
  0xE0, 0x00, 0x1F, 0xFF, 0x80, 0x00, 0x1F, 0xFF, 0x00, 0x00, 0x3F, 0xFE,
  0x00, 0x00, 0xFF, 0xFC, 0x00, 0x00, 0x7F, 0xFC, 0x00, 0x07, 0xFF, 0xE0,
  0x00, 0x01, 0xFF, 0xF8, 0x00, 0x3F, 0xFF, 0x00, 0x00, 0x03, 0xFF, 0xF0,
  0x01, 0xFF, 0xF8, 0x00, 0x00, 0x07, 0xFF, 0xE0, 0x0F, 0xFF, 0xC0, 0x00,
  0x00, 0x0F, 0xFF, 0xC0, 0x3F, 0xFE, 0x00, 0x00, 0x00, 0x1F, 0xFF, 0x01,
  0xFF, 0xF8, 0x00, 0x00, 0x00, 0x3F, 0xFE, 0x0F, 0xFF, 0xC0, 0x00, 0x00,
  0x00, 0xFF, 0xFC, 0x7F, 0xFE, 0x00, 0x00, 0x00, 0x01, 0xFF, 0xFB, 0xFF,
  0xF0, 0x00, 0x00, 0x00, 0x03, 0xFF, 0xF0, 0xFF, 0xFC, 0x00, 0x00, 0x00,
  0x00, 0x7F, 0xFC, 0xFF, 0xFC, 0x00, 0x00, 0x00, 0x01, 0xFF, 0xF8, 0xFF,
  0xFC, 0x00, 0x00, 0x00, 0x07, 0xFF, 0xE0, 0xFF, 0xFC, 0x00, 0x00, 0x00,
  0x1F, 0xFF, 0x80, 0xFF, 0xFC, 0x00, 0x00, 0x00, 0x7F, 0xFE, 0x00, 0xFF,
  0xF8, 0x00, 0x00, 0x01, 0xFF, 0xF8, 0x01, 0xFF, 0xF8, 0x00, 0x00, 0x03,
  0xFF, 0xE0, 0x01, 0xFF, 0xF8, 0x00, 0x00, 0x0F, 0xFF, 0xC0, 0x01, 0xFF,
  0xF8, 0x00, 0x00, 0x3F, 0xFF, 0x00, 0x01, 0xFF, 0xF8, 0x00, 0x00, 0xFF,
  0xFC, 0x00, 0x01, 0xFF, 0xF8, 0x00, 0x03, 0xFF, 0xF0, 0x00, 0x01, 0xFF,
  0xF8, 0x00, 0x0F, 0xFF, 0xC0, 0x00, 0x01, 0xFF, 0xF0, 0x00, 0x1F, 0xFF,
  0x00, 0x00, 0x03, 0xFF, 0xF0, 0x00, 0x7F, 0xFE, 0x00, 0x00, 0x03, 0xFF,
  0xF0, 0x01, 0xFF, 0xF8, 0x00, 0x00, 0x03, 0xFF, 0xF0, 0x07, 0xFF, 0xE0,
  0x00, 0x00, 0x03, 0xFF, 0xF0, 0x1F, 0xFF, 0x80, 0x00, 0x00, 0x03, 0xFF,
  0xF0, 0x7F, 0xFE, 0x00, 0x00, 0x00, 0x03, 0xFF, 0xF1, 0xFF, 0xF8, 0x00,
  0x00, 0x00, 0x07, 0xFF, 0xE3, 0xFF, 0xF0, 0x00, 0x00, 0x00, 0x07, 0xFF,
  0xEF, 0xFF, 0xC0, 0x00, 0x00, 0x00, 0x07, 0xFF, 0xFF, 0xFF, 0x00, 0x00,
  0x00, 0x00, 0x07, 0xFF, 0xFF, 0xFC, 0x00, 0x00, 0x00, 0x00, 0x07, 0xFF,
  0xFF, 0xF0, 0x00, 0x00, 0x00, 0x00, 0x07, 0xFF, 0xFF, 0xC0, 0x00, 0x00,
  0x00, 0x00, 0x0F, 0xFF, 0xFF, 0x80, 0x00, 0x00, 0x00, 0x00, 0x0F, 0xFF,
  0xFE, 0x00, 0x00, 0x00, 0x00, 0x00, 0x0F, 0xFF, 0xF8, 0x00, 0x00, 0x00,
  0x00, 0x00, 0x0F, 0xFF, 0xE0, 0x00, 0x00, 0x00, 0x00, 0x00, 0x0F, 0xFF,
  0x80, 0x00, 0x00, 0x00, 0x00, 0x00, 0x0F, 0xFE, 0x00, 0x00, 0x00, 0x00,
  0x00, 0x00, 0x1F, 0xFC, 0x00, 0x00, 0x00, 0x00, 0x00, 0x00, 0x3F, 0xF8,
  0x00, 0x00, 0x00, 0x00, 0x00, 0x00, 0x7F, 0xF0, 0x00, 0x00, 0x00, 0x00,
  0x00, 0x00, 0xFF, 0xE0, 0x00, 0x00, 0x00, 0x00, 0x00, 0x01, 0xFF, 0xC0,
  0x00, 0x00, 0x00, 0x00, 0x00, 0x03, 0xFF, 0x80, 0x00, 0x00, 0x00, 0x00,
  0x00, 0x07, 0xFF, 0x00, 0x00, 0x00, 0x00, 0x00, 0x00, 0x0F, 0xFE, 0x00,
  0x00, 0x00, 0x00, 0x00, 0x00, 0x1F, 0xFC, 0x00, 0x00, 0x00, 0x00, 0x00,
  0x00, 0x3F, 0xF8, 0x00, 0x00, 0x00, 0x00, 0x00, 0x00, 0x7F, 0xF0, 0x00,
  0x00, 0x00, 0x00, 0x00, 0x00, 0xFF, 0xE0, 0x00, 0x00, 0x00, 0x00, 0x00,
  0x01, 0xFF, 0xC0, 0x00, 0x00, 0x00, 0x00, 0x00, 0x03, 0xFF, 0x80, 0x00,
  0x00, 0x00, 0x00, 0x00, 0x07, 0xFF, 0x00, 0x00, 0x00, 0x00, 0x00, 0x00,
  0x0F, 0xFE, 0x00, 0x00, 0x00, 0x00, 0x00, 0x00, 0x1F, 0xFC, 0x00, 0x00,
  0x00, 0x00, 0x00, 0x00, 0x3F, 0xF8, 0x00, 0x00, 0x00, 0x00, 0x00, 0x00,
  0x7F, 0xF0, 0x00, 0x00, 0x00, 0x00, 0x00, 0x00, 0xFF, 0xE0, 0x00, 0x00,
  0x00, 0x00, 0x00, 0x01, 0xFF, 0xC0, 0x00, 0x00, 0x00, 0x00, 0x00, 0x03,
  0xFF, 0x80, 0x00, 0x00, 0x00, 0x00, 0x00, 0x07, 0xFF, 0x00, 0x00, 0x00,
  0x00, 0x00, 0x00, 0x0F, 0xFE, 0x00, 0x00, 0x00, 0x00, 0x00, 0x00, 0x1F,
  0xFC, 0x00, 0x00, 0x00, 0x00, 0x00, 0x00, 0x3F, 0xF8, 0x00, 0x00, 0x00,
  0x00, 0x00, 0x00, 0x7F, 0xF0, 0x00, 0x00, 0x00, 0xFF, 0xFF, 0xFF, 0xFF,
  0xFF, 0xFF, 0xFF, 0xFF, 0xFF, 0xFF, 0xFF, 0xFF, 0xFF, 0xFF, 0xFF, 0xFF,
  0xFF, 0xFF, 0xFF, 0xFF, 0xFF, 0xFF, 0xFF, 0xFF, 0xFF, 0xFF, 0xFF, 0xFF,
  0xFF, 0xFF, 0xFF, 0xFF, 0xFF, 0xFF, 0xFF, 0xFF, 0xFF, 0xFF, 0xFF, 0xFF,
  0xFF, 0xFF, 0xFF, 0xFF, 0xFF, 0xFF, 0xFF, 0xFF, 0xFF, 0xFF, 0xFF, 0xFF,
  0xFF, 0xFF, 0xFF, 0xFF, 0xFF, 0xFF, 0xFF, 0xFF, 0xFF, 0xFF, 0xFF, 0xFF,
  0xFF, 0xFF, 0xFF, 0xF0, 0x00, 0x00, 0x00, 0x00, 0x3F, 0xFF, 0xC0, 0x00,
  0x00, 0x00, 0x01, 0xFF, 0xFC, 0x00, 0x00, 0x00, 0x00, 0x0F, 0xFF, 0xE0,
  0x00, 0x00, 0x00, 0x00, 0x7F, 0xFF, 0x00, 0x00, 0x00, 0x00, 0x03, 0xFF,
  0xF8, 0x00, 0x00, 0x00, 0x00, 0x1F, 0xFF, 0xC0, 0x00, 0x00, 0x00, 0x00,
  0xFF, 0xFE, 0x00, 0x00, 0x00, 0x00, 0x07, 0xFF, 0xF0, 0x00, 0x00, 0x00,
  0x00, 0x3F, 0xFF, 0x80, 0x00, 0x00, 0x00, 0x01, 0xFF, 0xFC, 0x00, 0x00,
  0x00, 0x00, 0x0F, 0xFF, 0xE0, 0x00, 0x00, 0x00, 0x00, 0x7F, 0xFF, 0x00,
  0x00, 0x00, 0x00, 0x03, 0xFF, 0xF8, 0x00, 0x00, 0x00, 0x00, 0x1F, 0xFF,
  0xC0, 0x00, 0x00, 0x00, 0x00, 0xFF, 0xFE, 0x00, 0x00, 0x00, 0x00, 0x07,
  0xFF, 0xF0, 0x00, 0x00, 0x00, 0x00, 0x3F, 0xFF, 0x80, 0x00, 0x00, 0x00,
  0x01, 0xFF, 0xFC, 0x00, 0x00, 0x00, 0x00, 0x0F, 0xFF, 0xE0, 0x00, 0x00,
  0x00, 0x00, 0x7F, 0xFF, 0x00, 0x00, 0x00, 0x00, 0x03, 0xFF, 0xF8, 0x00,
  0x00, 0x00, 0x00, 0x1F, 0xFF, 0xC0, 0x00, 0x00, 0x00, 0x00, 0xFF, 0xFE,
  0x00, 0x00, 0x00, 0x00, 0x07, 0xFF, 0xF0, 0x00, 0x00, 0x00, 0x00, 0x3F,
  0xFF, 0x80, 0x00, 0x00, 0x00, 0x01, 0xFF, 0xFC, 0x00, 0x00, 0x00, 0x00,
  0x0F, 0xFF, 0xE0, 0x00, 0x00, 0x00, 0x00, 0x7F, 0xFF, 0x00, 0x00, 0x00,
  0x00, 0x03, 0xFF, 0xF8, 0x00, 0x00, 0x00, 0x00, 0x1F, 0xFF, 0xC0, 0x00,
  0x00, 0x00, 0x00, 0xFF, 0xFE, 0x00, 0x00, 0x00, 0x00, 0x07, 0xFF, 0xF0,
  0x00, 0x00, 0x00, 0x00, 0x3F, 0xFF, 0x80, 0x00, 0x00, 0x00, 0x01, 0xFF,
  0xFC, 0x00, 0x00, 0x00, 0x00, 0x0F, 0xFF, 0xE0, 0x00, 0x00, 0x00, 0x00,
  0x7F, 0xFF, 0x00, 0x00, 0x00, 0x00, 0x03, 0xFF, 0xF8, 0x00, 0x00, 0x00,
  0x00, 0x3F, 0xFF, 0xC0, 0x00, 0x00, 0x00, 0x00, 0xFF, 0xFF, 0xFF, 0xFF,
  0xFF, 0xFF, 0xFF, 0xFF, 0xFF, 0xFF, 0xFF, 0xFF, 0xFF, 0xFF, 0xFF, 0xFF,
  0xFF, 0xFF, 0xFF, 0xFF, 0xFF, 0xFF, 0xFF, 0xFF, 0xFF, 0xFF, 0xFF, 0xFF,
  0xFF, 0xFF, 0xFF, 0xFF, 0xFF, 0xFF, 0xFF, 0xFF, 0xFF, 0xFF, 0xFF, 0xFF,
  0xFF, 0xFF, 0xFF, 0xFF, 0xFF, 0xFF, 0xFF, 0xFF, 0xFF, 0xFF, 0xFF, 0xFF,
  0xFF, 0xFF, 0xFF, 0xFF, 0xFF, 0xFF, 0xFF, 0xFF, 0xFF, 0xFF, 0xFF, 0xFF,
  0xFF, 0xFF, 0xFF, 0xF0, 0xFF, 0xFF, 0xFF, 0xFF, 0xFF, 0xFF, 0xFF, 0xFF,
  0xFF, 0xFF, 0xFF, 0xFF, 0xFF, 0xFF, 0xFF, 0xFF, 0xFF, 0xFF, 0xFF, 0xFF,
  0xFF, 0xFF, 0xFF, 0xFE, 0x03, 0xFF, 0x80, 0xFF, 0xE0, 0x3F, 0xF8, 0x0F,
  0xFE, 0x03, 0xFF, 0x80, 0xFF, 0xE0, 0x3F, 0xF8, 0x0F, 0xFE, 0x03, 0xFF,
  0x80, 0xFF, 0xE0, 0x3F, 0xF8, 0x0F, 0xFE, 0x03, 0xFF, 0x80, 0xFF, 0xE0,
  0x3F, 0xF8, 0x0F, 0xFE, 0x03, 0xFF, 0x80, 0xFF, 0xE0, 0x3F, 0xF8, 0x0F,
  0xFE, 0x03, 0xFF, 0x80, 0xFF, 0xE0, 0x3F, 0xF8, 0x0F, 0xFE, 0x03, 0xFF,
  0x80, 0xFF, 0xE0, 0x3F, 0xF8, 0x0F, 0xFE, 0x03, 0xFF, 0x80, 0xFF, 0xE0,
  0x3F, 0xF8, 0x0F, 0xFE, 0x03, 0xFF, 0x80, 0xFF, 0xE0, 0x3F, 0xF8, 0x0F,
  0xFE, 0x03, 0xFF, 0x80, 0xFF, 0xE0, 0x3F, 0xF8, 0x0F, 0xFE, 0x03, 0xFF,
  0x80, 0xFF, 0xE0, 0x3F, 0xF8, 0x0F, 0xFE, 0x03, 0xFF, 0x80, 0xFF, 0xE0,
  0x3F, 0xF8, 0x0F, 0xFE, 0x03, 0xFF, 0x80, 0xFF, 0xE0, 0x3F, 0xF8, 0x0F,
  0xFE, 0x03, 0xFF, 0x80, 0xFF, 0xE0, 0x3F, 0xF8, 0x0F, 0xFE, 0x03, 0xFF,
  0x80, 0xFF, 0xE0, 0x3F, 0xF8, 0x0F, 0xFE, 0x03, 0xFF, 0x80, 0xFF, 0xE0,
  0x3F, 0xF8, 0x0F, 0xFE, 0x03, 0xFF, 0x80, 0xFF, 0xE0, 0x3F, 0xF8, 0x0F,
  0xFE, 0x03, 0xFF, 0x80, 0xFF, 0xE0, 0x3F, 0xF8, 0x0F, 0xFE, 0x03, 0xFF,
  0x80, 0xFF, 0xE0, 0x3F, 0xF8, 0x0F, 0xFE, 0x03, 0xFF, 0xFF, 0xFF, 0xFF,
  0xFF, 0xFF, 0xFF, 0xFF, 0xFF, 0xFF, 0xFF, 0xFF, 0xFF, 0xFF, 0xFF, 0xFF,
  0xFF, 0xFF, 0xFF, 0xFF, 0xFF, 0xFF, 0xC0, 0xFF, 0xE0, 0x00, 0x1F, 0xF8,
  0x00, 0x07, 0xFE, 0x00, 0x01, 0xFF, 0xC0, 0x00, 0x7F, 0xF0, 0x00, 0x0F,
  0xFC, 0x00, 0x03, 0xFF, 0x00, 0x00, 0xFF, 0xE0, 0x00, 0x3F, 0xF8, 0x00,
  0x07, 0xFE, 0x00, 0x01, 0xFF, 0x80, 0x00, 0x7F, 0xF0, 0x00, 0x1F, 0xFC,
  0x00, 0x03, 0xFF, 0x00, 0x00, 0xFF, 0xE0, 0x00, 0x3F, 0xF8, 0x00, 0x07,
  0xFE, 0x00, 0x01, 0xFF, 0x80, 0x00, 0x7F, 0xF0, 0x00, 0x1F, 0xFC, 0x00,
  0x03, 0xFF, 0x00, 0x00, 0xFF, 0xC0, 0x00, 0x3F, 0xF8, 0x00, 0x0F, 0xFE,
  0x00, 0x01, 0xFF, 0x80, 0x00, 0x7F, 0xE0, 0x00, 0x1F, 0xFC, 0x00, 0x07,
  0xFF, 0x00, 0x00, 0xFF, 0xC0, 0x00, 0x3F, 0xF8, 0x00, 0x0F, 0xFE, 0x00,
  0x01, 0xFF, 0x80, 0x00, 0x7F, 0xE0, 0x00, 0x1F, 0xFC, 0x00, 0x07, 0xFF,
  0x00, 0x00, 0xFF, 0xC0, 0x00, 0x3F, 0xF0, 0x00, 0x0F, 0xFE, 0x00, 0x03,
  0xFF, 0x80, 0x00, 0x7F, 0xE0, 0x00, 0x1F, 0xF8, 0x00, 0x07, 0xFF, 0x00,
  0x01, 0xFF, 0xC0, 0x00, 0x3F, 0xF0, 0x00, 0x0F, 0xFE, 0x00, 0x03, 0xFF,
  0x80, 0x00, 0x7F, 0xE0, 0x00, 0x1F, 0xF8, 0x00, 0x07, 0xFF, 0x00, 0x01,
  0xFF, 0xC0, 0x00, 0x3F, 0xF0, 0x00, 0x0F, 0xFC, 0x00, 0x03, 0xFF, 0x80,
  0x00, 0xFF, 0xE0, 0x00, 0x1F, 0xF8, 0x00, 0x07, 0xFE, 0x00, 0x01, 0xFF,
  0xC0, 0x00, 0x7F, 0xF0, 0xFF, 0xFF, 0xFF, 0xFF, 0xFF, 0xFF, 0xFF, 0xFF,
  0xFF, 0xFF, 0xFF, 0xFF, 0xFF, 0xFF, 0xFF, 0xFF, 0xFF, 0xFF, 0xFF, 0xFF,
  0xFF, 0xFF, 0xFF, 0xFC, 0x03, 0xFF, 0x80, 0x7F, 0xF0, 0x0F, 0xFE, 0x01,
  0xFF, 0xC0, 0x3F, 0xF8, 0x07, 0xFF, 0x00, 0xFF, 0xE0, 0x1F, 0xFC, 0x03,
  0xFF, 0x80, 0x7F, 0xF0, 0x0F, 0xFE, 0x01, 0xFF, 0xC0, 0x3F, 0xF8, 0x07,
  0xFF, 0x00, 0xFF, 0xE0, 0x1F, 0xFC, 0x03, 0xFF, 0x80, 0x7F, 0xF0, 0x0F,
  0xFE, 0x01, 0xFF, 0xC0, 0x3F, 0xF8, 0x07, 0xFF, 0x00, 0xFF, 0xE0, 0x1F,
  0xFC, 0x03, 0xFF, 0x80, 0x7F, 0xF0, 0x0F, 0xFE, 0x01, 0xFF, 0xC0, 0x3F,
  0xF8, 0x07, 0xFF, 0x00, 0xFF, 0xE0, 0x1F, 0xFC, 0x03, 0xFF, 0x80, 0x7F,
  0xF0, 0x0F, 0xFE, 0x01, 0xFF, 0xC0, 0x3F, 0xF8, 0x07, 0xFF, 0x00, 0xFF,
  0xE0, 0x1F, 0xFC, 0x03, 0xFF, 0x80, 0x7F, 0xF0, 0x0F, 0xFE, 0x01, 0xFF,
  0xC0, 0x3F, 0xF8, 0x07, 0xFF, 0x00, 0xFF, 0xE0, 0x1F, 0xFC, 0x03, 0xFF,
  0x80, 0x7F, 0xF0, 0x0F, 0xFE, 0x01, 0xFF, 0xC0, 0x3F, 0xF8, 0x07, 0xFF,
  0x00, 0xFF, 0xE0, 0x1F, 0xFC, 0x03, 0xFF, 0x80, 0x7F, 0xF0, 0x0F, 0xFE,
  0x01, 0xFF, 0xC0, 0x3F, 0xF8, 0x07, 0xFF, 0x00, 0xFF, 0xE0, 0x1F, 0xFC,
  0x03, 0xFF, 0x80, 0x7F, 0xF0, 0x0F, 0xFE, 0x01, 0xFF, 0xC0, 0x3F, 0xF8,
  0x07, 0xFF, 0x00, 0xFF, 0xE0, 0x1F, 0xFC, 0x03, 0xFF, 0x80, 0x7F, 0xF0,
  0x0F, 0xFE, 0x01, 0xFF, 0xC0, 0x3F, 0xFF, 0xFF, 0xFF, 0xFF, 0xFF, 0xFF,
  0xFF, 0xFF, 0xFF, 0xFF, 0xFF, 0xFF, 0xFF, 0xFF, 0xFF, 0xFF, 0xFF, 0xFF,
  0xFF, 0xFF, 0xFF, 0xFF, 0xFF, 0xFF, 0xE0, 0x00, 0x7E, 0x00, 0x00, 0x3F,
  0x80, 0x00, 0x3F, 0xE0, 0x00, 0x1F, 0xF0, 0x00, 0x1F, 0xFC, 0x00, 0x1F,
  0xFE, 0x00, 0x0F, 0xDF, 0x80, 0x0F, 0xCF, 0xE0, 0x07, 0xE3, 0xF0, 0x07,
  0xE0, 0xFC, 0x03, 0xF0, 0x7E, 0x03, 0xF0, 0x1F, 0x83, 0xF0, 0x0F, 0xC1,
  0xF8, 0x03, 0xF1, 0xF8, 0x00, 0xFC, 0xFC, 0x00, 0x7E, 0xFC, 0x00, 0x1F,
  0x80, 0xFF, 0xFF, 0xFF, 0xFF, 0xFF, 0xFF, 0xFF, 0xFF, 0xFF, 0xFF, 0xFF,
  0xFF, 0xFF, 0xFF, 0xFF, 0xFF, 0xE7, 0xFE, 0x7F, 0xE7, 0xFE, 0x3F, 0xE3,
  0xFE, 0x1F, 0xE1, 0xFE, 0x0F, 0xE0, 0xFE, 0x0F, 0xF0, 0x7F, 0x07, 0xF0,
  0x3F, 0x03, 0xF0, 0x1F, 0x00, 0x00, 0x00, 0xFF, 0xFC, 0x00, 0x00, 0x00,
  0x00, 0x00, 0x03, 0xFF, 0xF8, 0x00, 0x00, 0x00, 0x00, 0x00, 0x1F, 0xFF,
  0xE0, 0x00, 0x00, 0x00, 0x00, 0x00, 0x7F, 0xFF, 0x80, 0x00, 0x00, 0x00,
  0x00, 0x03, 0xFF, 0xFF, 0x00, 0x00, 0x00, 0x00, 0x00, 0x0F, 0xFF, 0xFC,
  0x00, 0x00, 0x00, 0x00, 0x00, 0x7F, 0xFF, 0xF8, 0x00, 0x00, 0x00, 0x00,
  0x01, 0xFF, 0xFF, 0xE0, 0x00, 0x00, 0x00, 0x00, 0x07, 0xFF, 0xFF, 0xC0,
  0x00, 0x00, 0x00, 0x00, 0x3F, 0xFF, 0xFF, 0x00, 0x00, 0x00, 0x00, 0x00,
  0xFF, 0xFF, 0xFC, 0x00, 0x00, 0x00, 0x00, 0x07, 0xFF, 0xFF, 0xF8, 0x00,
  0x00, 0x00, 0x00, 0x1F, 0xFC, 0xFF, 0xE0, 0x00, 0x00, 0x00, 0x00, 0xFF,
  0xF3, 0xFF, 0xC0, 0x00, 0x00, 0x00, 0x03, 0xFF, 0x87, 0xFF, 0x00, 0x00,
  0x00, 0x00, 0x0F, 0xFE, 0x1F, 0xFC, 0x00, 0x00, 0x00, 0x00, 0x7F, 0xF8,
  0x3F, 0xF8, 0x00, 0x00, 0x00, 0x01, 0xFF, 0xC0, 0xFF, 0xE0, 0x00, 0x00,
  0x00, 0x0F, 0xFF, 0x03, 0xFF, 0xC0, 0x00, 0x00, 0x00, 0x3F, 0xF8, 0x07,
  0xFF, 0x00, 0x00, 0x00, 0x00, 0xFF, 0xE0, 0x1F, 0xFE, 0x00, 0x00, 0x00,
  0x07, 0xFF, 0x80, 0x3F, 0xF8, 0x00, 0x00, 0x00, 0x1F, 0xFC, 0x00, 0xFF,
  0xE0, 0x00, 0x00, 0x00, 0xFF, 0xF0, 0x03, 0xFF, 0xC0, 0x00, 0x00, 0x03,
  0xFF, 0x80, 0x07, 0xFF, 0x00, 0x00, 0x00, 0x1F, 0xFE, 0x00, 0x1F, 0xFE,
  0x00, 0x00, 0x00, 0x7F, 0xF0, 0x00, 0x3F, 0xF8, 0x00, 0x00, 0x01, 0xFF,
  0xC0, 0x00, 0xFF, 0xE0, 0x00, 0x00, 0x0F, 0xFF, 0x00, 0x01, 0xFF, 0xC0,
  0x00, 0x00, 0x3F, 0xF8, 0x00, 0x07, 0xFF, 0x00, 0x00, 0x01, 0xFF, 0xE0,
  0x00, 0x1F, 0xFE, 0x00, 0x00, 0x07, 0xFF, 0x00, 0x00, 0x3F, 0xF8, 0x00,
  0x00, 0x1F, 0xFC, 0x00, 0x00, 0xFF, 0xF0, 0x00, 0x00, 0xFF, 0xE0, 0x00,
  0x01, 0xFF, 0xC0, 0x00, 0x03, 0xFF, 0x80, 0x00, 0x07, 0xFF, 0x00, 0x00,
  0x1F, 0xFE, 0x00, 0x00, 0x1F, 0xFE, 0x00, 0x00, 0x7F, 0xF0, 0x00, 0x00,
  0x3F, 0xF8, 0x00, 0x03, 0xFF, 0xFF, 0xFF, 0xFF, 0xFF, 0xF0, 0x00, 0x0F,
  0xFF, 0xFF, 0xFF, 0xFF, 0xFF, 0xC0, 0x00, 0x3F, 0xFF, 0xFF, 0xFF, 0xFF,
  0xFF, 0x00, 0x01, 0xFF, 0xFF, 0xFF, 0xFF, 0xFF, 0xFE, 0x00, 0x07, 0xFF,
  0xFF, 0xFF, 0xFF, 0xFF, 0xF8, 0x00, 0x3F, 0xFF, 0xFF, 0xFF, 0xFF, 0xFF,
  0xF0, 0x00, 0xFF, 0xFF, 0xFF, 0xFF, 0xFF, 0xFF, 0xC0, 0x07, 0xFF, 0xFF,
  0xFF, 0xFF, 0xFF, 0xFF, 0x80, 0x1F, 0xFF, 0xFF, 0xFF, 0xFF, 0xFF, 0xFE,
  0x00, 0x7F, 0xFF, 0xFF, 0xFF, 0xFF, 0xFF, 0xF8, 0x03, 0xFF, 0x80, 0x00,
  0x00, 0x00, 0x7F, 0xF0, 0x0F, 0xFE, 0x00, 0x00, 0x00, 0x01, 0xFF, 0xC0,
  0x7F, 0xF8, 0x00, 0x00, 0x00, 0x03, 0xFF, 0x81, 0xFF, 0xC0, 0x00, 0x00,
  0x00, 0x0F, 0xFE, 0x07, 0xFF, 0x00, 0x00, 0x00, 0x00, 0x3F, 0xFC, 0x3F,
  0xF8, 0x00, 0x00, 0x00, 0x00, 0x7F, 0xF0, 0xFF, 0xE0, 0x00, 0x00, 0x00,
  0x01, 0xFF, 0xC7, 0xFF, 0x00, 0x00, 0x00, 0x00, 0x03, 0xFF, 0x9F, 0xFC,
  0x00, 0x00, 0x00, 0x00, 0x0F, 0xFE, 0xFF, 0xF0, 0x00, 0x00, 0x00, 0x00,
  0x3F, 0xFF, 0xFF, 0x80, 0x00, 0x00, 0x00, 0x00, 0x7F, 0xF0, 0xFF, 0xFF,
  0xFF, 0xFF, 0xFF, 0xF0, 0x03, 0xFF, 0xFF, 0xFF, 0xFF, 0xFF, 0xF8, 0x0F,
  0xFF, 0xFF, 0xFF, 0xFF, 0xFF, 0xF0, 0x3F, 0xFF, 0xFF, 0xFF, 0xFF, 0xFF,
  0xF0, 0xFF, 0xFF, 0xFF, 0xFF, 0xFF, 0xFF, 0xE3, 0xFF, 0xFF, 0xFF, 0xFF,
  0xFF, 0xFF, 0x8F, 0xFF, 0xFF, 0xFF, 0xFF, 0xFF, 0xFF, 0x3F, 0xFF, 0xFF,
  0xFF, 0xFF, 0xFF, 0xFE, 0xFF, 0xFF, 0xFF, 0xFF, 0xFF, 0xFF, 0xFB, 0xFF,
  0xFF, 0xFF, 0xFF, 0xFF, 0xFF, 0xEF, 0xFE, 0x00, 0x00, 0x00, 0x03, 0xFF,
  0xFF, 0xF8, 0x00, 0x00, 0x00, 0x07, 0xFF, 0xFF, 0xE0, 0x00, 0x00, 0x00,
  0x1F, 0xFF, 0xFF, 0x80, 0x00, 0x00, 0x00, 0x7F, 0xFF, 0xFE, 0x00, 0x00,
  0x00, 0x01, 0xFF, 0xFF, 0xF8, 0x00, 0x00, 0x00, 0x07, 0xFF, 0xFF, 0xE0,
  0x00, 0x00, 0x00, 0x1F, 0xFF, 0xFF, 0x80, 0x00, 0x00, 0x00, 0x7F, 0xFF,
  0xFE, 0x00, 0x00, 0x00, 0x01, 0xFF, 0xFF, 0xF8, 0x00, 0x00, 0x00, 0x07,
  0xFF, 0xFF, 0xE0, 0x00, 0x00, 0x00, 0x1F, 0xFF, 0xFF, 0x80, 0x00, 0x00,
  0x00, 0x7F, 0xFF, 0xFE, 0x00, 0x00, 0x00, 0x01, 0xFF, 0xFF, 0xF8, 0x00,
  0x00, 0x00, 0x0F, 0xFF, 0xFF, 0xFF, 0xFF, 0xFF, 0xFF, 0xFF, 0xFB, 0xFF,
  0xFF, 0xFF, 0xFF, 0xFF, 0xFF, 0xEF, 0xFF, 0xFF, 0xFF, 0xFF, 0xFF, 0xFF,
  0xBF, 0xFF, 0xFF, 0xFF, 0xFF, 0xFF, 0xFC, 0xFF, 0xFF, 0xFF, 0xFF, 0xFF,
  0xFF, 0xE3, 0xFF, 0xFF, 0xFF, 0xFF, 0xFF, 0xFF, 0x8F, 0xFF, 0xFF, 0xFF,
  0xFF, 0xFF, 0xFF, 0x3F, 0xFF, 0xFF, 0xFF, 0xFF, 0xFF, 0xFE, 0xFF, 0xFF,
  0xFF, 0xFF, 0xFF, 0xFF, 0xFB, 0xFF, 0xFF, 0xFF, 0xFF, 0xFF, 0xFF, 0xEF,
  0xFE, 0x00, 0x00, 0x00, 0x03, 0xFF, 0xFF, 0xF8, 0x00, 0x00, 0x00, 0x07,
  0xFF, 0xFF, 0xE0, 0x00, 0x00, 0x00, 0x1F, 0xFF, 0xFF, 0x80, 0x00, 0x00,
  0x00, 0x7F, 0xFF, 0xFE, 0x00, 0x00, 0x00, 0x01, 0xFF, 0xFF, 0xF8, 0x00,
  0x00, 0x00, 0x07, 0xFF, 0xFF, 0xE0, 0x00, 0x00, 0x00, 0x1F, 0xFF, 0xFF,
  0x80, 0x00, 0x00, 0x00, 0x7F, 0xFF, 0xFE, 0x00, 0x00, 0x00, 0x01, 0xFF,
  0xFF, 0xF8, 0x00, 0x00, 0x00, 0x07, 0xFF, 0xFF, 0xE0, 0x00, 0x00, 0x00,
  0x1F, 0xFF, 0xFF, 0x80, 0x00, 0x00, 0x00, 0x7F, 0xFF, 0xFE, 0x00, 0x00,
  0x00, 0x01, 0xFF, 0xFF, 0xF8, 0x00, 0x00, 0x00, 0x0F, 0xFF, 0xFF, 0xFF,
  0xFF, 0xFF, 0xFF, 0xFF, 0xFB, 0xFF, 0xFF, 0xFF, 0xFF, 0xFF, 0xFF, 0xEF,
  0xFF, 0xFF, 0xFF, 0xFF, 0xFF, 0xFF, 0xBF, 0xFF, 0xFF, 0xFF, 0xFF, 0xFF,
  0xFC, 0xFF, 0xFF, 0xFF, 0xFF, 0xFF, 0xFF, 0xE3, 0xFF, 0xFF, 0xFF, 0xFF,
  0xFF, 0xFF, 0x8F, 0xFF, 0xFF, 0xFF, 0xFF, 0xFF, 0xFC, 0x3F, 0xFF, 0xFF,
  0xFF, 0xFF, 0xFF, 0xC0, 0xFF, 0xFF, 0xFF, 0xFF, 0xFF, 0xFE, 0x03, 0xFF,
  0xFF, 0xFF, 0xFF, 0xFF, 0xC0, 0x00, 0x00, 0x1F, 0xFF, 0xFF, 0xFF, 0xFF,
  0xFC, 0x03, 0xFF, 0xFF, 0xFF, 0xFF, 0xFF, 0xF0, 0x1F, 0xFF, 0xFF, 0xFF,
  0xFF, 0xFF, 0xC1, 0xFF, 0xFF, 0xFF, 0xFF, 0xFF, 0xFF, 0x0F, 0xFF, 0xFF,
  0xFF, 0xFF, 0xFF, 0xFC, 0x7F, 0xFF, 0xFF, 0xFF, 0xFF, 0xFF, 0xF1, 0xFF,
  0xFF, 0xFF, 0xFF, 0xFF, 0xFF, 0xCF, 0xFF, 0xFF, 0xFF, 0xFF, 0xFF, 0xFF,
  0x7F, 0xFF, 0xFF, 0xFF, 0xFF, 0xFF, 0xFD, 0xFF, 0xFF, 0xFF, 0xFF, 0xFF,
  0xFF, 0xF7, 0xFF, 0x80, 0x00, 0x00, 0x00, 0x00, 0x3F, 0xFC, 0x00, 0x00,
  0x00, 0x00, 0x00, 0xFF, 0xE0, 0x00, 0x00, 0x00, 0x00, 0x03, 0xFF, 0x80,
  0x00, 0x00, 0x00, 0x00, 0x0F, 0xFE, 0x00, 0x00, 0x00, 0x00, 0x00, 0x3F,
  0xF8, 0x00, 0x00, 0x00, 0x00, 0x00, 0xFF, 0xE0, 0x00, 0x00, 0x00, 0x00,
  0x03, 0xFF, 0x80, 0x00, 0x00, 0x00, 0x00, 0x0F, 0xFE, 0x00, 0x00, 0x00,
  0x00, 0x00, 0x3F, 0xF8, 0x00, 0x00, 0x00, 0x00, 0x00, 0xFF, 0xE0, 0x00,
  0x00, 0x00, 0x00, 0x03, 0xFF, 0x80, 0x00, 0x00, 0x00, 0x00, 0x0F, 0xFE,
  0x00, 0x00, 0x00, 0x00, 0x00, 0x3F, 0xF8, 0x00, 0x00, 0x00, 0x00, 0x00,
  0xFF, 0xE0, 0x00, 0x00, 0x00, 0x00, 0x03, 0xFF, 0x80, 0x00, 0x00, 0x00,
  0x00, 0x0F, 0xFE, 0x00, 0x00, 0x00, 0x00, 0x00, 0x3F, 0xF8, 0x00, 0x00,
  0x00, 0x00, 0x00, 0xFF, 0xE0, 0x00, 0x00, 0x00, 0x00, 0x03, 0xFF, 0x80,
  0x00, 0x00, 0x00, 0x00, 0x0F, 0xFE, 0x00, 0x00, 0x00, 0x00, 0x00, 0x3F,
  0xF8, 0x00, 0x00, 0x00, 0x00, 0x00, 0xFF, 0xE0, 0x00, 0x00, 0x00, 0x00,
  0x03, 0xFF, 0x80, 0x00, 0x00, 0x00, 0x00, 0x0F, 0xFE, 0x00, 0x00, 0x00,
  0x00, 0x00, 0x3F, 0xF8, 0x00, 0x00, 0x00, 0x00, 0x00, 0xFF, 0xE0, 0x00,
  0x00, 0x00, 0x00, 0x03, 0xFF, 0x80, 0x00, 0x00, 0x00, 0x00, 0x0F, 0xFE,
  0x00, 0x00, 0x00, 0x00, 0x00, 0x3F, 0xF8, 0x00, 0x00, 0x00, 0x00, 0x00,
  0xFF, 0xE0, 0x00, 0x00, 0x00, 0x00, 0x03, 0xFF, 0x80, 0x00, 0x00, 0x00,
  0x00, 0x0F, 0xFE, 0x00, 0x00, 0x00, 0x00, 0x00, 0x3F, 0xF8, 0x00, 0x00,
  0x00, 0x00, 0x00, 0xFF, 0xE0, 0x00, 0x00, 0x00, 0x00, 0x03, 0xFF, 0x80,
  0x00, 0x00, 0x00, 0x00, 0x0F, 0xFF, 0x00, 0x00, 0x00, 0x00, 0x00, 0x1F,
  0xFE, 0x00, 0x00, 0x00, 0x00, 0x00, 0x7F, 0xFF, 0xFF, 0xFF, 0xFF, 0xFF,
  0xFD, 0xFF, 0xFF, 0xFF, 0xFF, 0xFF, 0xFF, 0xF3, 0xFF, 0xFF, 0xFF, 0xFF,
  0xFF, 0xFF, 0xC7, 0xFF, 0xFF, 0xFF, 0xFF, 0xFF, 0xFF, 0x1F, 0xFF, 0xFF,
  0xFF, 0xFF, 0xFF, 0xFC, 0x3F, 0xFF, 0xFF, 0xFF, 0xFF, 0xFF, 0xF0, 0x7F,
  0xFF, 0xFF, 0xFF, 0xFF, 0xFF, 0xC0, 0xFF, 0xFF, 0xFF, 0xFF, 0xFF, 0xFF,
  0x00, 0xFF, 0xFF, 0xFF, 0xFF, 0xFF, 0xFC, 0x00, 0x7F, 0xFF, 0xFF, 0xFF,
  0xFF, 0xF0, 0xFF, 0xFF, 0xFF, 0xFF, 0xFF, 0xE0, 0x03, 0xFF, 0xFF, 0xFF,
  0xFF, 0xFF, 0xF0, 0x0F, 0xFF, 0xFF, 0xFF, 0xFF, 0xFF, 0xE0, 0x3F, 0xFF,
  0xFF, 0xFF, 0xFF, 0xFF, 0xE0, 0xFF, 0xFF, 0xFF, 0xFF, 0xFF, 0xFF, 0xC3,
  0xFF, 0xFF, 0xFF, 0xFF, 0xFF, 0xFF, 0x8F, 0xFF, 0xFF, 0xFF, 0xFF, 0xFF,
  0xFE, 0x3F, 0xFF, 0xFF, 0xFF, 0xFF, 0xFF, 0xFC, 0xFF, 0xFF, 0xFF, 0xFF,
  0xFF, 0xFF, 0xFB, 0xFF, 0xFF, 0xFF, 0xFF, 0xFF, 0xFF, 0xEF, 0xFE, 0x00,
  0x00, 0x00, 0x07, 0xFF, 0xBF, 0xF8, 0x00, 0x00, 0x00, 0x0F, 0xFF, 0xFF,
  0xE0, 0x00, 0x00, 0x00, 0x1F, 0xFF, 0xFF, 0x80, 0x00, 0x00, 0x00, 0x7F,
  0xFF, 0xFE, 0x00, 0x00, 0x00, 0x01, 0xFF, 0xFF, 0xF8, 0x00, 0x00, 0x00,
  0x07, 0xFF, 0xFF, 0xE0, 0x00, 0x00, 0x00, 0x1F, 0xFF, 0xFF, 0x80, 0x00,
  0x00, 0x00, 0x7F, 0xFF, 0xFE, 0x00, 0x00, 0x00, 0x01, 0xFF, 0xFF, 0xF8,
  0x00, 0x00, 0x00, 0x07, 0xFF, 0xFF, 0xE0, 0x00, 0x00, 0x00, 0x1F, 0xFF,
  0xFF, 0x80, 0x00, 0x00, 0x00, 0x7F, 0xFF, 0xFE, 0x00, 0x00, 0x00, 0x01,
  0xFF, 0xFF, 0xF8, 0x00, 0x00, 0x00, 0x07, 0xFF, 0xFF, 0xE0, 0x00, 0x00,
  0x00, 0x1F, 0xFF, 0xFF, 0x80, 0x00, 0x00, 0x00, 0x7F, 0xFF, 0xFE, 0x00,
  0x00, 0x00, 0x01, 0xFF, 0xFF, 0xF8, 0x00, 0x00, 0x00, 0x07, 0xFF, 0xFF,
  0xE0, 0x00, 0x00, 0x00, 0x1F, 0xFF, 0xFF, 0x80, 0x00, 0x00, 0x00, 0x7F,
  0xFF, 0xFE, 0x00, 0x00, 0x00, 0x01, 0xFF, 0xFF, 0xF8, 0x00, 0x00, 0x00,
  0x07, 0xFF, 0xFF, 0xE0, 0x00, 0x00, 0x00, 0x1F, 0xFF, 0xFF, 0x80, 0x00,
  0x00, 0x00, 0x7F, 0xFF, 0xFE, 0x00, 0x00, 0x00, 0x01, 0xFF, 0xFF, 0xF8,
  0x00, 0x00, 0x00, 0x07, 0xFF, 0xFF, 0xE0, 0x00, 0x00, 0x00, 0x1F, 0xFF,
  0xFF, 0x80, 0x00, 0x00, 0x00, 0x7F, 0xFF, 0xFE, 0x00, 0x00, 0x00, 0x01,
  0xFF, 0xFF, 0xF8, 0x00, 0x00, 0x00, 0x07, 0xFF, 0xFF, 0xE0, 0x00, 0x00,
  0x00, 0x1F, 0xFF, 0xFF, 0x80, 0x00, 0x00, 0x00, 0x7F, 0xFF, 0xFE, 0x00,
  0x00, 0x00, 0x01, 0xFF, 0xFF, 0xF8, 0x00, 0x00, 0x00, 0x07, 0xFF, 0xFF,
  0xE0, 0x00, 0x00, 0x00, 0x1F, 0xFF, 0xFF, 0x80, 0x00, 0x00, 0x00, 0x7F,
  0xFF, 0xFE, 0x00, 0x00, 0x00, 0x03, 0xFF, 0xFF, 0xF8, 0x00, 0x00, 0x00,
  0x1F, 0xFE, 0xFF, 0xFF, 0xFF, 0xFF, 0xFF, 0xFF, 0xFB, 0xFF, 0xFF, 0xFF,
  0xFF, 0xFF, 0xFF, 0xEF, 0xFF, 0xFF, 0xFF, 0xFF, 0xFF, 0xFF, 0x3F, 0xFF,
  0xFF, 0xFF, 0xFF, 0xFF, 0xF8, 0xFF, 0xFF, 0xFF, 0xFF, 0xFF, 0xFF, 0xE3,
  0xFF, 0xFF, 0xFF, 0xFF, 0xFF, 0xFF, 0x0F, 0xFF, 0xFF, 0xFF, 0xFF, 0xFF,
  0xF8, 0x3F, 0xFF, 0xFF, 0xFF, 0xFF, 0xFF, 0xC0, 0xFF, 0xFF, 0xFF, 0xFF,
  0xFF, 0xFC, 0x03, 0xFF, 0xFF, 0xFF, 0xFF, 0xFF, 0x80, 0x00, 0xFF, 0xFF,
  0xFF, 0xFF, 0xFF, 0xFF, 0xFF, 0xFF, 0xFF, 0xFF, 0xFF, 0xFF, 0xFF, 0xFF,
  0xFF, 0xFF, 0xFF, 0xFF, 0xFF, 0xFF, 0xFF, 0xFF, 0xFF, 0xFF, 0xFF, 0xFF,
  0xFF, 0xFF, 0xFF, 0xFF, 0xFF, 0xFF, 0xFF, 0xFF, 0xFF, 0xFF, 0xFF, 0xFF,
  0xFF, 0xFF, 0xFF, 0xFF, 0xFF, 0xFF, 0xFF, 0xFF, 0xFF, 0xFF, 0xFF, 0xFF,
  0xFF, 0xFF, 0xFF, 0xFF, 0xFF, 0xFF, 0xFF, 0xFF, 0xFF, 0xFF, 0xFF, 0xFF,
  0xF8, 0x00, 0x00, 0x00, 0x00, 0x1F, 0xFC, 0x00, 0x00, 0x00, 0x00, 0x0F,
  0xFE, 0x00, 0x00, 0x00, 0x00, 0x07, 0xFF, 0x00, 0x00, 0x00, 0x00, 0x03,
  0xFF, 0x80, 0x00, 0x00, 0x00, 0x01, 0xFF, 0xC0, 0x00, 0x00, 0x00, 0x00,
  0xFF, 0xE0, 0x00, 0x00, 0x00, 0x00, 0x7F, 0xF0, 0x00, 0x00, 0x00, 0x00,
  0x3F, 0xF8, 0x00, 0x00, 0x00, 0x00, 0x1F, 0xFC, 0x00, 0x00, 0x00, 0x00,
  0x0F, 0xFE, 0x00, 0x00, 0x00, 0x00, 0x07, 0xFF, 0x00, 0x00, 0x00, 0x00,
  0x03, 0xFF, 0x80, 0x00, 0x00, 0x00, 0x01, 0xFF, 0xC0, 0x00, 0x00, 0x00,
  0x00, 0xFF, 0xFF, 0xFF, 0xFF, 0xFF, 0xC0, 0x7F, 0xFF, 0xFF, 0xFF, 0xFF,
  0xE0, 0x3F, 0xFF, 0xFF, 0xFF, 0xFF, 0xF0, 0x1F, 0xFF, 0xFF, 0xFF, 0xFF,
  0xF8, 0x0F, 0xFF, 0xFF, 0xFF, 0xFF, 0xFC, 0x07, 0xFF, 0xFF, 0xFF, 0xFF,
  0xFE, 0x03, 0xFF, 0xFF, 0xFF, 0xFF, 0xFF, 0x01, 0xFF, 0xFF, 0xFF, 0xFF,
  0xFF, 0x80, 0xFF, 0xFF, 0xFF, 0xFF, 0xFF, 0xC0, 0x7F, 0xFF, 0xFF, 0xFF,
  0xFF, 0xE0, 0x3F, 0xF8, 0x00, 0x00, 0x00, 0x00, 0x1F, 0xFC, 0x00, 0x00,
  0x00, 0x00, 0x0F, 0xFE, 0x00, 0x00, 0x00, 0x00, 0x07, 0xFF, 0x00, 0x00,
  0x00, 0x00, 0x03, 0xFF, 0x80, 0x00, 0x00, 0x00, 0x01, 0xFF, 0xC0, 0x00,
  0x00, 0x00, 0x00, 0xFF, 0xE0, 0x00, 0x00, 0x00, 0x00, 0x7F, 0xF0, 0x00,
  0x00, 0x00, 0x00, 0x3F, 0xF8, 0x00, 0x00, 0x00, 0x00, 0x1F, 0xFC, 0x00,
  0x00, 0x00, 0x00, 0x0F, 0xFE, 0x00, 0x00, 0x00, 0x00, 0x07, 0xFF, 0x00,
  0x00, 0x00, 0x00, 0x03, 0xFF, 0x80, 0x00, 0x00, 0x00, 0x01, 0xFF, 0xC0,
  0x00, 0x00, 0x00, 0x00, 0xFF, 0xFF, 0xFF, 0xFF, 0xFF, 0xFF, 0xFF, 0xFF,
  0xFF, 0xFF, 0xFF, 0xFF, 0xFF, 0xFF, 0xFF, 0xFF, 0xFF, 0xFF, 0xFF, 0xFF,
  0xFF, 0xFF, 0xFF, 0xFF, 0xFF, 0xFF, 0xFF, 0xFF, 0xFF, 0xFF, 0xFF, 0xFF,
  0xFF, 0xFF, 0xFF, 0xFF, 0xFF, 0xFF, 0xFF, 0xFF, 0xFF, 0xFF, 0xFF, 0xFF,
  0xFF, 0xFF, 0xFF, 0xFF, 0xFF, 0xFF, 0xFF, 0xFF, 0xFF, 0xFF, 0xFF, 0xFF,
  0xFF, 0xFF, 0xFF, 0xFF, 0xFF, 0xC0, 0xFF, 0xFF, 0xFF, 0xFF, 0xFF, 0xFF,
  0xFF, 0xFF, 0xFF, 0xFF, 0xFF, 0xFF, 0xFF, 0xFF, 0xFF, 0xFF, 0xFF, 0xFF,
  0xFF, 0xFF, 0xFF, 0xFF, 0xFF, 0xFF, 0xFF, 0xFF, 0xFF, 0xFF, 0xFF, 0xFF,
  0xFF, 0xFF, 0xFF, 0xFF, 0xFF, 0xFF, 0xFF, 0xFF, 0xFF, 0xFF, 0xFF, 0xFF,
  0xFF, 0xFF, 0xFF, 0xFF, 0xFF, 0xFF, 0xFF, 0xFF, 0xFF, 0xFF, 0xFF, 0xFF,
  0xFF, 0xFF, 0xFF, 0xFF, 0xFF, 0xFF, 0xFF, 0xFF, 0xF8, 0x00, 0x00, 0x00,
  0x00, 0x1F, 0xFC, 0x00, 0x00, 0x00, 0x00, 0x0F, 0xFE, 0x00, 0x00, 0x00,
  0x00, 0x07, 0xFF, 0x00, 0x00, 0x00, 0x00, 0x03, 0xFF, 0x80, 0x00, 0x00,
  0x00, 0x01, 0xFF, 0xC0, 0x00, 0x00, 0x00, 0x00, 0xFF, 0xE0, 0x00, 0x00,
  0x00, 0x00, 0x7F, 0xF0, 0x00, 0x00, 0x00, 0x00, 0x3F, 0xF8, 0x00, 0x00,
  0x00, 0x00, 0x1F, 0xFC, 0x00, 0x00, 0x00, 0x00, 0x0F, 0xFE, 0x00, 0x00,
  0x00, 0x00, 0x07, 0xFF, 0x00, 0x00, 0x00, 0x00, 0x03, 0xFF, 0x80, 0x00,
  0x00, 0x00, 0x01, 0xFF, 0xC0, 0x00, 0x00, 0x00, 0x00, 0xFF, 0xFF, 0xFF,
  0xFF, 0xFF, 0xC0, 0x7F, 0xFF, 0xFF, 0xFF, 0xFF, 0xE0, 0x3F, 0xFF, 0xFF,
  0xFF, 0xFF, 0xF0, 0x1F, 0xFF, 0xFF, 0xFF, 0xFF, 0xF8, 0x0F, 0xFF, 0xFF,
  0xFF, 0xFF, 0xFC, 0x07, 0xFF, 0xFF, 0xFF, 0xFF, 0xFE, 0x03, 0xFF, 0xFF,
  0xFF, 0xFF, 0xFF, 0x01, 0xFF, 0xFF, 0xFF, 0xFF, 0xFF, 0x80, 0xFF, 0xFF,
  0xFF, 0xFF, 0xFF, 0xC0, 0x7F, 0xFF, 0xFF, 0xFF, 0xFF, 0xE0, 0x3F, 0xF8,
  0x00, 0x00, 0x00, 0x00, 0x1F, 0xFC, 0x00, 0x00, 0x00, 0x00, 0x0F, 0xFE,
  0x00, 0x00, 0x00, 0x00, 0x07, 0xFF, 0x00, 0x00, 0x00, 0x00, 0x03, 0xFF,
  0x80, 0x00, 0x00, 0x00, 0x01, 0xFF, 0xC0, 0x00, 0x00, 0x00, 0x00, 0xFF,
  0xE0, 0x00, 0x00, 0x00, 0x00, 0x7F, 0xF0, 0x00, 0x00, 0x00, 0x00, 0x3F,
  0xF8, 0x00, 0x00, 0x00, 0x00, 0x1F, 0xFC, 0x00, 0x00, 0x00, 0x00, 0x0F,
  0xFE, 0x00, 0x00, 0x00, 0x00, 0x07, 0xFF, 0x00, 0x00, 0x00, 0x00, 0x03,
  0xFF, 0x80, 0x00, 0x00, 0x00, 0x01, 0xFF, 0xC0, 0x00, 0x00, 0x00, 0x00,
  0xFF, 0xE0, 0x00, 0x00, 0x00, 0x00, 0x7F, 0xF0, 0x00, 0x00, 0x00, 0x00,
  0x3F, 0xF8, 0x00, 0x00, 0x00, 0x00, 0x1F, 0xFC, 0x00, 0x00, 0x00, 0x00,
  0x0F, 0xFE, 0x00, 0x00, 0x00, 0x00, 0x07, 0xFF, 0x00, 0x00, 0x00, 0x00,
  0x03, 0xFF, 0x80, 0x00, 0x00, 0x00, 0x01, 0xFF, 0xC0, 0x00, 0x00, 0x00,
  0x00, 0xFF, 0xE0, 0x00, 0x00, 0x00, 0x00, 0x7F, 0xF0, 0x00, 0x00, 0x00,
  0x00, 0x00, 0x00, 0x1F, 0xFF, 0xFF, 0xFF, 0xFF, 0xFC, 0x03, 0xFF, 0xFF,
  0xFF, 0xFF, 0xFF, 0xF0, 0x1F, 0xFF, 0xFF, 0xFF, 0xFF, 0xFF, 0xC1, 0xFF,
  0xFF, 0xFF, 0xFF, 0xFF, 0xFF, 0x0F, 0xFF, 0xFF, 0xFF, 0xFF, 0xFF, 0xFC,
  0x7F, 0xFF, 0xFF, 0xFF, 0xFF, 0xFF, 0xF1, 0xFF, 0xFF, 0xFF, 0xFF, 0xFF,
  0xFF, 0xCF, 0xFF, 0xFF, 0xFF, 0xFF, 0xFF, 0xFF, 0x7F, 0xFF, 0xFF, 0xFF,
  0xFF, 0xFF, 0xFD, 0xFF, 0xFF, 0xFF, 0xFF, 0xFF, 0xFF, 0xF7, 0xFF, 0x80,
  0x00, 0x00, 0x00, 0x00, 0x3F, 0xFC, 0x00, 0x00, 0x00, 0x00, 0x00, 0xFF,
  0xE0, 0x00, 0x00, 0x00, 0x00, 0x03, 0xFF, 0x80, 0x00, 0x00, 0x00, 0x00,
  0x0F, 0xFE, 0x00, 0x00, 0x00, 0x00, 0x00, 0x3F, 0xF8, 0x00, 0x00, 0x00,
  0x00, 0x00, 0xFF, 0xE0, 0x00, 0x00, 0x00, 0x00, 0x03, 0xFF, 0x80, 0x00,
  0x00, 0x00, 0x00, 0x0F, 0xFE, 0x00, 0x00, 0x00, 0x00, 0x00, 0x3F, 0xF8,
  0x00, 0x00, 0x00, 0x00, 0x00, 0xFF, 0xE0, 0x00, 0x00, 0x00, 0x00, 0x03,
  0xFF, 0x80, 0x00, 0x00, 0x00, 0x00, 0x0F, 0xFE, 0x00, 0x00, 0x00, 0x00,
  0x00, 0x3F, 0xF8, 0x00, 0x00, 0x00, 0x00, 0x00, 0xFF, 0xE0, 0x07, 0xFF,
  0xFF, 0xFF, 0xFF, 0xFF, 0x80, 0x1F, 0xFF, 0xFF, 0xFF, 0xFF, 0xFE, 0x00,
  0x7F, 0xFF, 0xFF, 0xFF, 0xFF, 0xF8, 0x01, 0xFF, 0xFF, 0xFF, 0xFF, 0xFF,
  0xE0, 0x07, 0xFF, 0xFF, 0xFF, 0xFF, 0xFF, 0x80, 0x1F, 0xFF, 0xFF, 0xFF,
  0xFF, 0xFE, 0x00, 0x7F, 0xFF, 0xFF, 0xFF, 0xFF, 0xF8, 0x01, 0xFF, 0xFF,
  0xFF, 0xFF, 0xFF, 0xE0, 0x07, 0xFF, 0xFF, 0xFF, 0xFF, 0xFF, 0x80, 0x1F,
  0xFF, 0xFF, 0xFF, 0xFF, 0xFE, 0x00, 0x00, 0x00, 0x01, 0xFF, 0xFF, 0xF8,
  0x00, 0x00, 0x00, 0x07, 0xFF, 0xFF, 0xE0, 0x00, 0x00, 0x00, 0x1F, 0xFF,
  0xFF, 0x80, 0x00, 0x00, 0x00, 0x7F, 0xFF, 0xFE, 0x00, 0x00, 0x00, 0x01,
  0xFF, 0xFF, 0xF8, 0x00, 0x00, 0x00, 0x07, 0xFF, 0xFF, 0xE0, 0x00, 0x00,
  0x00, 0x1F, 0xFF, 0xFF, 0x80, 0x00, 0x00, 0x00, 0x7F, 0xFF, 0xFE, 0x00,
  0x00, 0x00, 0x01, 0xFF, 0xFF, 0xF8, 0x00, 0x00, 0x00, 0x07, 0xFF, 0xFF,
  0xE0, 0x00, 0x00, 0x00, 0x1F, 0xFF, 0xFF, 0x80, 0x00, 0x00, 0x00, 0x7F,
  0xFF, 0xFF, 0x00, 0x00, 0x00, 0x01, 0xFF, 0xDF, 0xFE, 0x00, 0x00, 0x00,
  0x07, 0xFF, 0x7F, 0xFF, 0xFF, 0xFF, 0xFF, 0xFF, 0xFD, 0xFF, 0xFF, 0xFF,
  0xFF, 0xFF, 0xFF, 0xF3, 0xFF, 0xFF, 0xFF, 0xFF, 0xFF, 0xFF, 0xC7, 0xFF,
  0xFF, 0xFF, 0xFF, 0xFF, 0xFF, 0x1F, 0xFF, 0xFF, 0xFF, 0xFF, 0xFF, 0xFC,
  0x3F, 0xFF, 0xFF, 0xFF, 0xFF, 0xFF, 0xF0, 0x7F, 0xFF, 0xFF, 0xFF, 0xFF,
  0xFF, 0xC0, 0x7F, 0xFF, 0xFF, 0xFF, 0xFF, 0xFF, 0x00, 0xFF, 0xFF, 0xFF,
  0xFF, 0xFF, 0xFC, 0x00, 0x7F, 0xFF, 0xFF, 0xFF, 0xFF, 0xF0, 0xFF, 0xE0,
  0x00, 0x00, 0x00, 0x1F, 0xFF, 0xFF, 0x80, 0x00, 0x00, 0x00, 0x7F, 0xFF,
  0xFE, 0x00, 0x00, 0x00, 0x01, 0xFF, 0xFF, 0xF8, 0x00, 0x00, 0x00, 0x07,
  0xFF, 0xFF, 0xE0, 0x00, 0x00, 0x00, 0x1F, 0xFF, 0xFF, 0x80, 0x00, 0x00,
  0x00, 0x7F, 0xFF, 0xFE, 0x00, 0x00, 0x00, 0x01, 0xFF, 0xFF, 0xF8, 0x00,
  0x00, 0x00, 0x07, 0xFF, 0xFF, 0xE0, 0x00, 0x00, 0x00, 0x1F, 0xFF, 0xFF,
  0x80, 0x00, 0x00, 0x00, 0x7F, 0xFF, 0xFE, 0x00, 0x00, 0x00, 0x01, 0xFF,
  0xFF, 0xF8, 0x00, 0x00, 0x00, 0x07, 0xFF, 0xFF, 0xE0, 0x00, 0x00, 0x00,
  0x1F, 0xFF, 0xFF, 0x80, 0x00, 0x00, 0x00, 0x7F, 0xFF, 0xFE, 0x00, 0x00,
  0x00, 0x01, 0xFF, 0xFF, 0xF8, 0x00, 0x00, 0x00, 0x07, 0xFF, 0xFF, 0xE0,
  0x00, 0x00, 0x00, 0x1F, 0xFF, 0xFF, 0x80, 0x00, 0x00, 0x00, 0x7F, 0xFF,
  0xFE, 0x00, 0x00, 0x00, 0x01, 0xFF, 0xFF, 0xF8, 0x00, 0x00, 0x00, 0x07,
  0xFF, 0xFF, 0xE0, 0x00, 0x00, 0x00, 0x1F, 0xFF, 0xFF, 0x80, 0x00, 0x00,
  0x00, 0x7F, 0xFF, 0xFE, 0x00, 0x00, 0x00, 0x01, 0xFF, 0xFF, 0xF8, 0x00,
  0x00, 0x00, 0x07, 0xFF, 0xFF, 0xFF, 0xFF, 0xFF, 0xFF, 0xFF, 0xFF, 0xFF,
  0xFF, 0xFF, 0xFF, 0xFF, 0xFF, 0xFF, 0xFF, 0xFF, 0xFF, 0xFF, 0xFF, 0xFF,
  0xFF, 0xFF, 0xFF, 0xFF, 0xFF, 0xFF, 0xFF, 0xFF, 0xFF, 0xFF, 0xFF, 0xFF,
  0xFF, 0xFF, 0xFF, 0xFF, 0xFF, 0xFF, 0xFF, 0xFF, 0xFF, 0xFF, 0xFF, 0xFF,
  0xFF, 0xFF, 0xFF, 0xFF, 0xFF, 0xFF, 0xFF, 0xFF, 0xFF, 0xFF, 0xFF, 0xFF,
  0xFF, 0xFF, 0xFF, 0xFF, 0xFF, 0xFF, 0xFF, 0xFF, 0xFF, 0xFF, 0xFF, 0xFF,
  0xFE, 0x00, 0x00, 0x00, 0x01, 0xFF, 0xFF, 0xF8, 0x00, 0x00, 0x00, 0x07,
  0xFF, 0xFF, 0xE0, 0x00, 0x00, 0x00, 0x1F, 0xFF, 0xFF, 0x80, 0x00, 0x00,
  0x00, 0x7F, 0xFF, 0xFE, 0x00, 0x00, 0x00, 0x01, 0xFF, 0xFF, 0xF8, 0x00,
  0x00, 0x00, 0x07, 0xFF, 0xFF, 0xE0, 0x00, 0x00, 0x00, 0x1F, 0xFF, 0xFF,
  0x80, 0x00, 0x00, 0x00, 0x7F, 0xFF, 0xFE, 0x00, 0x00, 0x00, 0x01, 0xFF,
  0xFF, 0xF8, 0x00, 0x00, 0x00, 0x07, 0xFF, 0xFF, 0xE0, 0x00, 0x00, 0x00,
  0x1F, 0xFF, 0xFF, 0x80, 0x00, 0x00, 0x00, 0x7F, 0xFF, 0xFE, 0x00, 0x00,
  0x00, 0x01, 0xFF, 0xFF, 0xF8, 0x00, 0x00, 0x00, 0x07, 0xFF, 0xFF, 0xE0,
  0x00, 0x00, 0x00, 0x1F, 0xFF, 0xFF, 0x80, 0x00, 0x00, 0x00, 0x7F, 0xFF,
  0xFE, 0x00, 0x00, 0x00, 0x01, 0xFF, 0xFF, 0xF8, 0x00, 0x00, 0x00, 0x07,
  0xFF, 0xFF, 0xE0, 0x00, 0x00, 0x00, 0x1F, 0xFF, 0xFF, 0x80, 0x00, 0x00,
  0x00, 0x7F, 0xFF, 0xFE, 0x00, 0x00, 0x00, 0x01, 0xFF, 0xFF, 0xF8, 0x00,
  0x00, 0x00, 0x07, 0xFF, 0xFF, 0xE0, 0x00, 0x00, 0x00, 0x1F, 0xFF, 0xFF,
  0x80, 0x00, 0x00, 0x00, 0x7F, 0xF0, 0xFF, 0xFF, 0xFF, 0xFF, 0xFF, 0xFF,
  0xFF, 0xFF, 0xFF, 0xFF, 0xFF, 0xFF, 0xFF, 0xFF, 0xFF, 0xFF, 0xFF, 0xFF,
  0xFF, 0xFF, 0xFF, 0xFF, 0xFF, 0xFF, 0xFF, 0xFF, 0xFF, 0xFF, 0xFF, 0xFF,
  0xFF, 0xFF, 0xFF, 0xFF, 0xFF, 0xFF, 0xFF, 0xFF, 0xFF, 0xFF, 0xFF, 0xFF,
  0xFF, 0xFF, 0xFF, 0xFF, 0xFF, 0xFF, 0xFF, 0xFF, 0xFF, 0xFF, 0xFF, 0xFF,
  0xFF, 0xFF, 0xFF, 0xFF, 0xFF, 0xFF, 0xFF, 0xFF, 0xFF, 0xFF, 0xFF, 0xFF,
  0xFF, 0xFF, 0xFF, 0xFF, 0xFF, 0xFF, 0xFF, 0xFF, 0xFF, 0xFF, 0xFF, 0xFF,
  0xFF, 0xFC, 0x00, 0x00, 0x1F, 0xFF, 0xFF, 0xFF, 0xFC, 0x00, 0x00, 0x7F,
  0xFF, 0xFF, 0xFF, 0xF0, 0x00, 0x01, 0xFF, 0xFF, 0xFF, 0xFF, 0xC0, 0x00,
  0x07, 0xFF, 0xFF, 0xFF, 0xFF, 0x00, 0x00, 0x1F, 0xFF, 0xFF, 0xFF, 0xFC,
  0x00, 0x00, 0x7F, 0xFF, 0xFF, 0xFF, 0xF0, 0x00, 0x01, 0xFF, 0xFF, 0xFF,
  0xFF, 0xC0, 0x00, 0x07, 0xFF, 0xFF, 0xFF, 0xFF, 0x00, 0x00, 0x1F, 0xFF,
  0xFF, 0xFF, 0xFC, 0x00, 0x00, 0x7F, 0xFF, 0xFF, 0xFF, 0xF0, 0x00, 0x00,
  0x00, 0x00, 0x01, 0xFF, 0xC0, 0x00, 0x00, 0x00, 0x00, 0x07, 0xFF, 0x00,
  0x00, 0x00, 0x00, 0x00, 0x1F, 0xFC, 0x00, 0x00, 0x00, 0x00, 0x00, 0x7F,
  0xF0, 0x00, 0x00, 0x00, 0x00, 0x01, 0xFF, 0xC0, 0x00, 0x00, 0x00, 0x00,
  0x07, 0xFF, 0x00, 0x00, 0x00, 0x00, 0x00, 0x1F, 0xFC, 0x00, 0x00, 0x00,
  0x00, 0x00, 0x7F, 0xF0, 0x00, 0x00, 0x00, 0x00, 0x01, 0xFF, 0xC0, 0x00,
  0x00, 0x00, 0x00, 0x07, 0xFF, 0x00, 0x00, 0x00, 0x00, 0x00, 0x1F, 0xFC,
  0x00, 0x00, 0x00, 0x00, 0x00, 0x7F, 0xF0, 0x00, 0x00, 0x00, 0x00, 0x01,
  0xFF, 0xC0, 0x00, 0x00, 0x00, 0x00, 0x07, 0xFF, 0x00, 0x00, 0x00, 0x00,
  0x00, 0x1F, 0xFC, 0x00, 0x00, 0x00, 0x00, 0x00, 0x7F, 0xF0, 0x00, 0x00,
  0x00, 0x00, 0x01, 0xFF, 0xC0, 0x00, 0x00, 0x00, 0x00, 0x07, 0xFF, 0x00,
  0x00, 0x00, 0x00, 0x00, 0x1F, 0xFC, 0x00, 0x00, 0x00, 0x00, 0x00, 0x7F,
  0xF0, 0x00, 0x00, 0x00, 0x00, 0x01, 0xFF, 0xC0, 0x00, 0x00, 0x00, 0x00,
  0x07, 0xFF, 0x00, 0x00, 0x00, 0x00, 0x00, 0x1F, 0xFC, 0x00, 0x00, 0x00,
  0x00, 0x00, 0x7F, 0xF0, 0x00, 0x00, 0x00, 0x00, 0x01, 0xFF, 0xC0, 0x00,
  0x00, 0x00, 0x00, 0x07, 0xFF, 0x00, 0x00, 0x00, 0x00, 0x00, 0x1F, 0xFC,
  0x00, 0x00, 0x00, 0x00, 0x00, 0x7F, 0xF0, 0x00, 0x00, 0x00, 0x00, 0x01,
  0xFF, 0xC0, 0x00, 0x00, 0x00, 0x00, 0x07, 0xFF, 0x00, 0x00, 0x00, 0x00,
  0x00, 0x1F, 0xFC, 0x00, 0x00, 0x00, 0x00, 0x00, 0x7F, 0xF0, 0x00, 0x00,
  0x00, 0x00, 0x01, 0xFF, 0xC0, 0x00, 0x00, 0x00, 0x00, 0x07, 0xFF, 0x00,
  0x00, 0x00, 0x00, 0x00, 0x1F, 0xFC, 0x00, 0x00, 0x00, 0x00, 0x00, 0x7F,
  0xF0, 0x00, 0x00, 0x00, 0x00, 0x03, 0xFF, 0xC0, 0x00, 0x00, 0x00, 0x00,
  0x1F, 0xFE, 0xFF, 0xFF, 0xFF, 0xFF, 0xFF, 0xFF, 0xFB, 0xFF, 0xFF, 0xFF,
  0xFF, 0xFF, 0xFF, 0xEF, 0xFF, 0xFF, 0xFF, 0xFF, 0xFF, 0xFF, 0x3F, 0xFF,
  0xFF, 0xFF, 0xFF, 0xFF, 0xF8, 0xFF, 0xFF, 0xFF, 0xFF, 0xFF, 0xFF, 0xE3,
  0xFF, 0xFF, 0xFF, 0xFF, 0xFF, 0xFF, 0x0F, 0xFF, 0xFF, 0xFF, 0xFF, 0xFF,
  0xF8, 0x3F, 0xFF, 0xFF, 0xFF, 0xFF, 0xFF, 0x80, 0xFF, 0xFF, 0xFF, 0xFF,
  0xFF, 0xFC, 0x03, 0xFF, 0xFF, 0xFF, 0xFF, 0xFF, 0x80, 0x00, 0xFF, 0xE0,
  0x00, 0x00, 0x01, 0xFF, 0xFF, 0xFF, 0x80, 0x00, 0x00, 0x0F, 0xFF, 0xEF,
  0xFE, 0x00, 0x00, 0x00, 0x7F, 0xFF, 0x3F, 0xF8, 0x00, 0x00, 0x03, 0xFF,
  0xF8, 0xFF, 0xE0, 0x00, 0x00, 0x1F, 0xFF, 0xC3, 0xFF, 0x80, 0x00, 0x00,
  0xFF, 0xFE, 0x0F, 0xFE, 0x00, 0x00, 0x07, 0xFF, 0xF0, 0x3F, 0xF8, 0x00,
  0x00, 0x3F, 0xFF, 0x80, 0xFF, 0xE0, 0x00, 0x00, 0xFF, 0xFC, 0x03, 0xFF,
  0x80, 0x00, 0x07, 0xFF, 0xE0, 0x0F, 0xFE, 0x00, 0x00, 0x3F, 0xFF, 0x00,
  0x3F, 0xF8, 0x00, 0x01, 0xFF, 0xF8, 0x00, 0xFF, 0xE0, 0x00, 0x0F, 0xFF,
  0xC0, 0x03, 0xFF, 0x80, 0x00, 0x7F, 0xFE, 0x00, 0x0F, 0xFE, 0x00, 0x03,
  0xFF, 0xF0, 0x00, 0x3F, 0xF8, 0x00, 0x1F, 0xFF, 0x80, 0x00, 0xFF, 0xE0,
  0x00, 0xFF, 0xFC, 0x00, 0x03, 0xFF, 0x80, 0x07, 0xFF, 0xE0, 0x00, 0x0F,
  0xFE, 0x00, 0x3F, 0xFF, 0x80, 0x00, 0x3F, 0xF8, 0x01, 0xFF, 0xFC, 0x00,
  0x00, 0xFF, 0xE0, 0x0F, 0xFF, 0xE0, 0x00, 0x03, 0xFF, 0x80, 0x7F, 0xFF,
  0x00, 0x00, 0x0F, 0xFE, 0x03, 0xFF, 0xF8, 0x00, 0x00, 0x3F, 0xF8, 0x1F,
  0xFF, 0xC0, 0x00, 0x00, 0xFF, 0xFF, 0xFF, 0xFE, 0x00, 0x00, 0x03, 0xFF,
  0xFF, 0xFF, 0xF0, 0x00, 0x00, 0x0F, 0xFF, 0xFF, 0xFF, 0x80, 0x00, 0x00,
  0x3F, 0xFF, 0xFF, 0xFC, 0x00, 0x00, 0x00, 0xFF, 0xFF, 0xFF, 0xE0, 0x00,
  0x00, 0x03, 0xFF, 0xFF, 0xFF, 0x80, 0x00, 0x00, 0x0F, 0xFF, 0xFF, 0xFF,
  0x00, 0x00, 0x00, 0x3F, 0xFF, 0xFF, 0xFE, 0x00, 0x00, 0x00, 0xFF, 0xFF,
  0xFF, 0xFC, 0x00, 0x00, 0x03, 0xFF, 0xFF, 0xFF, 0xF8, 0x00, 0x00, 0x0F,
  0xFE, 0x07, 0xFF, 0xF0, 0x00, 0x00, 0x3F, 0xF8, 0x0F, 0xFF, 0xE0, 0x00,
  0x00, 0xFF, 0xE0, 0x1F, 0xFF, 0xC0, 0x00, 0x03, 0xFF, 0x80, 0x3F, 0xFF,
  0x80, 0x00, 0x0F, 0xFE, 0x00, 0x7F, 0xFF, 0x00, 0x00, 0x3F, 0xF8, 0x00,
  0xFF, 0xFE, 0x00, 0x00, 0xFF, 0xE0, 0x01, 0xFF, 0xF8, 0x00, 0x03, 0xFF,
  0x80, 0x03, 0xFF, 0xF0, 0x00, 0x0F, 0xFE, 0x00, 0x07, 0xFF, 0xE0, 0x00,
  0x3F, 0xF8, 0x00, 0x0F, 0xFF, 0xC0, 0x00, 0xFF, 0xE0, 0x00, 0x1F, 0xFF,
  0x80, 0x03, 0xFF, 0x80, 0x00, 0x3F, 0xFF, 0x00, 0x0F, 0xFE, 0x00, 0x00,
  0x7F, 0xFE, 0x00, 0x3F, 0xF8, 0x00, 0x00, 0xFF, 0xFC, 0x00, 0xFF, 0xE0,
  0x00, 0x01, 0xFF, 0xF8, 0x03, 0xFF, 0x80, 0x00, 0x03, 0xFF, 0xF0, 0x0F,
  0xFE, 0x00, 0x00, 0x0F, 0xFF, 0xE0, 0x3F, 0xF8, 0x00, 0x00, 0x1F, 0xFF,
  0xC0, 0xFF, 0xE0, 0x00, 0x00, 0x3F, 0xFF, 0x83, 0xFF, 0x80, 0x00, 0x00,
  0x7F, 0xFF, 0x0F, 0xFE, 0x00, 0x00, 0x00, 0xFF, 0xFE, 0x3F, 0xF8, 0x00,
  0x00, 0x01, 0xFF, 0xFC, 0xFF, 0xE0, 0x00, 0x00, 0x03, 0xFF, 0xFB, 0xFF,
  0x80, 0x00, 0x00, 0x07, 0xFF, 0xF0, 0xFF, 0xE0, 0x00, 0x00, 0x00, 0x00,
  0x7F, 0xF0, 0x00, 0x00, 0x00, 0x00, 0x3F, 0xF8, 0x00, 0x00, 0x00, 0x00,
  0x1F, 0xFC, 0x00, 0x00, 0x00, 0x00, 0x0F, 0xFE, 0x00, 0x00, 0x00, 0x00,
  0x07, 0xFF, 0x00, 0x00, 0x00, 0x00, 0x03, 0xFF, 0x80, 0x00, 0x00, 0x00,
  0x01, 0xFF, 0xC0, 0x00, 0x00, 0x00, 0x00, 0xFF, 0xE0, 0x00, 0x00, 0x00,
  0x00, 0x7F, 0xF0, 0x00, 0x00, 0x00, 0x00, 0x3F, 0xF8, 0x00, 0x00, 0x00,
  0x00, 0x1F, 0xFC, 0x00, 0x00, 0x00, 0x00, 0x0F, 0xFE, 0x00, 0x00, 0x00,
  0x00, 0x07, 0xFF, 0x00, 0x00, 0x00, 0x00, 0x03, 0xFF, 0x80, 0x00, 0x00,
  0x00, 0x01, 0xFF, 0xC0, 0x00, 0x00, 0x00, 0x00, 0xFF, 0xE0, 0x00, 0x00,
  0x00, 0x00, 0x7F, 0xF0, 0x00, 0x00, 0x00, 0x00, 0x3F, 0xF8, 0x00, 0x00,
  0x00, 0x00, 0x1F, 0xFC, 0x00, 0x00, 0x00, 0x00, 0x0F, 0xFE, 0x00, 0x00,
  0x00, 0x00, 0x07, 0xFF, 0x00, 0x00, 0x00, 0x00, 0x03, 0xFF, 0x80, 0x00,
  0x00, 0x00, 0x01, 0xFF, 0xC0, 0x00, 0x00, 0x00, 0x00, 0xFF, 0xE0, 0x00,
  0x00, 0x00, 0x00, 0x7F, 0xF0, 0x00, 0x00, 0x00, 0x00, 0x3F, 0xF8, 0x00,
  0x00, 0x00, 0x00, 0x1F, 0xFC, 0x00, 0x00, 0x00, 0x00, 0x0F, 0xFE, 0x00,
  0x00, 0x00, 0x00, 0x07, 0xFF, 0x00, 0x00, 0x00, 0x00, 0x03, 0xFF, 0x80,
  0x00, 0x00, 0x00, 0x01, 0xFF, 0xC0, 0x00, 0x00, 0x00, 0x00, 0xFF, 0xE0,
  0x00, 0x00, 0x00, 0x00, 0x7F, 0xF0, 0x00, 0x00, 0x00, 0x00, 0x3F, 0xF8,
  0x00, 0x00, 0x00, 0x00, 0x1F, 0xFC, 0x00, 0x00, 0x00, 0x00, 0x0F, 0xFE,
  0x00, 0x00, 0x00, 0x00, 0x07, 0xFF, 0x00, 0x00, 0x00, 0x00, 0x03, 0xFF,
  0x80, 0x00, 0x00, 0x00, 0x01, 0xFF, 0xC0, 0x00, 0x00, 0x00, 0x00, 0xFF,
  0xE0, 0x00, 0x00, 0x00, 0x00, 0x7F, 0xF0, 0x00, 0x00, 0x00, 0x00, 0x3F,
  0xF8, 0x00, 0x00, 0x00, 0x00, 0x1F, 0xFC, 0x00, 0x00, 0x00, 0x00, 0x0F,
  0xFE, 0x00, 0x00, 0x00, 0x00, 0x07, 0xFF, 0x00, 0x00, 0x00, 0x00, 0x03,
  0xFF, 0x80, 0x00, 0x00, 0x00, 0x01, 0xFF, 0xC0, 0x00, 0x00, 0x00, 0x00,
  0xFF, 0xFF, 0xFF, 0xFF, 0xFF, 0xFF, 0xFF, 0xFF, 0xFF, 0xFF, 0xFF, 0xFF,
  0xFF, 0xFF, 0xFF, 0xFF, 0xFF, 0xFF, 0xFF, 0xFF, 0xFF, 0xFF, 0xFF, 0xFF,
  0xFF, 0xFF, 0xFF, 0xFF, 0xFF, 0xFF, 0xFF, 0xFF, 0xFF, 0xFF, 0xFF, 0xFF,
  0xFF, 0xFF, 0xFF, 0xFF, 0xFF, 0xFF, 0xFF, 0xFF, 0xFF, 0xFF, 0xFF, 0xFF,
  0xFF, 0xFF, 0xFF, 0xFF, 0xFF, 0xFF, 0xFF, 0xFF, 0xFF, 0xFF, 0xFF, 0xFF,
  0xFF, 0xC0, 0xFF, 0xFF, 0xC0, 0x00, 0x00, 0x00, 0x00, 0x7F, 0xFF, 0xFF,
  0xFF, 0xF8, 0x00, 0x00, 0x00, 0x00, 0x0F, 0xFF, 0xFF, 0xFF, 0xFF, 0x80,
  0x00, 0x00, 0x00, 0x03, 0xFF, 0xFF, 0xFF, 0xFF, 0xF0, 0x00, 0x00, 0x00,
  0x00, 0x7F, 0xFF, 0xFF, 0xFF, 0xFF, 0x00, 0x00, 0x00, 0x00, 0x1F, 0xFF,
  0xFF, 0xFF, 0xFF, 0xE0, 0x00, 0x00, 0x00, 0x03, 0xFF, 0xFF, 0xFF, 0xFF,
  0xFC, 0x00, 0x00, 0x00, 0x00, 0x7F, 0xFF, 0xFF, 0xFF, 0xFF, 0xC0, 0x00,
  0x00, 0x00, 0x1F, 0xFF, 0xFF, 0xFF, 0xFF, 0xF8, 0x00, 0x00, 0x00, 0x03,
  0xFF, 0xFF, 0xFF, 0xFF, 0xFF, 0x80, 0x00, 0x00, 0x00, 0xFF, 0xFF, 0xFF,
  0xFF, 0xFF, 0xF0, 0x00, 0x00, 0x00, 0x1F, 0xFF, 0xFF, 0xFF, 0xFF, 0xFF,
  0x00, 0x00, 0x00, 0x03, 0xFF, 0xFF, 0xFF, 0xFE, 0xFF, 0xE0, 0x00, 0x00,
  0x00, 0xFF, 0xEF, 0xFF, 0xFF, 0xDF, 0xFC, 0x00, 0x00, 0x00, 0x1F, 0xFD,
  0xFF, 0xFF, 0xF9, 0xFF, 0xC0, 0x00, 0x00, 0x07, 0xFF, 0x3F, 0xFF, 0xFF,
  0x3F, 0xF8, 0x00, 0x00, 0x00, 0xFF, 0xE7, 0xFF, 0xFF, 0xE7, 0xFF, 0x80,
  0x00, 0x00, 0x3F, 0xFC, 0xFF, 0xFF, 0xFC, 0x7F, 0xF0, 0x00, 0x00, 0x07,
  0xFF, 0x1F, 0xFF, 0xFF, 0x8F, 0xFE, 0x00, 0x00, 0x00, 0xFF, 0xE3, 0xFF,
  0xFF, 0xF0, 0xFF, 0xE0, 0x00, 0x00, 0x3F, 0xF8, 0x7F, 0xFF, 0xFE, 0x1F,
  0xFC, 0x00, 0x00, 0x07, 0xFF, 0x0F, 0xFF, 0xFF, 0xC1, 0xFF, 0xC0, 0x00,
  0x01, 0xFF, 0xC1, 0xFF, 0xFF, 0xF8, 0x3F, 0xF8, 0x00, 0x00, 0x3F, 0xF8,
  0x3F, 0xFF, 0xFF, 0x07, 0xFF, 0x80, 0x00, 0x07, 0xFF, 0x07, 0xFF, 0xFF,
  0xE0, 0x7F, 0xF0, 0x00, 0x01, 0xFF, 0xC0, 0xFF, 0xFF, 0xFC, 0x0F, 0xFE,
  0x00, 0x00, 0x3F, 0xF8, 0x1F, 0xFF, 0xFF, 0x80, 0xFF, 0xE0, 0x00, 0x0F,
  0xFE, 0x03, 0xFF, 0xFF, 0xF0, 0x1F, 0xFC, 0x00, 0x01, 0xFF, 0xC0, 0x7F,
  0xFF, 0xFE, 0x03, 0xFF, 0xC0, 0x00, 0x7F, 0xF8, 0x0F, 0xFF, 0xFF, 0xC0,
  0x3F, 0xF8, 0x00, 0x0F, 0xFE, 0x01, 0xFF, 0xFF, 0xF8, 0x07, 0xFF, 0x00,
  0x01, 0xFF, 0xC0, 0x3F, 0xFF, 0xFF, 0x00, 0x7F, 0xF0, 0x00, 0x7F, 0xF0,
  0x07, 0xFF, 0xFF, 0xE0, 0x0F, 0xFE, 0x00, 0x0F, 0xFE, 0x00, 0xFF, 0xFF,
  0xFC, 0x00, 0xFF, 0xE0, 0x03, 0xFF, 0x80, 0x1F, 0xFF, 0xFF, 0x80, 0x1F,
  0xFC, 0x00, 0x7F, 0xF0, 0x03, 0xFF, 0xFF, 0xF0, 0x03, 0xFF, 0xC0, 0x1F,
  0xFE, 0x00, 0x7F, 0xFF, 0xFE, 0x00, 0x3F, 0xF8, 0x03, 0xFF, 0x80, 0x0F,
  0xFF, 0xFF, 0xC0, 0x07, 0xFF, 0x00, 0x7F, 0xF0, 0x01, 0xFF, 0xFF, 0xF8,
  0x00, 0x7F, 0xF0, 0x1F, 0xFC, 0x00, 0x3F, 0xFF, 0xFF, 0x00, 0x0F, 0xFE,
  0x03, 0xFF, 0x80, 0x07, 0xFF, 0xFF, 0xE0, 0x01, 0xFF, 0xE0, 0xFF, 0xF0,
  0x00, 0xFF, 0xFF, 0xFC, 0x00, 0x1F, 0xFC, 0x1F, 0xFC, 0x00, 0x1F, 0xFF,
  0xFF, 0x80, 0x03, 0xFF, 0xC3, 0xFF, 0x80, 0x03, 0xFF, 0xFF, 0xF0, 0x00,
  0x3F, 0xF8, 0xFF, 0xE0, 0x00, 0x7F, 0xFF, 0xFE, 0x00, 0x07, 0xFF, 0x1F,
  0xFC, 0x00, 0x0F, 0xFF, 0xFF, 0xC0, 0x00, 0x7F, 0xF7, 0xFF, 0x00, 0x01,
  0xFF, 0xFF, 0xF8, 0x00, 0x0F, 0xFE, 0xFF, 0xE0, 0x00, 0x3F, 0xFF, 0xFF,
  0x00, 0x01, 0xFF, 0xFF, 0xFC, 0x00, 0x07, 0xFF, 0xFF, 0xE0, 0x00, 0x1F,
  0xFF, 0xFF, 0x00, 0x00, 0xFF, 0xFF, 0xFC, 0x00, 0x03, 0xFF, 0xFF, 0xE0,
  0x00, 0x1F, 0xFF, 0xFF, 0x80, 0x00, 0x3F, 0xFF, 0xF8, 0x00, 0x03, 0xFF,
  0xFF, 0xF0, 0x00, 0x07, 0xFF, 0xFF, 0x00, 0x00, 0x7F, 0xFF, 0xFE, 0x00,
  0x00, 0xFF, 0xFF, 0xE0, 0x00, 0x0F, 0xFF, 0xFF, 0xC0, 0x00, 0x0F, 0xFF,
  0xF8, 0x00, 0x01, 0xFF, 0xFF, 0xF8, 0x00, 0x01, 0xFF, 0xFF, 0x00, 0x00,
  0x3F, 0xFF, 0xFF, 0x00, 0x00, 0x1F, 0xFF, 0xC0, 0x00, 0x07, 0xFF, 0xFF,
  0xE0, 0x00, 0x03, 0xFF, 0xF8, 0x00, 0x00, 0xFF, 0xFF, 0xFC, 0x00, 0x00,
  0x3F, 0xFF, 0x00, 0x00, 0x1F, 0xFC, 0xFF, 0xF0, 0x00, 0x00, 0x00, 0x1F,
  0xFF, 0xFF, 0xE0, 0x00, 0x00, 0x00, 0x7F, 0xFF, 0xFF, 0x80, 0x00, 0x00,
  0x01, 0xFF, 0xFF, 0xFF, 0x00, 0x00, 0x00, 0x07, 0xFF, 0xFF, 0xFE, 0x00,
  0x00, 0x00, 0x1F, 0xFF, 0xFF, 0xFC, 0x00, 0x00, 0x00, 0x7F, 0xFF, 0xFF,
  0xF8, 0x00, 0x00, 0x01, 0xFF, 0xFF, 0xFF, 0xF0, 0x00, 0x00, 0x07, 0xFF,
  0xFF, 0xFF, 0xE0, 0x00, 0x00, 0x1F, 0xFF, 0xFF, 0xFF, 0xC0, 0x00, 0x00,
  0x7F, 0xFF, 0xFF, 0xFF, 0x80, 0x00, 0x01, 0xFF, 0xFF, 0xFF, 0xFF, 0x00,
  0x00, 0x07, 0xFF, 0xFF, 0xFF, 0xFE, 0x00, 0x00, 0x1F, 0xFF, 0xFF, 0xFF,
  0xFC, 0x00, 0x00, 0x7F, 0xFF, 0xFF, 0xFF, 0xF8, 0x00, 0x01, 0xFF, 0xFF,
  0xFB, 0xFF, 0xF0, 0x00, 0x07, 0xFF, 0xFF, 0xE7, 0xFF, 0xE0, 0x00, 0x1F,
  0xFF, 0xFF, 0x8F, 0xFF, 0xC0, 0x00, 0x7F, 0xFF, 0xFE, 0x1F, 0xFF, 0x80,
  0x01, 0xFF, 0xFF, 0xF8, 0x7F, 0xFF, 0x00, 0x07, 0xFF, 0xFF, 0xE0, 0x7F,
  0xFE, 0x00, 0x1F, 0xFF, 0xFF, 0x81, 0xFF, 0xFC, 0x00, 0x7F, 0xFF, 0xFE,
  0x03, 0xFF, 0xF8, 0x01, 0xFF, 0xFF, 0xF8, 0x07, 0xFF, 0xF0, 0x07, 0xFF,
  0xFF, 0xE0, 0x0F, 0xFF, 0xE0, 0x1F, 0xFF, 0xFF, 0x80, 0x1F, 0xFF, 0xC0,
  0x7F, 0xFF, 0xFE, 0x00, 0x3F, 0xFF, 0x81, 0xFF, 0xFF, 0xF8, 0x00, 0x7F,
  0xFF, 0x07, 0xFF, 0xFF, 0xE0, 0x00, 0xFF, 0xFE, 0x1F, 0xFF, 0xFF, 0x80,
  0x01, 0xFF, 0xFC, 0x7F, 0xFF, 0xFE, 0x00, 0x03, 0xFF, 0xF9, 0xFF, 0xFF,
  0xF8, 0x00, 0x07, 0xFF, 0xF7, 0xFF, 0xFF, 0xE0, 0x00, 0x0F, 0xFF, 0xFF,
  0xFF, 0xFF, 0x80, 0x00, 0x1F, 0xFF, 0xFF, 0xFF, 0xFE, 0x00, 0x00, 0x3F,
  0xFF, 0xFF, 0xFF, 0xF8, 0x00, 0x00, 0x7F, 0xFF, 0xFF, 0xFF, 0xE0, 0x00,
  0x00, 0xFF, 0xFF, 0xFF, 0xFF, 0x80, 0x00, 0x01, 0xFF, 0xFF, 0xFF, 0xFE,
  0x00, 0x00, 0x03, 0xFF, 0xFF, 0xFF, 0xF8, 0x00, 0x00, 0x07, 0xFF, 0xFF,
  0xFF, 0xE0, 0x00, 0x00, 0x0F, 0xFF, 0xFF, 0xFF, 0x80, 0x00, 0x00, 0x1F,
  0xFF, 0xFF, 0xFE, 0x00, 0x00, 0x00, 0x3F, 0xFF, 0xFF, 0xF8, 0x00, 0x00,
  0x00, 0x7F, 0xFF, 0xFF, 0xE0, 0x00, 0x00, 0x00, 0xFF, 0xFF, 0xFF, 0x80,
  0x00, 0x00, 0x01, 0xFF, 0xFF, 0xFE, 0x00, 0x00, 0x00, 0x03, 0xFF, 0xFF,
  0xF8, 0x00, 0x00, 0x00, 0x07, 0xFF, 0xFF, 0xE0, 0x00, 0x00, 0x00, 0x1F,
  0xFF, 0xFF, 0x80, 0x00, 0x00, 0x00, 0x7F, 0xFF, 0xFE, 0x00, 0x00, 0x00,
  0x01, 0xFF, 0xFF, 0xF8, 0x00, 0x00, 0x00, 0x07, 0xFF, 0xFF, 0xE0, 0x00,
  0x00, 0x00, 0x1F, 0xFF, 0xFF, 0x80, 0x00, 0x00, 0x00, 0x7F, 0xFF, 0xFE,
  0x00, 0x00, 0x00, 0x01, 0xFF, 0xFF, 0xF8, 0x00, 0x00, 0x00, 0x07, 0xFF,
  0xFF, 0xE0, 0x00, 0x00, 0x00, 0x1F, 0xFF, 0xFF, 0x80, 0x00, 0x00, 0x00,
  0x7F, 0xF0, 0x00, 0x1F, 0xFF, 0xFF, 0xFF, 0xE0, 0x00, 0x03, 0xFF, 0xFF,
  0xFF, 0xFF, 0xF0, 0x00, 0x1F, 0xFF, 0xFF, 0xFF, 0xFF, 0xE0, 0x01, 0xFF,
  0xFF, 0xFF, 0xFF, 0xFF, 0xE0, 0x0F, 0xFF, 0xFF, 0xFF, 0xFF, 0xFF, 0xC0,
  0x7F, 0xFF, 0xFF, 0xFF, 0xFF, 0xFF, 0x81, 0xFF, 0xFF, 0xFF, 0xFF, 0xFF,
  0xFE, 0x0F, 0xFF, 0xFF, 0xFF, 0xFF, 0xFF, 0xFC, 0x7F, 0xFF, 0xFF, 0xFF,
  0xFF, 0xFF, 0xF9, 0xFF, 0xFF, 0xFF, 0xFF, 0xFF, 0xFF, 0xE7, 0xFF, 0x80,
  0x00, 0x00, 0x07, 0xFF, 0xBF, 0xFC, 0x00, 0x00, 0x00, 0x0F, 0xFF, 0xFF,
  0xE0, 0x00, 0x00, 0x00, 0x1F, 0xFF, 0xFF, 0x80, 0x00, 0x00, 0x00, 0x7F,
  0xFF, 0xFE, 0x00, 0x00, 0x00, 0x01, 0xFF, 0xFF, 0xF8, 0x00, 0x00, 0x00,
  0x07, 0xFF, 0xFF, 0xE0, 0x00, 0x00, 0x00, 0x1F, 0xFF, 0xFF, 0x80, 0x00,
  0x00, 0x00, 0x7F, 0xFF, 0xFE, 0x00, 0x00, 0x00, 0x01, 0xFF, 0xFF, 0xF8,
  0x00, 0x00, 0x00, 0x07, 0xFF, 0xFF, 0xE0, 0x00, 0x00, 0x00, 0x1F, 0xFF,
  0xFF, 0x80, 0x00, 0x00, 0x00, 0x7F, 0xFF, 0xFE, 0x00, 0x00, 0x00, 0x01,
  0xFF, 0xFF, 0xF8, 0x00, 0x00, 0x00, 0x07, 0xFF, 0xFF, 0xE0, 0x00, 0x00,
  0x00, 0x1F, 0xFF, 0xFF, 0x80, 0x00, 0x00, 0x00, 0x7F, 0xFF, 0xFE, 0x00,
  0x00, 0x00, 0x01, 0xFF, 0xFF, 0xF8, 0x00, 0x00, 0x00, 0x07, 0xFF, 0xFF,
  0xE0, 0x00, 0x00, 0x00, 0x1F, 0xFF, 0xFF, 0x80, 0x00, 0x00, 0x00, 0x7F,
  0xFF, 0xFE, 0x00, 0x00, 0x00, 0x01, 0xFF, 0xFF, 0xF8, 0x00, 0x00, 0x00,
  0x07, 0xFF, 0xFF, 0xE0, 0x00, 0x00, 0x00, 0x1F, 0xFF, 0xFF, 0x80, 0x00,
  0x00, 0x00, 0x7F, 0xFF, 0xFE, 0x00, 0x00, 0x00, 0x01, 0xFF, 0xFF, 0xF8,
  0x00, 0x00, 0x00, 0x07, 0xFF, 0xFF, 0xE0, 0x00, 0x00, 0x00, 0x1F, 0xFF,
  0xFF, 0x80, 0x00, 0x00, 0x00, 0x7F, 0xFF, 0xFE, 0x00, 0x00, 0x00, 0x01,
  0xFF, 0xFF, 0xF8, 0x00, 0x00, 0x00, 0x07, 0xFF, 0xFF, 0xE0, 0x00, 0x00,
  0x00, 0x1F, 0xFF, 0xFF, 0x80, 0x00, 0x00, 0x00, 0x7F, 0xFF, 0xFE, 0x00,
  0x00, 0x00, 0x01, 0xFF, 0xFF, 0xF8, 0x00, 0x00, 0x00, 0x07, 0xFF, 0xFF,
  0xE0, 0x00, 0x00, 0x00, 0x1F, 0xFF, 0xFF, 0x80, 0x00, 0x00, 0x00, 0x7F,
  0xFF, 0xFF, 0x00, 0x00, 0x00, 0x03, 0xFF, 0xDF, 0xFE, 0x00, 0x00, 0x00,
  0x1F, 0xFE, 0x7F, 0xFF, 0xFF, 0xFF, 0xFF, 0xFF, 0xF9, 0xFF, 0xFF, 0xFF,
  0xFF, 0xFF, 0xFF, 0xE3, 0xFF, 0xFF, 0xFF, 0xFF, 0xFF, 0xFF, 0x07, 0xFF,
  0xFF, 0xFF, 0xFF, 0xFF, 0xF8, 0x1F, 0xFF, 0xFF, 0xFF, 0xFF, 0xFF, 0xE0,
  0x3F, 0xFF, 0xFF, 0xFF, 0xFF, 0xFF, 0x00, 0x7F, 0xFF, 0xFF, 0xFF, 0xFF,
  0xF8, 0x00, 0xFF, 0xFF, 0xFF, 0xFF, 0xFF, 0x80, 0x00, 0xFF, 0xFF, 0xFF,
  0xFF, 0xFC, 0x00, 0x00, 0x7F, 0xFF, 0xFF, 0xFF, 0x80, 0x00, 0xFF, 0xFF,
  0xFF, 0xFF, 0xFF, 0xE0, 0x03, 0xFF, 0xFF, 0xFF, 0xFF, 0xFF, 0xF0, 0x0F,
  0xFF, 0xFF, 0xFF, 0xFF, 0xFF, 0xE0, 0x3F, 0xFF, 0xFF, 0xFF, 0xFF, 0xFF,
  0xE0, 0xFF, 0xFF, 0xFF, 0xFF, 0xFF, 0xFF, 0xC3, 0xFF, 0xFF, 0xFF, 0xFF,
  0xFF, 0xFF, 0x8F, 0xFF, 0xFF, 0xFF, 0xFF, 0xFF, 0xFE, 0x3F, 0xFF, 0xFF,
  0xFF, 0xFF, 0xFF, 0xFC, 0xFF, 0xFF, 0xFF, 0xFF, 0xFF, 0xFF, 0xFB, 0xFF,
  0xFF, 0xFF, 0xFF, 0xFF, 0xFF, 0xEF, 0xFE, 0x00, 0x00, 0x00, 0x07, 0xFF,
  0xBF, 0xF8, 0x00, 0x00, 0x00, 0x0F, 0xFF, 0xFF, 0xE0, 0x00, 0x00, 0x00,
  0x1F, 0xFF, 0xFF, 0x80, 0x00, 0x00, 0x00, 0x7F, 0xFF, 0xFE, 0x00, 0x00,
  0x00, 0x01, 0xFF, 0xFF, 0xF8, 0x00, 0x00, 0x00, 0x07, 0xFF, 0xFF, 0xE0,
  0x00, 0x00, 0x00, 0x1F, 0xFF, 0xFF, 0x80, 0x00, 0x00, 0x00, 0x7F, 0xFF,
  0xFE, 0x00, 0x00, 0x00, 0x01, 0xFF, 0xFF, 0xF8, 0x00, 0x00, 0x00, 0x07,
  0xFF, 0xFF, 0xE0, 0x00, 0x00, 0x00, 0x1F, 0xFF, 0xFF, 0x80, 0x00, 0x00,
  0x00, 0x7F, 0xFF, 0xFE, 0x00, 0x00, 0x00, 0x01, 0xFF, 0xFF, 0xF8, 0x00,
  0x00, 0x00, 0x07, 0xFF, 0xFF, 0xE0, 0x00, 0x00, 0x00, 0x1F, 0xFF, 0xFF,
  0x80, 0x00, 0x00, 0x00, 0x7F, 0xFF, 0xFE, 0x00, 0x00, 0x00, 0x01, 0xFF,
  0xFF, 0xF8, 0x00, 0x00, 0x00, 0x07, 0xFF, 0xFF, 0xE0, 0x00, 0x00, 0x00,
  0x1F, 0xFF, 0xFF, 0x80, 0x00, 0x00, 0x00, 0x7F, 0xFF, 0xFE, 0x00, 0x00,
  0x00, 0x01, 0xFF, 0xFF, 0xF8, 0x00, 0x00, 0x00, 0x07, 0xFF, 0xFF, 0xE0,
  0x00, 0x00, 0x00, 0x1F, 0xFF, 0xFF, 0x80, 0x00, 0x00, 0x00, 0x7F, 0xFF,
  0xFE, 0x00, 0x00, 0x00, 0x01, 0xFF, 0xFF, 0xF8, 0x00, 0x00, 0x00, 0x0F,
  0xFF, 0xFF, 0xE0, 0x00, 0x00, 0x00, 0x7F, 0xFB, 0xFF, 0xFF, 0xFF, 0xFF,
  0xFF, 0xFF, 0xEF, 0xFF, 0xFF, 0xFF, 0xFF, 0xFF, 0xFF, 0xBF, 0xFF, 0xFF,
  0xFF, 0xFF, 0xFF, 0xFC, 0xFF, 0xFF, 0xFF, 0xFF, 0xFF, 0xFF, 0xF3, 0xFF,
  0xFF, 0xFF, 0xFF, 0xFF, 0xFF, 0x8F, 0xFF, 0xFF, 0xFF, 0xFF, 0xFF, 0xFC,
  0x3F, 0xFF, 0xFF, 0xFF, 0xFF, 0xFF, 0xE0, 0xFF, 0xFF, 0xFF, 0xFF, 0xFF,
  0xFF, 0x03, 0xFF, 0xFF, 0xFF, 0xFF, 0xFF, 0xF0, 0x0F, 0xFF, 0xFF, 0xFF,
  0xFF, 0xFE, 0x00, 0x3F, 0xF8, 0x00, 0x00, 0x00, 0x00, 0x00, 0xFF, 0xE0,
  0x00, 0x00, 0x00, 0x00, 0x03, 0xFF, 0x80, 0x00, 0x00, 0x00, 0x00, 0x0F,
  0xFE, 0x00, 0x00, 0x00, 0x00, 0x00, 0x3F, 0xF8, 0x00, 0x00, 0x00, 0x00,
  0x00, 0xFF, 0xE0, 0x00, 0x00, 0x00, 0x00, 0x03, 0xFF, 0x80, 0x00, 0x00,
  0x00, 0x00, 0x0F, 0xFE, 0x00, 0x00, 0x00, 0x00, 0x00, 0x3F, 0xF8, 0x00,
  0x00, 0x00, 0x00, 0x00, 0xFF, 0xE0, 0x00, 0x00, 0x00, 0x00, 0x03, 0xFF,
  0x80, 0x00, 0x00, 0x00, 0x00, 0x00, 0x00, 0x1F, 0xFF, 0xFF, 0xFF, 0xE0,
  0x00, 0x03, 0xFF, 0xFF, 0xFF, 0xFF, 0xF0, 0x00, 0x1F, 0xFF, 0xFF, 0xFF,
  0xFF, 0xE0, 0x01, 0xFF, 0xFF, 0xFF, 0xFF, 0xFF, 0xE0, 0x0F, 0xFF, 0xFF,
  0xFF, 0xFF, 0xFF, 0xC0, 0x7F, 0xFF, 0xFF, 0xFF, 0xFF, 0xFF, 0x81, 0xFF,
  0xFF, 0xFF, 0xFF, 0xFF, 0xFE, 0x0F, 0xFF, 0xFF, 0xFF, 0xFF, 0xFF, 0xFC,
  0x7F, 0xFF, 0xFF, 0xFF, 0xFF, 0xFF, 0xF9, 0xFF, 0xFF, 0xFF, 0xFF, 0xFF,
  0xFF, 0xE7, 0xFF, 0x80, 0x00, 0x00, 0x07, 0xFF, 0xBF, 0xFC, 0x00, 0x00,
  0x00, 0x0F, 0xFF, 0xFF, 0xE0, 0x00, 0x00, 0x00, 0x1F, 0xFF, 0xFF, 0x80,
  0x00, 0x00, 0x00, 0x7F, 0xFF, 0xFE, 0x00, 0x00, 0x00, 0x01, 0xFF, 0xFF,
  0xF8, 0x00, 0x00, 0x00, 0x07, 0xFF, 0xFF, 0xE0, 0x00, 0x00, 0x00, 0x1F,
  0xFF, 0xFF, 0x80, 0x00, 0x00, 0x00, 0x7F, 0xFF, 0xFE, 0x00, 0x00, 0x00,
  0x01, 0xFF, 0xFF, 0xF8, 0x00, 0x00, 0x00, 0x07, 0xFF, 0xFF, 0xE0, 0x00,
  0x00, 0x00, 0x1F, 0xFF, 0xFF, 0x80, 0x00, 0x00, 0x00, 0x7F, 0xFF, 0xFE,
  0x00, 0x00, 0x00, 0x01, 0xFF, 0xFF, 0xF8, 0x00, 0x00, 0x00, 0x07, 0xFF,
  0xFF, 0xE0, 0x00, 0x00, 0x00, 0x1F, 0xFF, 0xFF, 0x80, 0x00, 0x00, 0x00,
  0x7F, 0xFF, 0xFE, 0x00, 0x00, 0x00, 0x01, 0xFF, 0xFF, 0xF8, 0x00, 0x00,
  0x00, 0x07, 0xFF, 0xFF, 0xE0, 0x00, 0x00, 0x00, 0x1F, 0xFF, 0xFF, 0x80,
  0x00, 0x00, 0x00, 0x7F, 0xFF, 0xFE, 0x00, 0x00, 0x00, 0x01, 0xFF, 0xFF,
  0xF8, 0x00, 0x00, 0x00, 0x07, 0xFF, 0xFF, 0xE0, 0x00, 0x00, 0x00, 0x1F,
  0xFF, 0xFF, 0x80, 0x00, 0x00, 0x00, 0x7F, 0xFF, 0xFE, 0x00, 0x00, 0x00,
  0x01, 0xFF, 0xFF, 0xF8, 0x00, 0x00, 0x00, 0x07, 0xFF, 0xFF, 0xE0, 0x00,
  0x00, 0x00, 0x1F, 0xFF, 0xFF, 0x80, 0x00, 0x00, 0x00, 0x7F, 0xFF, 0xFE,
  0x00, 0x00, 0x00, 0x01, 0xFF, 0xFF, 0xF8, 0x00, 0x00, 0x00, 0x07, 0xFF,
  0xFF, 0xE0, 0x00, 0x00, 0x00, 0x1F, 0xFF, 0xFF, 0x80, 0x00, 0x00, 0x00,
  0x7F, 0xFF, 0xFE, 0x00, 0x00, 0x00, 0x01, 0xFF, 0xFF, 0xF8, 0x00, 0x00,
  0x00, 0x07, 0xFF, 0xFF, 0xE0, 0x00, 0x00, 0x00, 0x1F, 0xFF, 0xFF, 0x80,
  0x00, 0x00, 0x00, 0x7F, 0xFF, 0xFF, 0x00, 0x00, 0x00, 0x03, 0xFF, 0xDF,
  0xFE, 0x00, 0x00, 0x00, 0x1F, 0xFE, 0x7F, 0xFF, 0xFF, 0xFF, 0xFF, 0xFF,
  0xF9, 0xFF, 0xFF, 0xFF, 0xFF, 0xFF, 0xFF, 0xE3, 0xFF, 0xFF, 0xFF, 0xFF,
  0xFF, 0xFF, 0x07, 0xFF, 0xFF, 0xFF, 0xFF, 0xFF, 0xFC, 0x1F, 0xFF, 0xFF,
  0xFF, 0xFF, 0xFF, 0xE0, 0x3F, 0xFF, 0xFF, 0xFF, 0xBF, 0xFF, 0x00, 0x7F,
  0xFF, 0xFF, 0xFE, 0xFF, 0xF8, 0x00, 0x7F, 0xFF, 0xFF, 0xF9, 0xFF, 0xE0,
  0x00, 0xFF, 0xFF, 0xFF, 0xE7, 0xFF, 0xC0, 0x00, 0x7F, 0xFF, 0xFF, 0x8F,
  0xFF, 0x00, 0x00, 0x00, 0x00, 0x00, 0x3F, 0xFE, 0x00, 0x00, 0x00, 0x00,
  0x00, 0x7F, 0xFC, 0x00, 0x00, 0x00, 0x00, 0x00, 0xFF, 0xF0, 0x00, 0x00,
  0x00, 0x00, 0x03, 0xFF, 0xE0, 0x00, 0x00, 0x00, 0x00, 0x07, 0xFF, 0x80,
  0x00, 0x00, 0x00, 0x00, 0x1F, 0xFF, 0xFF, 0xFF, 0xFF, 0xFF, 0xFF, 0xE0,
  0x03, 0xFF, 0xFF, 0xFF, 0xFF, 0xFF, 0xF0, 0x0F, 0xFF, 0xFF, 0xFF, 0xFF,
  0xFF, 0xE0, 0x3F, 0xFF, 0xFF, 0xFF, 0xFF, 0xFF, 0xE0, 0xFF, 0xFF, 0xFF,
  0xFF, 0xFF, 0xFF, 0xC3, 0xFF, 0xFF, 0xFF, 0xFF, 0xFF, 0xFF, 0x8F, 0xFF,
  0xFF, 0xFF, 0xFF, 0xFF, 0xFE, 0x3F, 0xFF, 0xFF, 0xFF, 0xFF, 0xFF, 0xFC,
  0xFF, 0xFF, 0xFF, 0xFF, 0xFF, 0xFF, 0xFB, 0xFF, 0xFF, 0xFF, 0xFF, 0xFF,
  0xFF, 0xEF, 0xFE, 0x00, 0x00, 0x00, 0x07, 0xFF, 0xBF, 0xF8, 0x00, 0x00,
  0x00, 0x0F, 0xFF, 0xFF, 0xE0, 0x00, 0x00, 0x00, 0x1F, 0xFF, 0xFF, 0x80,
  0x00, 0x00, 0x00, 0x7F, 0xFF, 0xFE, 0x00, 0x00, 0x00, 0x01, 0xFF, 0xFF,
  0xF8, 0x00, 0x00, 0x00, 0x07, 0xFF, 0xFF, 0xE0, 0x00, 0x00, 0x00, 0x1F,
  0xFF, 0xFF, 0x80, 0x00, 0x00, 0x00, 0x7F, 0xFF, 0xFE, 0x00, 0x00, 0x00,
  0x01, 0xFF, 0xFF, 0xF8, 0x00, 0x00, 0x00, 0x07, 0xFF, 0xFF, 0xE0, 0x00,
  0x00, 0x00, 0x1F, 0xFF, 0xFF, 0x80, 0x00, 0x00, 0x00, 0x7F, 0xFF, 0xFE,
  0x00, 0x00, 0x00, 0x01, 0xFF, 0xFF, 0xF8, 0x00, 0x00, 0x00, 0x07, 0xFF,
  0xFF, 0xE0, 0x00, 0x00, 0x00, 0x1F, 0xFF, 0xFF, 0x80, 0x00, 0x00, 0x00,
  0x7F, 0xFF, 0xFE, 0x00, 0x00, 0x00, 0x01, 0xFF, 0xFF, 0xF8, 0x00, 0x00,
  0x00, 0x07, 0xFF, 0xFF, 0xE0, 0x00, 0x00, 0x00, 0x1F, 0xFF, 0xFF, 0x80,
  0x00, 0x00, 0x00, 0x7F, 0xFF, 0xFE, 0x00, 0x00, 0x00, 0x01, 0xFF, 0xFF,
  0xF8, 0x00, 0x00, 0x00, 0x07, 0xFF, 0xFF, 0xE0, 0x00, 0x00, 0x00, 0x1F,
  0xFF, 0xFF, 0x80, 0x00, 0x00, 0x00, 0x7F, 0xFF, 0xFE, 0x00, 0x00, 0x00,
  0x01, 0xFF, 0xFF, 0xF8, 0x00, 0x00, 0x00, 0x0F, 0xFF, 0xFF, 0xE0, 0x00,
  0x00, 0x00, 0x7F, 0xFB, 0xFF, 0xFF, 0xFF, 0xFF, 0xFF, 0xFF, 0xEF, 0xFF,
  0xFF, 0xFF, 0xFF, 0xFF, 0xFF, 0xBF, 0xFF, 0xFF, 0xFF, 0xFF, 0xFF, 0xFC,
  0xFF, 0xFF, 0xFF, 0xFF, 0xFF, 0xFF, 0xE3, 0xFF, 0xFF, 0xFF, 0xFF, 0xFF,
  0xFF, 0x8F, 0xFF, 0xFF, 0xFF, 0xFF, 0xFF, 0xFC, 0x3F, 0xFF, 0xFF, 0xFF,
  0xFF, 0xFF, 0xE0, 0xFF, 0xFF, 0xFF, 0xFF, 0xFF, 0xFE, 0x03, 0xFF, 0xFF,
  0xFF, 0xFF, 0xFF, 0xF0, 0x0F, 0xFF, 0xFF, 0xFF, 0xFF, 0xFE, 0x00, 0x3F,
  0xF8, 0x00, 0x00, 0xFF, 0xFC, 0x00, 0xFF, 0xE0, 0x00, 0x01, 0xFF, 0xF8,
  0x03, 0xFF, 0x80, 0x00, 0x03, 0xFF, 0xF0, 0x0F, 0xFE, 0x00, 0x00, 0x07,
  0xFF, 0xE0, 0x3F, 0xF8, 0x00, 0x00, 0x1F, 0xFF, 0xC0, 0xFF, 0xE0, 0x00,
  0x00, 0x3F, 0xFF, 0x83, 0xFF, 0x80, 0x00, 0x00, 0x7F, 0xFF, 0x0F, 0xFE,
  0x00, 0x00, 0x00, 0xFF, 0xFE, 0x3F, 0xF8, 0x00, 0x00, 0x01, 0xFF, 0xFC,
  0xFF, 0xE0, 0x00, 0x00, 0x03, 0xFF, 0xFB, 0xFF, 0x80, 0x00, 0x00, 0x07,
  0xFF, 0xF0, 0x00, 0x1F, 0xFF, 0xFF, 0xFF, 0xFF, 0x80, 0x03, 0xFF, 0xFF,
  0xFF, 0xFF, 0xFE, 0x00, 0x1F, 0xFF, 0xFF, 0xFF, 0xFF, 0xF8, 0x01, 0xFF,
  0xFF, 0xFF, 0xFF, 0xFF, 0xE0, 0x0F, 0xFF, 0xFF, 0xFF, 0xFF, 0xFF, 0x80,
  0x7F, 0xFF, 0xFF, 0xFF, 0xFF, 0xFE, 0x01, 0xFF, 0xFF, 0xFF, 0xFF, 0xFF,
  0xF8, 0x0F, 0xFF, 0xFF, 0xFF, 0xFF, 0xFF, 0xE0, 0x7F, 0xFF, 0xFF, 0xFF,
  0xFF, 0xFF, 0x81, 0xFF, 0xFF, 0xFF, 0xFF, 0xFF, 0xFE, 0x07, 0xFF, 0x80,
  0x00, 0x00, 0x00, 0x00, 0x3F, 0xFC, 0x00, 0x00, 0x00, 0x00, 0x00, 0xFF,
  0xE0, 0x00, 0x00, 0x00, 0x00, 0x03, 0xFF, 0x80, 0x00, 0x00, 0x00, 0x00,
  0x0F, 0xFE, 0x00, 0x00, 0x00, 0x00, 0x00, 0x3F, 0xF8, 0x00, 0x00, 0x00,
  0x00, 0x00, 0xFF, 0xE0, 0x00, 0x00, 0x00, 0x00, 0x03, 0xFF, 0xC0, 0x00,
  0x00, 0x00, 0x00, 0x0F, 0xFF, 0x00, 0x00, 0x00, 0x00, 0x00, 0x3F, 0xFF,
  0x00, 0x00, 0x00, 0x00, 0x00, 0xFF, 0xFF, 0xC0, 0x00, 0x00, 0x00, 0x03,
  0xFF, 0xFF, 0xF0, 0x00, 0x00, 0x00, 0x0F, 0xFF, 0xFF, 0xF8, 0x00, 0x00,
  0x00, 0x1F, 0xFF, 0xFF, 0xFE, 0x00, 0x00, 0x00, 0x7F, 0xFF, 0xFF, 0xFF,
  0x00, 0x00, 0x00, 0xFF, 0xFF, 0xFF, 0xFF, 0xC0, 0x00, 0x03, 0xFF, 0xFF,
  0xFF, 0xFF, 0xF0, 0x00, 0x07, 0xFF, 0xFF, 0xFF, 0xFF, 0xF8, 0x00, 0x07,
  0xFF, 0xFF, 0xFF, 0xFF, 0xFE, 0x00, 0x07, 0xFF, 0xFF, 0xFF, 0xFF, 0xFE,
  0x00, 0x01, 0xFF, 0xFF, 0xFF, 0xFF, 0xFC, 0x00, 0x00, 0xFF, 0xFF, 0xFF,
  0xFF, 0xF8, 0x00, 0x00, 0x3F, 0xFF, 0xFF, 0xFF, 0xF0, 0x00, 0x00, 0x1F,
  0xFF, 0xFF, 0xFF, 0xE0, 0x00, 0x00, 0x07, 0xFF, 0xFF, 0xFF, 0x80, 0x00,
  0x00, 0x01, 0xFF, 0xFF, 0xFF, 0x00, 0x00, 0x00, 0x00, 0xFF, 0xFF, 0xFC,
  0x00, 0x00, 0x00, 0x00, 0x3F, 0xFF, 0xF0, 0x00, 0x00, 0x00, 0x00, 0x0F,
  0xFF, 0xC0, 0x00, 0x00, 0x00, 0x00, 0x0F, 0xFF, 0x00, 0x00, 0x00, 0x00,
  0x00, 0x3F, 0xFC, 0x00, 0x00, 0x00, 0x00, 0x00, 0x7F, 0xF0, 0x00, 0x00,
  0x00, 0x00, 0x01, 0xFF, 0xC0, 0x00, 0x00, 0x00, 0x00, 0x07, 0xFF, 0x00,
  0x00, 0x00, 0x00, 0x00, 0x1F, 0xFC, 0x00, 0x00, 0x00, 0x00, 0x00, 0x7F,
  0xF0, 0x00, 0x00, 0x00, 0x00, 0x03, 0xFF, 0xC0, 0x00, 0x00, 0x00, 0x00,
  0x1F, 0xFE, 0x07, 0xFF, 0xFF, 0xFF, 0xFF, 0xFF, 0xF8, 0x1F, 0xFF, 0xFF,
  0xFF, 0xFF, 0xFF, 0xE0, 0x7F, 0xFF, 0xFF, 0xFF, 0xFF, 0xFF, 0x01, 0xFF,
  0xFF, 0xFF, 0xFF, 0xFF, 0xF8, 0x07, 0xFF, 0xFF, 0xFF, 0xFF, 0xFF, 0xE0,
  0x1F, 0xFF, 0xFF, 0xFF, 0xFF, 0xFF, 0x00, 0x7F, 0xFF, 0xFF, 0xFF, 0xFF,
  0xF8, 0x01, 0xFF, 0xFF, 0xFF, 0xFF, 0xFF, 0x80, 0x07, 0xFF, 0xFF, 0xFF,
  0xFF, 0xFC, 0x00, 0x1F, 0xFF, 0xFF, 0xFF, 0xFF, 0x80, 0x00, 0xFF, 0xFF,
  0xFF, 0xFF, 0xFF, 0xFF, 0xFF, 0xFF, 0xFF, 0xFF, 0xFF, 0xFF, 0xFF, 0xFF,
  0xFF, 0xFF, 0xFF, 0xFF, 0xFF, 0xFF, 0xFF, 0xFF, 0xFF, 0xFF, 0xFF, 0xFF,
  0xFF, 0xFF, 0xFF, 0xFF, 0xFF, 0xFF, 0xFF, 0xFF, 0xFF, 0xFF, 0xFF, 0xFF,
  0xFF, 0xFF, 0xFF, 0xFF, 0xFF, 0xFF, 0xFF, 0xFF, 0xFF, 0xFF, 0xFF, 0xFF,
  0xFF, 0xFF, 0xFF, 0xFF, 0xFF, 0xFF, 0xFF, 0xFF, 0xFF, 0xFF, 0xFF, 0xFF,
  0xFF, 0xFF, 0xFF, 0xFF, 0xFF, 0xF0, 0x00, 0x00, 0x7F, 0xF0, 0x00, 0x00,
  0x00, 0x00, 0x01, 0xFF, 0xC0, 0x00, 0x00, 0x00, 0x00, 0x07, 0xFF, 0x00,
  0x00, 0x00, 0x00, 0x00, 0x1F, 0xFC, 0x00, 0x00, 0x00, 0x00, 0x00, 0x7F,
  0xF0, 0x00, 0x00, 0x00, 0x00, 0x01, 0xFF, 0xC0, 0x00, 0x00, 0x00, 0x00,
  0x07, 0xFF, 0x00, 0x00, 0x00, 0x00, 0x00, 0x1F, 0xFC, 0x00, 0x00, 0x00,
  0x00, 0x00, 0x7F, 0xF0, 0x00, 0x00, 0x00, 0x00, 0x01, 0xFF, 0xC0, 0x00,
  0x00, 0x00, 0x00, 0x07, 0xFF, 0x00, 0x00, 0x00, 0x00, 0x00, 0x1F, 0xFC,
  0x00, 0x00, 0x00, 0x00, 0x00, 0x7F, 0xF0, 0x00, 0x00, 0x00, 0x00, 0x01,
  0xFF, 0xC0, 0x00, 0x00, 0x00, 0x00, 0x07, 0xFF, 0x00, 0x00, 0x00, 0x00,
  0x00, 0x1F, 0xFC, 0x00, 0x00, 0x00, 0x00, 0x00, 0x7F, 0xF0, 0x00, 0x00,
  0x00, 0x00, 0x01, 0xFF, 0xC0, 0x00, 0x00, 0x00, 0x00, 0x07, 0xFF, 0x00,
  0x00, 0x00, 0x00, 0x00, 0x1F, 0xFC, 0x00, 0x00, 0x00, 0x00, 0x00, 0x7F,
  0xF0, 0x00, 0x00, 0x00, 0x00, 0x01, 0xFF, 0xC0, 0x00, 0x00, 0x00, 0x00,
  0x07, 0xFF, 0x00, 0x00, 0x00, 0x00, 0x00, 0x1F, 0xFC, 0x00, 0x00, 0x00,
  0x00, 0x00, 0x7F, 0xF0, 0x00, 0x00, 0x00, 0x00, 0x01, 0xFF, 0xC0, 0x00,
  0x00, 0x00, 0x00, 0x07, 0xFF, 0x00, 0x00, 0x00, 0x00, 0x00, 0x1F, 0xFC,
  0x00, 0x00, 0x00, 0x00, 0x00, 0x7F, 0xF0, 0x00, 0x00, 0x00, 0x00, 0x01,
  0xFF, 0xC0, 0x00, 0x00, 0x00, 0x00, 0x07, 0xFF, 0x00, 0x00, 0x00, 0x00,
  0x00, 0x1F, 0xFC, 0x00, 0x00, 0x00, 0x00, 0x00, 0x7F, 0xF0, 0x00, 0x00,
  0x00, 0x00, 0x01, 0xFF, 0xC0, 0x00, 0x00, 0x00, 0x00, 0x07, 0xFF, 0x00,
  0x00, 0x00, 0x00, 0x00, 0x1F, 0xFC, 0x00, 0x00, 0x00, 0x00, 0x00, 0x7F,
  0xF0, 0x00, 0x00, 0x00, 0x00, 0x01, 0xFF, 0xC0, 0x00, 0x00, 0x00, 0x00,
  0x07, 0xFF, 0x00, 0x00, 0x00, 0x00, 0x00, 0x1F, 0xFC, 0x00, 0x00, 0x00,
  0x00, 0x00, 0x7F, 0xF0, 0x00, 0x00, 0x00, 0x00, 0x01, 0xFF, 0xC0, 0x00,
  0x00, 0x00, 0x00, 0x07, 0xFF, 0x00, 0x00, 0x00, 0x00, 0x00, 0x1F, 0xFC,
  0x00, 0x00, 0x00, 0x00, 0x00, 0x7F, 0xF0, 0x00, 0x00, 0x00, 0x00, 0x01,
  0xFF, 0xC0, 0x00, 0x00, 0x00, 0x00, 0x07, 0xFF, 0x00, 0x00, 0x00, 0x00,
  0x00, 0x1F, 0xFC, 0x00, 0x00, 0x00, 0xFF, 0xE0, 0x00, 0x00, 0x00, 0x1F,
  0xFF, 0xFF, 0x80, 0x00, 0x00, 0x00, 0x7F, 0xFF, 0xFE, 0x00, 0x00, 0x00,
  0x01, 0xFF, 0xFF, 0xF8, 0x00, 0x00, 0x00, 0x07, 0xFF, 0xFF, 0xE0, 0x00,
  0x00, 0x00, 0x1F, 0xFF, 0xFF, 0x80, 0x00, 0x00, 0x00, 0x7F, 0xFF, 0xFE,
  0x00, 0x00, 0x00, 0x01, 0xFF, 0xFF, 0xF8, 0x00, 0x00, 0x00, 0x07, 0xFF,
  0xFF, 0xE0, 0x00, 0x00, 0x00, 0x1F, 0xFF, 0xFF, 0x80, 0x00, 0x00, 0x00,
  0x7F, 0xFF, 0xFE, 0x00, 0x00, 0x00, 0x01, 0xFF, 0xFF, 0xF8, 0x00, 0x00,
  0x00, 0x07, 0xFF, 0xFF, 0xE0, 0x00, 0x00, 0x00, 0x1F, 0xFF, 0xFF, 0x80,
  0x00, 0x00, 0x00, 0x7F, 0xFF, 0xFE, 0x00, 0x00, 0x00, 0x01, 0xFF, 0xFF,
  0xF8, 0x00, 0x00, 0x00, 0x07, 0xFF, 0xFF, 0xE0, 0x00, 0x00, 0x00, 0x1F,
  0xFF, 0xFF, 0x80, 0x00, 0x00, 0x00, 0x7F, 0xFF, 0xFE, 0x00, 0x00, 0x00,
  0x01, 0xFF, 0xFF, 0xF8, 0x00, 0x00, 0x00, 0x07, 0xFF, 0xFF, 0xE0, 0x00,
  0x00, 0x00, 0x1F, 0xFF, 0xFF, 0x80, 0x00, 0x00, 0x00, 0x7F, 0xFF, 0xFE,
  0x00, 0x00, 0x00, 0x01, 0xFF, 0xFF, 0xF8, 0x00, 0x00, 0x00, 0x07, 0xFF,
  0xFF, 0xE0, 0x00, 0x00, 0x00, 0x1F, 0xFF, 0xFF, 0x80, 0x00, 0x00, 0x00,
  0x7F, 0xFF, 0xFE, 0x00, 0x00, 0x00, 0x01, 0xFF, 0xFF, 0xF8, 0x00, 0x00,
  0x00, 0x07, 0xFF, 0xFF, 0xE0, 0x00, 0x00, 0x00, 0x1F, 0xFF, 0xFF, 0x80,
  0x00, 0x00, 0x00, 0x7F, 0xFF, 0xFE, 0x00, 0x00, 0x00, 0x01, 0xFF, 0xFF,
  0xF8, 0x00, 0x00, 0x00, 0x07, 0xFF, 0xFF, 0xE0, 0x00, 0x00, 0x00, 0x1F,
  0xFF, 0xFF, 0x80, 0x00, 0x00, 0x00, 0x7F, 0xFF, 0xFE, 0x00, 0x00, 0x00,
  0x01, 0xFF, 0xFF, 0xF8, 0x00, 0x00, 0x00, 0x07, 0xFF, 0xFF, 0xE0, 0x00,
  0x00, 0x00, 0x1F, 0xFF, 0xFF, 0x80, 0x00, 0x00, 0x00, 0x7F, 0xFF, 0xFE,
  0x00, 0x00, 0x00, 0x01, 0xFF, 0xFF, 0xF8, 0x00, 0x00, 0x00, 0x07, 0xFF,
  0xFF, 0xE0, 0x00, 0x00, 0x00, 0x1F, 0xFF, 0xFF, 0x80, 0x00, 0x00, 0x00,
  0x7F, 0xFF, 0xFE, 0x00, 0x00, 0x00, 0x01, 0xFF, 0xFF, 0xF8, 0x00, 0x00,
  0x00, 0x07, 0xFF, 0xFF, 0xE0, 0x00, 0x00, 0x00, 0x1F, 0xFF, 0xFF, 0x80,
  0x00, 0x00, 0x00, 0x7F, 0xFF, 0xFF, 0x00, 0x00, 0x00, 0x03, 0xFF, 0xDF,
  0xFE, 0x00, 0x00, 0x00, 0x1F, 0xFE, 0x7F, 0xFF, 0xFF, 0xFF, 0xFF, 0xFF,
  0xF9, 0xFF, 0xFF, 0xFF, 0xFF, 0xFF, 0xFF, 0xE3, 0xFF, 0xFF, 0xFF, 0xFF,
  0xFF, 0xFF, 0x0F, 0xFF, 0xFF, 0xFF, 0xFF, 0xFF, 0xF8, 0x1F, 0xFF, 0xFF,
  0xFF, 0xFF, 0xFF, 0xE0, 0x3F, 0xFF, 0xFF, 0xFF, 0xFF, 0xFF, 0x00, 0x7F,
  0xFF, 0xFF, 0xFF, 0xFF, 0xF8, 0x00, 0xFF, 0xFF, 0xFF, 0xFF, 0xFF, 0x80,
  0x00, 0xFF, 0xFF, 0xFF, 0xFF, 0xFC, 0x00, 0x00, 0x7F, 0xFF, 0xFF, 0xFF,
  0x80, 0x00, 0xFF, 0xE0, 0x00, 0x00, 0x00, 0x00, 0x1F, 0xFF, 0xFF, 0xC0,
  0x00, 0x00, 0x00, 0x00, 0xFF, 0xF7, 0xFF, 0x00, 0x00, 0x00, 0x00, 0x03,
  0xFF, 0x9F, 0xFC, 0x00, 0x00, 0x00, 0x00, 0x0F, 0xFE, 0x3F, 0xF8, 0x00,
  0x00, 0x00, 0x00, 0x7F, 0xF0, 0xFF, 0xE0, 0x00, 0x00, 0x00, 0x01, 0xFF,
  0xC1, 0xFF, 0xC0, 0x00, 0x00, 0x00, 0x0F, 0xFF, 0x07, 0xFF, 0x00, 0x00,
  0x00, 0x00, 0x3F, 0xF8, 0x1F, 0xFE, 0x00, 0x00, 0x00, 0x01, 0xFF, 0xE0,
  0x3F, 0xF8, 0x00, 0x00, 0x00, 0x07, 0xFF, 0x00, 0xFF, 0xE0, 0x00, 0x00,
  0x00, 0x1F, 0xFC, 0x01, 0xFF, 0xC0, 0x00, 0x00, 0x00, 0xFF, 0xE0, 0x07,
  0xFF, 0x00, 0x00, 0x00, 0x03, 0xFF, 0x80, 0x1F, 0xFE, 0x00, 0x00, 0x00,
  0x1F, 0xFE, 0x00, 0x3F, 0xF8, 0x00, 0x00, 0x00, 0x7F, 0xF0, 0x00, 0xFF,
  0xF0, 0x00, 0x00, 0x03, 0xFF, 0xC0, 0x01, 0xFF, 0xC0, 0x00, 0x00, 0x0F,
  0xFE, 0x00, 0x07, 0xFF, 0x00, 0x00, 0x00, 0x3F, 0xF8, 0x00, 0x0F, 0xFE,
  0x00, 0x00, 0x01, 0xFF, 0xC0, 0x00, 0x3F, 0xF8, 0x00, 0x00, 0x07, 0xFF,
  0x00, 0x00, 0xFF, 0xF0, 0x00, 0x00, 0x3F, 0xFC, 0x00, 0x01, 0xFF, 0xC0,
  0x00, 0x00, 0xFF, 0xE0, 0x00, 0x07, 0xFF, 0x80, 0x00, 0x03, 0xFF, 0x80,
  0x00, 0x0F, 0xFE, 0x00, 0x00, 0x1F, 0xFC, 0x00, 0x00, 0x3F, 0xF8, 0x00,
  0x00, 0x7F, 0xF0, 0x00, 0x00, 0x7F, 0xF0, 0x00, 0x03, 0xFF, 0xC0, 0x00,
  0x01, 0xFF, 0xC0, 0x00, 0x0F, 0xFE, 0x00, 0x00, 0x07, 0xFF, 0x80, 0x00,
  0x7F, 0xF8, 0x00, 0x00, 0x0F, 0xFE, 0x00, 0x01, 0xFF, 0xC0, 0x00, 0x00,
  0x3F, 0xF8, 0x00, 0x07, 0xFF, 0x00, 0x00, 0x00, 0x7F, 0xF0, 0x00, 0x3F,
  0xF8, 0x00, 0x00, 0x01, 0xFF, 0xC0, 0x00, 0xFF, 0xE0, 0x00, 0x00, 0x07,
  0xFF, 0x80, 0x07, 0xFF, 0x80, 0x00, 0x00, 0x0F, 0xFE, 0x00, 0x1F, 0xFC,
  0x00, 0x00, 0x00, 0x3F, 0xFC, 0x00, 0xFF, 0xF0, 0x00, 0x00, 0x00, 0x7F,
  0xF0, 0x03, 0xFF, 0x80, 0x00, 0x00, 0x01, 0xFF, 0xC0, 0x0F, 0xFE, 0x00,
  0x00, 0x00, 0x03, 0xFF, 0x80, 0x7F, 0xF8, 0x00, 0x00, 0x00, 0x0F, 0xFE,
  0x01, 0xFF, 0xC0, 0x00, 0x00, 0x00, 0x3F, 0xFC, 0x0F, 0xFF, 0x00, 0x00,
  0x00, 0x00, 0x7F, 0xF0, 0x3F, 0xF8, 0x00, 0x00, 0x00, 0x01, 0xFF, 0xE0,
  0xFF, 0xE0, 0x00, 0x00, 0x00, 0x03, 0xFF, 0x87, 0xFF, 0x00, 0x00, 0x00,
  0x00, 0x0F, 0xFE, 0x1F, 0xFC, 0x00, 0x00, 0x00, 0x00, 0x3F, 0xFC, 0xFF,
  0xF0, 0x00, 0x00, 0x00, 0x00, 0x7F, 0xF3, 0xFF, 0x80, 0x00, 0x00, 0x00,
  0x01, 0xFF, 0xFF, 0xFE, 0x00, 0x00, 0x00, 0x00, 0x03, 0xFF, 0xFF, 0xF0,
  0x00, 0x00, 0x00, 0x00, 0x0F, 0xFF, 0xFF, 0xC0, 0x00, 0x00, 0x00, 0x00,
  0x1F, 0xFF, 0xFF, 0x00, 0x00, 0x00, 0x00, 0x00, 0x7F, 0xFF, 0xF8, 0x00,
  0x00, 0x00, 0x00, 0x01, 0xFF, 0xFF, 0xE0, 0x00, 0x00, 0x00, 0x00, 0x03,
  0xFF, 0xFF, 0x00, 0x00, 0x00, 0x00, 0x00, 0x0F, 0xFF, 0xFC, 0x00, 0x00,
  0x00, 0x00, 0x00, 0x1F, 0xFF, 0xE0, 0x00, 0x00, 0x00, 0x00, 0x00, 0x7F,
  0xFF, 0x80, 0x00, 0x00, 0x00, 0x00, 0x00, 0xFF, 0xFE, 0x00, 0x00, 0x00,
  0x00, 0x00, 0x03, 0xFF, 0xF0, 0x00, 0x00, 0x00, 0xFF, 0xE0, 0x00, 0x00,
  0x07, 0xFF, 0xFC, 0x00, 0x00, 0x00, 0x7F, 0xFF, 0xFE, 0x00, 0x00, 0x00,
  0x7F, 0xFF, 0xE0, 0x00, 0x00, 0x0F, 0xFE, 0x7F, 0xF0, 0x00, 0x00, 0x07,
  0xFF, 0xFE, 0x00, 0x00, 0x00, 0xFF, 0xE7, 0xFF, 0x00, 0x00, 0x00, 0x7F,
  0xFF, 0xE0, 0x00, 0x00, 0x0F, 0xFE, 0x7F, 0xF0, 0x00, 0x00, 0x0F, 0xFF,
  0xFE, 0x00, 0x00, 0x01, 0xFF, 0xE7, 0xFF, 0x80, 0x00, 0x00, 0xFF, 0xFF,
  0xF0, 0x00, 0x00, 0x1F, 0xFC, 0x3F, 0xF8, 0x00, 0x00, 0x0F, 0xFF, 0xFF,
  0x00, 0x00, 0x01, 0xFF, 0xC3, 0xFF, 0x80, 0x00, 0x01, 0xFF, 0xFF, 0xF0,
  0x00, 0x00, 0x1F, 0xFC, 0x3F, 0xF8, 0x00, 0x00, 0x1F, 0xFF, 0xFF, 0x00,
  0x00, 0x03, 0xFF, 0x81, 0xFF, 0xC0, 0x00, 0x01, 0xFF, 0xFF, 0xF8, 0x00,
  0x00, 0x3F, 0xF8, 0x1F, 0xFC, 0x00, 0x00, 0x1F, 0xFF, 0xFF, 0x80, 0x00,
  0x03, 0xFF, 0x81, 0xFF, 0xC0, 0x00, 0x03, 0xFF, 0xFF, 0xF8, 0x00, 0x00,
  0x7F, 0xF8, 0x1F, 0xFE, 0x00, 0x00, 0x3F, 0xFB, 0xFF, 0xC0, 0x00, 0x07,
  0xFF, 0x00, 0xFF, 0xE0, 0x00, 0x03, 0xFF, 0x9F, 0xFC, 0x00, 0x00, 0x7F,
  0xF0, 0x0F, 0xFE, 0x00, 0x00, 0x7F, 0xF9, 0xFF, 0xC0, 0x00, 0x07, 0xFF,
  0x00, 0xFF, 0xE0, 0x00, 0x07, 0xFF, 0x1F, 0xFC, 0x00, 0x00, 0xFF, 0xE0,
  0x07, 0xFF, 0x00, 0x00, 0x7F, 0xF0, 0xFF, 0xE0, 0x00, 0x0F, 0xFE, 0x00,
  0x7F, 0xF0, 0x00, 0x07, 0xFF, 0x0F, 0xFE, 0x00, 0x00, 0xFF, 0xE0, 0x07,
  0xFF, 0x00, 0x00, 0xFF, 0xF0, 0xFF, 0xE0, 0x00, 0x1F, 0xFE, 0x00, 0x7F,
  0xF0, 0x00, 0x0F, 0xFE, 0x0F, 0xFF, 0x00, 0x01, 0xFF, 0xC0, 0x03, 0xFF,
  0x80, 0x00, 0xFF, 0xE0, 0x7F, 0xF0, 0x00, 0x1F, 0xFC, 0x00, 0x3F, 0xF8,
  0x00, 0x0F, 0xFE, 0x07, 0xFF, 0x00, 0x01, 0xFF, 0xC0, 0x03, 0xFF, 0x80,
  0x01, 0xFF, 0xC0, 0x7F, 0xF0, 0x00, 0x3F, 0xF8, 0x00, 0x1F, 0xFC, 0x00,
  0x1F, 0xFC, 0x03, 0xFF, 0x80, 0x03, 0xFF, 0x80, 0x01, 0xFF, 0xC0, 0x01,
  0xFF, 0xC0, 0x3F, 0xF8, 0x00, 0x3F, 0xF8, 0x00, 0x1F, 0xFC, 0x00, 0x3F,
  0xFC, 0x03, 0xFF, 0x80, 0x03, 0xFF, 0x80, 0x01, 0xFF, 0xC0, 0x03, 0xFF,
  0x80, 0x3F, 0xFC, 0x00, 0x7F, 0xF0, 0x00, 0x0F, 0xFE, 0x00, 0x3F, 0xF8,
  0x01, 0xFF, 0xC0, 0x07, 0xFF, 0x00, 0x00, 0xFF, 0xE0, 0x03, 0xFF, 0x80,
  0x1F, 0xFC, 0x00, 0x7F, 0xF0, 0x00, 0x0F, 0xFE, 0x00, 0x7F, 0xF0, 0x01,
  0xFF, 0xC0, 0x0F, 0xFE, 0x00, 0x00, 0xFF, 0xF0, 0x07, 0xFF, 0x00, 0x0F,
  0xFE, 0x00, 0xFF, 0xE0, 0x00, 0x07, 0xFF, 0x00, 0x7F, 0xF0, 0x00, 0xFF,
  0xE0, 0x0F, 0xFE, 0x00, 0x00, 0x7F, 0xF0, 0x0F, 0xFF, 0x00, 0x0F, 0xFE,
  0x00, 0xFF, 0xE0, 0x00, 0x07, 0xFF, 0x00, 0xFF, 0xE0, 0x00, 0xFF, 0xF0,
  0x1F, 0xFC, 0x00, 0x00, 0x3F, 0xF8, 0x0F, 0xFE, 0x00, 0x07, 0xFF, 0x01,
  0xFF, 0xC0, 0x00, 0x03, 0xFF, 0x80, 0xFF, 0xE0, 0x00, 0x7F, 0xF0, 0x1F,
  0xFC, 0x00, 0x00, 0x3F, 0xF8, 0x1F, 0xFC, 0x00, 0x07, 0xFF, 0x03, 0xFF,
  0x80, 0x00, 0x03, 0xFF, 0xC1, 0xFF, 0xC0, 0x00, 0x3F, 0xF8, 0x3F, 0xF8,
  0x00, 0x00, 0x1F, 0xFC, 0x1F, 0xFC, 0x00, 0x03, 0xFF, 0x83, 0xFF, 0x80,
  0x00, 0x01, 0xFF, 0xC1, 0xFF, 0xC0, 0x00, 0x3F, 0xF8, 0x3F, 0xF8, 0x00,
  0x00, 0x1F, 0xFC, 0x3F, 0xF8, 0x00, 0x03, 0xFF, 0x87, 0xFF, 0x00, 0x00,
  0x00, 0xFF, 0xE3, 0xFF, 0x80, 0x00, 0x1F, 0xFC, 0x7F, 0xF0, 0x00, 0x00,
  0x0F, 0xFE, 0x3F, 0xF8, 0x00, 0x01, 0xFF, 0xC7, 0xFF, 0x00, 0x00, 0x00,
  0xFF, 0xE7, 0xFF, 0x00, 0x00, 0x1F, 0xFC, 0xFF, 0xE0, 0x00, 0x00, 0x0F,
  0xFF, 0x7F, 0xF0, 0x00, 0x00, 0xFF, 0xEF, 0xFE, 0x00, 0x00, 0x00, 0x7F,
  0xF7, 0xFF, 0x00, 0x00, 0x0F, 0xFE, 0xFF, 0xE0, 0x00, 0x00, 0x07, 0xFF,
  0x7F, 0xF0, 0x00, 0x00, 0xFF, 0xEF, 0xFE, 0x00, 0x00, 0x00, 0x7F, 0xFF,
  0xFE, 0x00, 0x00, 0x0F, 0xFF, 0xFF, 0xC0, 0x00, 0x00, 0x03, 0xFF, 0xFF,
  0xE0, 0x00, 0x00, 0x7F, 0xFF, 0xFC, 0x00, 0x00, 0x00, 0x3F, 0xFF, 0xFE,
  0x00, 0x00, 0x07, 0xFF, 0xFF, 0xC0, 0x00, 0x00, 0x03, 0xFF, 0xFF, 0xC0,
  0x00, 0x00, 0x7F, 0xFF, 0xFC, 0x00, 0x00, 0x00, 0x3F, 0xFF, 0xFC, 0x00,
  0x00, 0x03, 0xFF, 0xFF, 0x80, 0x00, 0x00, 0x01, 0xFF, 0xFF, 0xC0, 0x00,
  0x00, 0x3F, 0xFF, 0xF8, 0x00, 0x00, 0x00, 0x1F, 0xFF, 0xFC, 0x00, 0x00,
  0x03, 0xFF, 0xFF, 0x80, 0x00, 0x00, 0x01, 0xFF, 0xFF, 0x80, 0x00, 0x00,
  0x3F, 0xFF, 0xF0, 0x00, 0x00, 0x00, 0x0F, 0xFF, 0xF8, 0x00, 0x00, 0x01,
  0xFF, 0xFF, 0x00, 0x00, 0x00, 0x00, 0xFF, 0xFF, 0x80, 0x00, 0x00, 0x1F,
  0xFF, 0xF0, 0x00, 0x00, 0x00, 0x0F, 0xFF, 0xF0, 0x00, 0x00, 0x01, 0xFF,
  0xFF, 0x00, 0x00, 0xFF, 0xFC, 0x00, 0x00, 0x00, 0x00, 0xFF, 0xFD, 0xFF,
  0xF8, 0x00, 0x00, 0x00, 0x07, 0xFF, 0xE3, 0xFF, 0xF0, 0x00, 0x00, 0x00,
  0x3F, 0xFF, 0x07, 0xFF, 0xC0, 0x00, 0x00, 0x00, 0xFF, 0xF8, 0x0F, 0xFF,
  0x80, 0x00, 0x00, 0x07, 0xFF, 0xC0, 0x3F, 0xFF, 0x00, 0x00, 0x00, 0x3F,
  0xFF, 0x00, 0x7F, 0xFE, 0x00, 0x00, 0x01, 0xFF, 0xF8, 0x00, 0xFF, 0xFC,
  0x00, 0x00, 0x0F, 0xFF, 0xC0, 0x01, 0xFF, 0xF8, 0x00, 0x00, 0x7F, 0xFE,
  0x00, 0x03, 0xFF, 0xF0, 0x00, 0x01, 0xFF, 0xF0, 0x00, 0x07, 0xFF, 0xC0,
  0x00, 0x0F, 0xFF, 0x80, 0x00, 0x1F, 0xFF, 0x80, 0x00, 0x7F, 0xFE, 0x00,
  0x00, 0x3F, 0xFF, 0x00, 0x03, 0xFF, 0xF0, 0x00, 0x00, 0x7F, 0xFE, 0x00,
  0x1F, 0xFF, 0x80, 0x00, 0x00, 0xFF, 0xFC, 0x00, 0xFF, 0xFC, 0x00, 0x00,
  0x01, 0xFF, 0xF8, 0x07, 0xFF, 0xE0, 0x00, 0x00, 0x03, 0xFF, 0xE0, 0x1F,
  0xFF, 0x00, 0x00, 0x00, 0x0F, 0xFF, 0xC0, 0xFF, 0xFC, 0x00, 0x00, 0x00,
  0x1F, 0xFF, 0x87, 0xFF, 0xE0, 0x00, 0x00, 0x00, 0x3F, 0xFF, 0x3F, 0xFF,
  0x00, 0x00, 0x00, 0x00, 0x7F, 0xFF, 0xFF, 0xF8, 0x00, 0x00, 0x00, 0x00,
  0xFF, 0xFF, 0xFF, 0xC0, 0x00, 0x00, 0x00, 0x01, 0xFF, 0xFF, 0xFE, 0x00,
  0x00, 0x00, 0x00, 0x03, 0xFF, 0xFF, 0xF8, 0x00, 0x00, 0x00, 0x00, 0x0F,
  0xFF, 0xFF, 0xC0, 0x00, 0x00, 0x00, 0x00, 0x1F, 0xFF, 0xFE, 0x00, 0x00,
  0x00, 0x00, 0x00, 0x3F, 0xFF, 0xF0, 0x00, 0x00, 0x00, 0x00, 0x00, 0x7F,
  0xFF, 0x80, 0x00, 0x00, 0x00, 0x00, 0x00, 0xFF, 0xFC, 0x00, 0x00, 0x00,
  0x00, 0x00, 0x03, 0xFF, 0xF0, 0x00, 0x00, 0x00, 0x00, 0x00, 0x1F, 0xFF,
  0xE0, 0x00, 0x00, 0x00, 0x00, 0x00, 0xFF, 0xFF, 0xC0, 0x00, 0x00, 0x00,
  0x00, 0x07, 0xFF, 0xFF, 0x80, 0x00, 0x00, 0x00, 0x00, 0x3F, 0xFF, 0xFF,
  0x00, 0x00, 0x00, 0x00, 0x00, 0xFF, 0xFF, 0xFE, 0x00, 0x00, 0x00, 0x00,
  0x07, 0xFF, 0xFF, 0xF8, 0x00, 0x00, 0x00, 0x00, 0x3F, 0xFF, 0xFF, 0xF0,
  0x00, 0x00, 0x00, 0x01, 0xFF, 0xFF, 0xFF, 0xE0, 0x00, 0x00, 0x00, 0x0F,
  0xFF, 0xCF, 0xFF, 0xC0, 0x00, 0x00, 0x00, 0x7F, 0xFE, 0x1F, 0xFF, 0x80,
  0x00, 0x00, 0x03, 0xFF, 0xF0, 0x3F, 0xFF, 0x00, 0x00, 0x00, 0x0F, 0xFF,
  0x80, 0x7F, 0xFC, 0x00, 0x00, 0x00, 0x7F, 0xFE, 0x01, 0xFF, 0xF8, 0x00,
  0x00, 0x03, 0xFF, 0xF0, 0x03, 0xFF, 0xF0, 0x00, 0x00, 0x1F, 0xFF, 0x80,
  0x07, 0xFF, 0xE0, 0x00, 0x00, 0xFF, 0xFC, 0x00, 0x0F, 0xFF, 0xC0, 0x00,
  0x07, 0xFF, 0xE0, 0x00, 0x1F, 0xFF, 0x80, 0x00, 0x1F, 0xFF, 0x00, 0x00,
  0x3F, 0xFE, 0x00, 0x00, 0xFF, 0xFC, 0x00, 0x00, 0x7F, 0xFC, 0x00, 0x07,
  0xFF, 0xE0, 0x00, 0x01, 0xFF, 0xF8, 0x00, 0x3F, 0xFF, 0x00, 0x00, 0x03,
  0xFF, 0xF0, 0x01, 0xFF, 0xF8, 0x00, 0x00, 0x07, 0xFF, 0xE0, 0x0F, 0xFF,
  0xC0, 0x00, 0x00, 0x0F, 0xFF, 0xC0, 0x3F, 0xFE, 0x00, 0x00, 0x00, 0x1F,
  0xFF, 0x01, 0xFF, 0xF8, 0x00, 0x00, 0x00, 0x3F, 0xFE, 0x0F, 0xFF, 0xC0,
  0x00, 0x00, 0x00, 0xFF, 0xFC, 0x7F, 0xFE, 0x00, 0x00, 0x00, 0x01, 0xFF,
  0xFB, 0xFF, 0xF0, 0x00, 0x00, 0x00, 0x03, 0xFF, 0xF0, 0xFF, 0xFC, 0x00,
  0x00, 0x00, 0x00, 0x7F, 0xFC, 0xFF, 0xFC, 0x00, 0x00, 0x00, 0x01, 0xFF,
  0xF8, 0xFF, 0xFC, 0x00, 0x00, 0x00, 0x07, 0xFF, 0xE0, 0xFF, 0xFC, 0x00,
  0x00, 0x00, 0x1F, 0xFF, 0x80, 0xFF, 0xFC, 0x00, 0x00, 0x00, 0x7F, 0xFE,
  0x00, 0xFF, 0xF8, 0x00, 0x00, 0x01, 0xFF, 0xF8, 0x01, 0xFF, 0xF8, 0x00,
  0x00, 0x03, 0xFF, 0xE0, 0x01, 0xFF, 0xF8, 0x00, 0x00, 0x0F, 0xFF, 0xC0,
  0x01, 0xFF, 0xF8, 0x00, 0x00, 0x3F, 0xFF, 0x00, 0x01, 0xFF, 0xF8, 0x00,
  0x00, 0xFF, 0xFC, 0x00, 0x01, 0xFF, 0xF8, 0x00, 0x03, 0xFF, 0xF0, 0x00,
  0x01, 0xFF, 0xF8, 0x00, 0x0F, 0xFF, 0xC0, 0x00, 0x01, 0xFF, 0xF0, 0x00,
  0x1F, 0xFF, 0x00, 0x00, 0x03, 0xFF, 0xF0, 0x00, 0x7F, 0xFE, 0x00, 0x00,
  0x03, 0xFF, 0xF0, 0x01, 0xFF, 0xF8, 0x00, 0x00, 0x03, 0xFF, 0xF0, 0x07,
  0xFF, 0xE0, 0x00, 0x00, 0x03, 0xFF, 0xF0, 0x1F, 0xFF, 0x80, 0x00, 0x00,
  0x03, 0xFF, 0xF0, 0x7F, 0xFE, 0x00, 0x00, 0x00, 0x03, 0xFF, 0xF1, 0xFF,
  0xF8, 0x00, 0x00, 0x00, 0x07, 0xFF, 0xE3, 0xFF, 0xF0, 0x00, 0x00, 0x00,
  0x07, 0xFF, 0xEF, 0xFF, 0xC0, 0x00, 0x00, 0x00, 0x07, 0xFF, 0xFF, 0xFF,
  0x00, 0x00, 0x00, 0x00, 0x07, 0xFF, 0xFF, 0xFC, 0x00, 0x00, 0x00, 0x00,
  0x07, 0xFF, 0xFF, 0xF0, 0x00, 0x00, 0x00, 0x00, 0x07, 0xFF, 0xFF, 0xC0,
  0x00, 0x00, 0x00, 0x00, 0x0F, 0xFF, 0xFF, 0x80, 0x00, 0x00, 0x00, 0x00,
  0x0F, 0xFF, 0xFE, 0x00, 0x00, 0x00, 0x00, 0x00, 0x0F, 0xFF, 0xF8, 0x00,
  0x00, 0x00, 0x00, 0x00, 0x0F, 0xFF, 0xE0, 0x00, 0x00, 0x00, 0x00, 0x00,
  0x0F, 0xFF, 0x80, 0x00, 0x00, 0x00, 0x00, 0x00, 0x0F, 0xFE, 0x00, 0x00,
  0x00, 0x00, 0x00, 0x00, 0x1F, 0xFC, 0x00, 0x00, 0x00, 0x00, 0x00, 0x00,
  0x3F, 0xF8, 0x00, 0x00, 0x00, 0x00, 0x00, 0x00, 0x7F, 0xF0, 0x00, 0x00,
  0x00, 0x00, 0x00, 0x00, 0xFF, 0xE0, 0x00, 0x00, 0x00, 0x00, 0x00, 0x01,
  0xFF, 0xC0, 0x00, 0x00, 0x00, 0x00, 0x00, 0x03, 0xFF, 0x80, 0x00, 0x00,
  0x00, 0x00, 0x00, 0x07, 0xFF, 0x00, 0x00, 0x00, 0x00, 0x00, 0x00, 0x0F,
  0xFE, 0x00, 0x00, 0x00, 0x00, 0x00, 0x00, 0x1F, 0xFC, 0x00, 0x00, 0x00,
  0x00, 0x00, 0x00, 0x3F, 0xF8, 0x00, 0x00, 0x00, 0x00, 0x00, 0x00, 0x7F,
  0xF0, 0x00, 0x00, 0x00, 0x00, 0x00, 0x00, 0xFF, 0xE0, 0x00, 0x00, 0x00,
  0x00, 0x00, 0x01, 0xFF, 0xC0, 0x00, 0x00, 0x00, 0x00, 0x00, 0x03, 0xFF,
  0x80, 0x00, 0x00, 0x00, 0x00, 0x00, 0x07, 0xFF, 0x00, 0x00, 0x00, 0x00,
  0x00, 0x00, 0x0F, 0xFE, 0x00, 0x00, 0x00, 0x00, 0x00, 0x00, 0x1F, 0xFC,
  0x00, 0x00, 0x00, 0x00, 0x00, 0x00, 0x3F, 0xF8, 0x00, 0x00, 0x00, 0x00,
  0x00, 0x00, 0x7F, 0xF0, 0x00, 0x00, 0x00, 0x00, 0x00, 0x00, 0xFF, 0xE0,
  0x00, 0x00, 0x00, 0x00, 0x00, 0x01, 0xFF, 0xC0, 0x00, 0x00, 0x00, 0x00,
  0x00, 0x03, 0xFF, 0x80, 0x00, 0x00, 0x00, 0x00, 0x00, 0x07, 0xFF, 0x00,
  0x00, 0x00, 0x00, 0x00, 0x00, 0x0F, 0xFE, 0x00, 0x00, 0x00, 0x00, 0x00,
  0x00, 0x1F, 0xFC, 0x00, 0x00, 0x00, 0x00, 0x00, 0x00, 0x3F, 0xF8, 0x00,
  0x00, 0x00, 0x00, 0x00, 0x00, 0x7F, 0xF0, 0x00, 0x00, 0x00, 0xFF, 0xFF,
  0xFF, 0xFF, 0xFF, 0xFF, 0xFF, 0xFF, 0xFF, 0xFF, 0xFF, 0xFF, 0xFF, 0xFF,
  0xFF, 0xFF, 0xFF, 0xFF, 0xFF, 0xFF, 0xFF, 0xFF, 0xFF, 0xFF, 0xFF, 0xFF,
  0xFF, 0xFF, 0xFF, 0xFF, 0xFF, 0xFF, 0xFF, 0xFF, 0xFF, 0xFF, 0xFF, 0xFF,
  0xFF, 0xFF, 0xFF, 0xFF, 0xFF, 0xFF, 0xFF, 0xFF, 0xFF, 0xFF, 0xFF, 0xFF,
  0xFF, 0xFF, 0xFF, 0xFF, 0xFF, 0xFF, 0xFF, 0xFF, 0xFF, 0xFF, 0xFF, 0xFF,
  0xFF, 0xFF, 0xFF, 0xFF, 0xFF, 0xF0, 0x00, 0x00, 0x00, 0x00, 0x3F, 0xFF,
  0xC0, 0x00, 0x00, 0x00, 0x01, 0xFF, 0xFC, 0x00, 0x00, 0x00, 0x00, 0x0F,
  0xFF, 0xE0, 0x00, 0x00, 0x00, 0x00, 0x7F, 0xFF, 0x00, 0x00, 0x00, 0x00,
  0x03, 0xFF, 0xF8, 0x00, 0x00, 0x00, 0x00, 0x1F, 0xFF, 0xC0, 0x00, 0x00,
  0x00, 0x00, 0xFF, 0xFE, 0x00, 0x00, 0x00, 0x00, 0x07, 0xFF, 0xF0, 0x00,
  0x00, 0x00, 0x00, 0x3F, 0xFF, 0x80, 0x00, 0x00, 0x00, 0x01, 0xFF, 0xFC,
  0x00, 0x00, 0x00, 0x00, 0x0F, 0xFF, 0xE0, 0x00, 0x00, 0x00, 0x00, 0x7F,
  0xFF, 0x00, 0x00, 0x00, 0x00, 0x03, 0xFF, 0xF8, 0x00, 0x00, 0x00, 0x00,
  0x1F, 0xFF, 0xC0, 0x00, 0x00, 0x00, 0x00, 0xFF, 0xFE, 0x00, 0x00, 0x00,
  0x00, 0x07, 0xFF, 0xF0, 0x00, 0x00, 0x00, 0x00, 0x3F, 0xFF, 0x80, 0x00,
  0x00, 0x00, 0x01, 0xFF, 0xFC, 0x00, 0x00, 0x00, 0x00, 0x0F, 0xFF, 0xE0,
  0x00, 0x00, 0x00, 0x00, 0x7F, 0xFF, 0x00, 0x00, 0x00, 0x00, 0x03, 0xFF,
  0xF8, 0x00, 0x00, 0x00, 0x00, 0x1F, 0xFF, 0xC0, 0x00, 0x00, 0x00, 0x00,
  0xFF, 0xFE, 0x00, 0x00, 0x00, 0x00, 0x07, 0xFF, 0xF0, 0x00, 0x00, 0x00,
  0x00, 0x3F, 0xFF, 0x80, 0x00, 0x00, 0x00, 0x01, 0xFF, 0xFC, 0x00, 0x00,
  0x00, 0x00, 0x0F, 0xFF, 0xE0, 0x00, 0x00, 0x00, 0x00, 0x7F, 0xFF, 0x00,
  0x00, 0x00, 0x00, 0x03, 0xFF, 0xF8, 0x00, 0x00, 0x00, 0x00, 0x1F, 0xFF,
  0xC0, 0x00, 0x00, 0x00, 0x00, 0xFF, 0xFE, 0x00, 0x00, 0x00, 0x00, 0x07,
  0xFF, 0xF0, 0x00, 0x00, 0x00, 0x00, 0x3F, 0xFF, 0x80, 0x00, 0x00, 0x00,
  0x01, 0xFF, 0xFC, 0x00, 0x00, 0x00, 0x00, 0x0F, 0xFF, 0xE0, 0x00, 0x00,
  0x00, 0x00, 0x7F, 0xFF, 0x00, 0x00, 0x00, 0x00, 0x03, 0xFF, 0xF8, 0x00,
  0x00, 0x00, 0x00, 0x3F, 0xFF, 0xC0, 0x00, 0x00, 0x00, 0x00, 0xFF, 0xFF,
  0xFF, 0xFF, 0xFF, 0xFF, 0xFF, 0xFF, 0xFF, 0xFF, 0xFF, 0xFF, 0xFF, 0xFF,
  0xFF, 0xFF, 0xFF, 0xFF, 0xFF, 0xFF, 0xFF, 0xFF, 0xFF, 0xFF, 0xFF, 0xFF,
  0xFF, 0xFF, 0xFF, 0xFF, 0xFF, 0xFF, 0xFF, 0xFF, 0xFF, 0xFF, 0xFF, 0xFF,
  0xFF, 0xFF, 0xFF, 0xFF, 0xFF, 0xFF, 0xFF, 0xFF, 0xFF, 0xFF, 0xFF, 0xFF,
  0xFF, 0xFF, 0xFF, 0xFF, 0xFF, 0xFF, 0xFF, 0xFF, 0xFF, 0xFF, 0xFF, 0xFF,
  0xFF, 0xFF, 0xFF, 0xFF, 0xFF, 0xF0, 0x00, 0x07, 0xFF, 0xC0, 0x07, 0xFF,
  0xF0, 0x03, 0xFF, 0xFC, 0x01, 0xFF, 0xFF, 0x00, 0x7F, 0xFF, 0xC0, 0x3F,
  0xFF, 0xF0, 0x0F, 0xFF, 0xFC, 0x03, 0xFF, 0xFF, 0x00, 0xFF, 0xFF, 0xC0,
  0x3F, 0xFF, 0xF0, 0x0F, 0xFE, 0x00, 0x03, 0xFF, 0x80, 0x00, 0xFF, 0xE0,
  0x00, 0x3F, 0xF8, 0x00, 0x0F, 0xFE, 0x00, 0x03, 0xFF, 0x80, 0x00, 0xFF,
  0xE0, 0x00, 0x3F, 0xF8, 0x00, 0x0F, 0xFE, 0x00, 0x03, 0xFF, 0x80, 0x00,
  0xFF, 0xE0, 0x00, 0x3F, 0xF8, 0x00, 0x0F, 0xFE, 0x00, 0x03, 0xFF, 0x80,
  0x00, 0xFF, 0xE0, 0x00, 0x3F, 0xF8, 0x00, 0x0F, 0xFE, 0x00, 0x03, 0xFF,
  0x80, 0x00, 0xFF, 0xE0, 0x00, 0x3F, 0xF8, 0x00, 0x0F, 0xFE, 0x00, 0x03,
  0xFF, 0x80, 0x00, 0xFF, 0xE0, 0x00, 0x3F, 0xF8, 0x00, 0x0F, 0xFE, 0x00,
  0x03, 0xFF, 0x80, 0x00, 0xFF, 0xE0, 0x00, 0x3F, 0xF8, 0x00, 0x0F, 0xFE,
  0x00, 0x03, 0xFF, 0x80, 0x00, 0xFF, 0xE0, 0x00, 0x3F, 0xF8, 0x00, 0x1F,
  0xFE, 0x00, 0x1F, 0xFF, 0x00, 0x1F, 0xFF, 0xC0, 0x0F, 0xFF, 0xE0, 0x0F,
  0xFF, 0xF0, 0x03, 0xFF, 0xF8, 0x00, 0xFF, 0xF8, 0x00, 0x3F, 0xFF, 0x80,
  0x0F, 0xFF, 0xF0, 0x00, 0xFF, 0xFE, 0x00, 0x1F, 0xFF, 0xC0, 0x01, 0xFF,
  0xF0, 0x00, 0x1F, 0xFE, 0x00, 0x03, 0xFF, 0x80, 0x00, 0xFF, 0xE0, 0x00,
  0x3F, 0xF8, 0x00, 0x0F, 0xFE, 0x00, 0x03, 0xFF, 0x80, 0x00, 0xFF, 0xE0,
  0x00, 0x3F, 0xF8, 0x00, 0x0F, 0xFE, 0x00, 0x03, 0xFF, 0x80, 0x00, 0xFF,
  0xE0, 0x00, 0x3F, 0xF8, 0x00, 0x0F, 0xFE, 0x00, 0x03, 0xFF, 0x80, 0x00,
  0xFF, 0xE0, 0x00, 0x3F, 0xF8, 0x00, 0x0F, 0xFE, 0x00, 0x03, 0xFF, 0x80,
  0x00, 0xFF, 0xE0, 0x00, 0x3F, 0xF8, 0x00, 0x0F, 0xFE, 0x00, 0x03, 0xFF,
  0x80, 0x00, 0xFF, 0xE0, 0x00, 0x3F, 0xF8, 0x00, 0x0F, 0xFE, 0x00, 0x03,
  0xFF, 0x80, 0x00, 0xFF, 0xE0, 0x00, 0x3F, 0xF8, 0x00, 0x0F, 0xFE, 0x00,
  0x03, 0xFF, 0x80, 0x00, 0xFF, 0xE0, 0x00, 0x3F, 0xF8, 0x00, 0x0F, 0xFE,
  0x00, 0x03, 0xFF, 0xFF, 0x00, 0xFF, 0xFF, 0xC0, 0x3F, 0xFF, 0xF0, 0x0F,
  0xFF, 0xFC, 0x03, 0xFF, 0xFF, 0x00, 0x7F, 0xFF, 0xC0, 0x1F, 0xFF, 0xF0,
  0x03, 0xFF, 0xFC, 0x00, 0x7F, 0xFF, 0x00, 0x07, 0xFF, 0xC0, 0xFF, 0xFF,
  0xFF, 0xFF, 0xFF, 0xFF, 0xFF, 0xFF, 0xFF, 0xFF, 0xFF, 0xFF, 0xFF, 0xFF,
  0xFF, 0xFF, 0xFF, 0xFF, 0xFF, 0xFF, 0xFF, 0xFF, 0xFF, 0xFF, 0xFF, 0xFF,
  0xFF, 0xFF, 0xFF, 0xFF, 0xFF, 0xFF, 0xFF, 0xFF, 0xFF, 0xFF, 0xFF, 0xFF,
  0xFF, 0xFF, 0xFF, 0xFF, 0xFF, 0xFF, 0xFF, 0xFF, 0xFF, 0xFF, 0xFF, 0xFF,
  0xFF, 0xFF, 0xFF, 0xFF, 0xFF, 0xFF, 0xFF, 0xFF, 0xFF, 0xFF, 0xF8, 0xFF,
  0xFC, 0x00, 0x3F, 0xFF, 0xC0, 0x0F, 0xFF, 0xF8, 0x03, 0xFF, 0xFF, 0x00,
  0xFF, 0xFF, 0xC0, 0x3F, 0xFF, 0xF8, 0x0F, 0xFF, 0xFE, 0x03, 0xFF, 0xFF,
  0x80, 0xFF, 0xFF, 0xE0, 0x3F, 0xFF, 0xF8, 0x00, 0x0F, 0xFE, 0x00, 0x03,
  0xFF, 0x80, 0x00, 0xFF, 0xE0, 0x00, 0x3F, 0xF8, 0x00, 0x0F, 0xFE, 0x00,
  0x03, 0xFF, 0x80, 0x00, 0xFF, 0xE0, 0x00, 0x3F, 0xF8, 0x00, 0x0F, 0xFE,
  0x00, 0x03, 0xFF, 0x80, 0x00, 0xFF, 0xE0, 0x00, 0x3F, 0xF8, 0x00, 0x0F,
  0xFE, 0x00, 0x03, 0xFF, 0x80, 0x00, 0xFF, 0xE0, 0x00, 0x3F, 0xF8, 0x00,
  0x0F, 0xFE, 0x00, 0x03, 0xFF, 0x80, 0x00, 0xFF, 0xE0, 0x00, 0x3F, 0xF8,
  0x00, 0x0F, 0xFE, 0x00, 0x03, 0xFF, 0x80, 0x00, 0xFF, 0xE0, 0x00, 0x3F,
  0xF8, 0x00, 0x0F, 0xFE, 0x00, 0x03, 0xFF, 0x80, 0x00, 0xFF, 0xE0, 0x00,
  0x3F, 0xF8, 0x00, 0x0F, 0xFE, 0x00, 0x03, 0xFF, 0x80, 0x00, 0xFF, 0xE0,
  0x00, 0x3F, 0xF8, 0x00, 0x0F, 0xFF, 0x00, 0x01, 0xFF, 0xF0, 0x00, 0x7F,
  0xFE, 0x00, 0x0F, 0xFF, 0xE0, 0x01, 0xFF, 0xFC, 0x00, 0x3F, 0xFF, 0x00,
  0x03, 0xFF, 0xC0, 0x03, 0xFF, 0xF0, 0x01, 0xFF, 0xFC, 0x00, 0xFF, 0xFE,
  0x00, 0x7F, 0xFE, 0x00, 0x1F, 0xFF, 0x00, 0x0F, 0xFF, 0x00, 0x03, 0xFF,
  0x80, 0x00, 0xFF, 0xE0, 0x00, 0x3F, 0xF8, 0x00, 0x0F, 0xFE, 0x00, 0x03,
  0xFF, 0x80, 0x00, 0xFF, 0xE0, 0x00, 0x3F, 0xF8, 0x00, 0x0F, 0xFE, 0x00,
  0x03, 0xFF, 0x80, 0x00, 0xFF, 0xE0, 0x00, 0x3F, 0xF8, 0x00, 0x0F, 0xFE,
  0x00, 0x03, 0xFF, 0x80, 0x00, 0xFF, 0xE0, 0x00, 0x3F, 0xF8, 0x00, 0x0F,
  0xFE, 0x00, 0x03, 0xFF, 0x80, 0x00, 0xFF, 0xE0, 0x00, 0x3F, 0xF8, 0x00,
  0x0F, 0xFE, 0x00, 0x03, 0xFF, 0x80, 0x00, 0xFF, 0xE0, 0x00, 0x3F, 0xF8,
  0x00, 0x0F, 0xFE, 0x00, 0x03, 0xFF, 0x80, 0x00, 0xFF, 0xE0, 0x00, 0x3F,
  0xF8, 0x00, 0x0F, 0xFE, 0x00, 0x03, 0xFF, 0x80, 0x00, 0xFF, 0xE0, 0x00,
  0x3F, 0xF8, 0x00, 0x0F, 0xFE, 0x03, 0xFF, 0xFF, 0x80, 0xFF, 0xFF, 0xE0,
  0x3F, 0xFF, 0xF8, 0x0F, 0xFF, 0xFE, 0x03, 0xFF, 0xFF, 0x80, 0xFF, 0xFF,
  0xC0, 0x3F, 0xFF, 0xF0, 0x0F, 0xFF, 0xF8, 0x03, 0xFF, 0xFC, 0x00, 0xFF,
  0xFC, 0x00, 0x00, 0xFC, 0x00, 0x1F, 0xC0, 0x0F, 0xC0, 0x07, 0xF8, 0x01,
  0xF8, 0x00, 0xFF, 0x80, 0x1F, 0x80, 0x3F, 0xF0, 0x03, 0xF0, 0x07, 0xFF,
  0x00, 0x3F, 0x01, 0xFF, 0xF0, 0x07, 0xF0, 0x3F, 0x7E, 0x00, 0x7E, 0x0F,
  0xC7, 0xE0, 0x07, 0xE3, 0xF8, 0xFC, 0x00, 0xFC, 0x7E, 0x0F, 0xC0, 0x0F,
  0xDF, 0x81, 0xF8, 0x01, 0xFB, 0xF0, 0x1F, 0x80, 0x1F, 0xFC, 0x03, 0xF8,
  0x03, 0xFF, 0x80, 0x3F, 0x00, 0x3F, 0xE0, 0x03, 0xF0, 0x03, 0xF8, 0x00,
  0x7E, 0x00, 0x7F, 0x00, 0x07, 0xE0 };

const GFXglyph CardotSemibold42pt7bGlyphs[] PROGMEM = {
  {     0,   1,   1,  32,    0,    0 },   // 0x20 ' '
  {     1,  11,  58,  21,    5,  -57 },   // 0x21 '!'
  {    81,  25,  17,  33,    4,  -54 },   // 0x22 '"'
  {   135,  42,  58,  50,    4,  -57 },   // 0x23 '#'
  {   440,  54,  97,  62,    4,  -78 },   // 0x24 '$'
  {  1095,  88,  58,  96,    4,  -57 },   // 0x25 '%'
  {  1733,  70,  68,  78,    5,  -67 },   // 0x26 '&'
  {  2328,  11,  17,  19,    4,  -54 },   // 0x27 '''
  {  2352,  18,  97,  24,    5,  -74 },   // 0x28 '('
  {  2571,  19,  97,  24,    0,  -74 },   // 0x29 ')'
  {  2802,  23,  24,  31,    4,  -54 },   // 0x2A '*'
  {  2871,  24,  24,  30,    3,  -38 },   // 0x2B '+'
  {  2943,  11,  17,  17,    3,   -9 },   // 0x2C ','
  {  2967,  19,   5,  25,    3,  -28 },   // 0x2D '-'
  {  2979,  11,  10,  17,    3,   -9 },   // 0x2E '.'
  {  2993,  26,  58,  32,    3,  -57 },   // 0x2F '/'
  {  3182,  54,  58,  64,    5,  -57 },   // 0x30 '0'
  {  3574,  22,  58,  30,    3,  -57 },   // 0x31 '1'
  {  3734,  54,  58,  63,    5,  -57 },   // 0x32 '2'
  {  4126,  54,  58,  63,    4,  -57 },   // 0x33 '3'
  {  4518,  61,  58,  69,    4,  -57 },   // 0x34 '4'
  {  4961,  54,  58,  63,    5,  -57 },   // 0x35 '5'
  {  5353,  54,  58,  63,    5,  -57 },   // 0x36 '6'
  {  5745,  54,  58,  60,    3,  -57 },   // 0x37 '7'
  {  6137,  54,  58,  64,    5,  -57 },   // 0x38 '8'
  {  6529,  54,  58,  63,    4,  -57 },   // 0x39 '9'
  {  6921,  11,  26,  19,    4,  -39 },   // 0x3A ':'
  {  6957,  11,  33,  19,    4,  -39 },   // 0x3B ';'
  {  7003,  17,  26,  23,    3,  -38 },   // 0x3C '<'
  {  7059,  24,  16,  30,    3,  -34 },   // 0x3D '='
  {  7107,  17,  26,  24,    4,  -38 },   // 0x3E '>'
  {  7163,  47,  58,  53,    2,  -57 },   // 0x3F '?'
  {  7504,  74,  75,  82,    4,  -63 },   // 0x40 '@'
  {  8198,  62,  58,  64,    1,  -57 },   // 0x41 'A'
  {  8648,  54,  58,  63,    5,  -57 },   // 0x42 'B'
  {  9040,  54,  58,  60,    4,  -57 },   // 0x43 'C'
  {  9432,  54,  58,  63,    5,  -57 },   // 0x44 'D'
  {  9824,  49,  58,  56,    5,  -57 },   // 0x45 'E'
  { 10180,  49,  58,  56,    5,  -57 },   // 0x46 'F'
  { 10536,  54,  58,  62,    4,  -57 },   // 0x47 'G'
  { 10928,  54,  58,  64,    5,  -57 },   // 0x48 'H'
  { 11320,  11,  58,  21,    5,  -57 },   // 0x49 'I'
  { 11400,  54,  58,  61,    2,  -57 },   // 0x4A 'J'
  { 11792,  54,  58,  60,    5,  -57 },   // 0x4B 'K'
  { 12184,  49,  58,  57,    5,  -57 },   // 0x4C 'L'
  { 12540,  75,  58,  85,    5,  -57 },   // 0x4D 'M'
  { 13084,  54,  58,  64,    5,  -57 },   // 0x4E 'N'
  { 13476,  54,  58,  62,    4,  -57 },   // 0x4F 'O'
  { 13868,  54,  58,  62,    5,  -57 },   // 0x50 'P'
  { 14260,  54,  64,  62,    4,  -57 },   // 0x51 'Q'
  { 14692,  54,  58,  63,    5,  -57 },   // 0x52 'R'
  { 15084,  54,  58,  58,    2,  -57 },   // 0x53 'S'
  { 15476,  54,  58,  58,    2,  -57 },   // 0x54 'T'
  { 15868,  54,  58,  64,    5,  -57 },   // 0x55 'U'
  { 16260,  62,  58,  66,    2,  -57 },   // 0x56 'V'
  { 16710,  92,  58,  96,    2,  -57 },   // 0x57 'W'
  { 17377,  62,  58,  66,    2,  -57 },   // 0x58 'X'
  { 17827,  63,  58,  67,    2,  -57 },   // 0x59 'Y'
  { 18284,  54,  58,  58,    2,  -57 },   // 0x5A 'Z'
  { 18676,  18,  97,  21,    5,  -74 },   // 0x5B '['
  { 18895,  26,  58,  32,    3,  -57 },   // 0x5C '\'
  { 19084,  19,  97,  21,   -3,  -74 },   // 0x5D ']'
  { 19315,  25,  17,  31,    3,  -55 },   // 0x5E '^'
  { 19369,  24,   5,  30,    3,   -4 },   // 0x5F '_'
  { 19384,  12,  16,  19,    3,  -54 },   // 0x60 '`'
  { 19408,  62,  58,  64,    1,  -57 },   // 0x61 'a'
  { 19858,  54,  58,  63,    5,  -57 },   // 0x62 'b'
  { 20250,  54,  58,  60,    4,  -57 },   // 0x63 'c'
  { 20642,  54,  58,  63,    5,  -57 },   // 0x64 'd'
  { 21034,  49,  58,  56,    5,  -57 },   // 0x65 'e'
  { 21390,  49,  58,  56,    5,  -57 },   // 0x66 'f'
  { 21746,  54,  58,  62,    4,  -57 },   // 0x67 'g'
  { 22138,  54,  58,  64,    5,  -57 },   // 0x68 'h'
  { 22530,  11,  58,  21,    5,  -57 },   // 0x69 'i'
  { 22610,  54,  58,  61,    2,  -57 },   // 0x6A 'j'
  { 23002,  54,  58,  60,    5,  -57 },   // 0x6B 'k'
  { 23394,  49,  58,  57,    5,  -57 },   // 0x6C 'l'
  { 23750,  75,  58,  85,    5,  -57 },   // 0x6D 'm'
  { 24294,  54,  58,  64,    5,  -57 },   // 0x6E 'n'
  { 24686,  54,  58,  62,    4,  -57 },   // 0x6F 'o'
  { 25078,  54,  58,  62,    5,  -57 },   // 0x70 'p'
  { 25470,  54,  64,  62,    4,  -57 },   // 0x71 'q'
  { 25902,  54,  58,  63,    5,  -57 },   // 0x72 'r'
  { 26294,  54,  58,  58,    2,  -57 },   // 0x73 's'
  { 26686,  54,  58,  58,    2,  -57 },   // 0x74 't'
  { 27078,  54,  58,  64,    5,  -57 },   // 0x75 'u'
  { 27470,  62,  58,  66,    2,  -57 },   // 0x76 'v'
  { 27920,  92,  58,  96,    2,  -57 },   // 0x77 'w'
  { 28587,  62,  58,  66,    2,  -57 },   // 0x78 'x'
  { 29037,  63,  58,  67,    2,  -57 },   // 0x79 'y'
  { 29494,  54,  58,  58,    2,  -57 },   // 0x7A 'z'
  { 29886,  26,  97,  27,    3,  -74 },   // 0x7B '{'
  { 30202,   5,  97,  15,    5,  -74 },   // 0x7C '|'
  { 30263,  26,  97,  27,   -3,  -74 },   // 0x7D '}'
  { 30579,  35,  17,  41,    3,  -34 } }; // 0x7E '~'

const GFXfont CardotSemibold42pt7b PROGMEM = {
  (uint8_t  *)CardotSemibold42pt7bBitmaps,
  (GFXglyph *)CardotSemibold42pt7bGlyphs,
  0x20, 0x7E, 78 };

// Approx. 31326 bytes
