const uint8_t Formula1_Bold_web_030pt7bBitmaps[] PROGMEM = {
  0x00, 0xFF, 0xFF, 0xFF, 0xFF, 0xFF, 0xFF, 0xFF, 0xFF, 0xFF, 0xFF, 0xFF,
  0xFF, 0xFF, 0xFF, 0xFF, 0xFF, 0xFF, 0xFF, 0xFF, 0xFF, 0xFF, 0xFF, 0xFF,
  0xFF, 0xFF, 0xFF, 0xFF, 0xFF, 0xFF, 0xFF, 0xFF, 0xFF, 0xFF, 0xFF, 0xFF,
  0xFF, 0xFF, 0xFF, 0xFF, 0xFF, 0xF0, 0x00, 0x00, 0x00, 0x00, 0x00, 0x00,
  0x00, 0xFF, 0xFF, 0xFF, 0xFF, 0xFF, 0xFF, 0xFF, 0xFF, 0xFF, 0xFF, 0xFF,
  0xFF, 0xFF, 0xFF, 0xFF, 0xFF, 0xFF, 0xFF, 0xFF, 0xC3, 0xFF, 0xFF, 0xC3,
  0xFE, 0xFF, 0xC3, 0xFE, 0xFF, 0xC3, 0xFE, 0xFF, 0x83, 0xFE, 0xFF, 0x83,
  0xFE, 0xFF, 0x83, 0xFE, 0xFF, 0x83, 0xFE, 0xFF, 0x83, 0xFC, 0xFF, 0x83,
  0xFC, 0xFF, 0x83, 0xFC, 0xFF, 0x83, 0xFC, 0xFF, 0x03, 0xFC, 0xFF, 0x03,
  0xFC, 0xFF, 0x03, 0xFC, 0xFF, 0x03, 0xF8, 0xFF, 0x03, 0xF8, 0x00, 0x01,
  0xFF, 0x01, 0xFE, 0x00, 0x00, 0x3F, 0xE0, 0x3F, 0xC0, 0x00, 0x07, 0xF8,
  0x0F, 0xF8, 0x00, 0x00, 0xFF, 0x01, 0xFF, 0x00, 0x00, 0x3F, 0xE0, 0x3F,
  0xC0, 0x00, 0x07, 0xFC, 0x07, 0xF8, 0x00, 0x00, 0xFF, 0x01, 0xFF, 0x00,
  0x00, 0x1F, 0xE0, 0x3F, 0xE0, 0x00, 0x07, 0xFC, 0x07, 0xF8, 0x00, 0x00,
  0xFF, 0x80, 0xFF, 0x00, 0x00, 0x1F, 0xE0, 0x3F, 0xE0, 0x07, 0xFF, 0xFF,
  0xFF, 0xFF, 0xF0, 0xFF, 0xFF, 0xFF, 0xFF, 0xFE, 0x1F, 0xFF, 0xFF, 0xFF,
  0xFF, 0xC3, 0xFF, 0xFF, 0xFF, 0xFF, 0xF8, 0x7F, 0xFF, 0xFF, 0xFF, 0xFF,
  0x0F, 0xFF, 0xFF, 0xFF, 0xFF, 0xE1, 0xFF, 0xFF, 0xFF, 0xFF, 0xFC, 0x3F,
  0xFF, 0xFF, 0xFF, 0xFF, 0x80, 0x0F, 0xF0, 0x1F, 0xF0, 0x00, 0x03, 0xFE,
  0x03, 0xFC, 0x00, 0x00, 0x7F, 0xC0, 0x7F, 0x80, 0x00, 0x0F, 0xF0, 0x1F,
  0xF0, 0x00, 0x03, 0xFE, 0x03, 0xFE, 0x00, 0x00, 0x7F, 0xC0, 0x7F, 0x80,
  0x00, 0x0F, 0xF0, 0x1F, 0xF0, 0x00, 0x01, 0xFE, 0x03, 0xFE, 0x00, 0x7F,
  0xFF, 0xFF, 0xFF, 0xFF, 0x0F, 0xFF, 0xFF, 0xFF, 0xFF, 0xE1, 0xFF, 0xFF,
  0xFF, 0xFF, 0xFC, 0x3F, 0xFF, 0xFF, 0xFF, 0xFF, 0x87, 0xFF, 0xFF, 0xFF,
  0xFF, 0xF0, 0xFF, 0xFF, 0xFF, 0xFF, 0xFE, 0x1F, 0xFF, 0xFF, 0xFF, 0xFF,
  0xC3, 0xFF, 0xFF, 0xFF, 0xFF, 0xF8, 0x01, 0xFF, 0x01, 0xFE, 0x00, 0x00,
  0x3F, 0xE0, 0x3F, 0xC0, 0x00, 0x07, 0xF8, 0x0F, 0xF8, 0x00, 0x00, 0xFF,
  0x01, 0xFF, 0x00, 0x00, 0x3F, 0xE0, 0x3F, 0xC0, 0x00, 0x07, 0xFC, 0x07,
  0xF8, 0x00, 0x00, 0xFF, 0x01, 0xFF, 0x00, 0x00, 0x1F, 0xE0, 0x3F, 0xE0,
  0x00, 0x07, 0xFC, 0x07, 0xF8, 0x00, 0x00, 0xFF, 0x80, 0xFF, 0x00, 0x00,
  0x1F, 0xE0, 0x3F, 0xE0, 0x00, 0x00, 0x00, 0x00, 0xFE, 0x00, 0x00, 0x00,
  0x01, 0xFC, 0x00, 0x00, 0x00, 0x03, 0xF8, 0x00, 0x00, 0x00, 0x07, 0xF0,
  0x00, 0x00, 0x00, 0x0F, 0xE0, 0x00, 0x00, 0x00, 0x1F, 0xC0, 0x00, 0x00,
  0x0F, 0xFF, 0xFF, 0xFE, 0x00, 0xFF, 0xFF, 0xFF, 0xFC, 0x07, 0xFF, 0xFF,
  0xFF, 0xF8, 0x3F, 0xFF, 0xFF, 0xFF, 0xF0, 0x7F, 0xFF, 0xFF, 0xFF, 0xE1,
  0xFF, 0xFF, 0xFF, 0xFF, 0xC7, 0xFF, 0xFF, 0xFF, 0xFF, 0x8F, 0xFF, 0xFF,
  0xFF, 0xFF, 0x3F, 0xFF, 0xFF, 0xFF, 0xFE, 0x7F, 0xFF, 0xFF, 0xFF, 0xFC,
  0xFF, 0xF0, 0xFE, 0x00, 0x01, 0xFF, 0xC1, 0xFC, 0x00, 0x03, 0xFF, 0x83,
  0xF8, 0x00, 0x07, 0xFF, 0x87, 0xF0, 0x00, 0x0F, 0xFF, 0x8F, 0xE0, 0x00,
  0x1F, 0xFF, 0xFF, 0xC0, 0x00, 0x1F, 0xFF, 0xFF, 0x80, 0x00, 0x3F, 0xFF,
  0xFF, 0x00, 0x00, 0x3F, 0xFF, 0xFF, 0xC0, 0x00, 0x3F, 0xFF, 0xFF, 0xF0,
  0x00, 0x3F, 0xFF, 0xFF, 0xF8, 0x00, 0x3F, 0xFF, 0xFF, 0xFC, 0x00, 0x1F,
  0xFF, 0xFF, 0xFE, 0x00, 0x0F, 0xFF, 0xFF, 0xFE, 0x00, 0x03, 0xFF, 0xFF,
  0xFE, 0x00, 0x00, 0xFF, 0xFF, 0xFC, 0x00, 0x00, 0xFF, 0xFF, 0xFC, 0x00,
  0x01, 0xFF, 0xFF, 0xF8, 0x00, 0x03, 0xF9, 0xFF, 0xF8, 0x00, 0x07, 0xF0,
  0xFF, 0xF0, 0x00, 0x0F, 0xE0, 0xFF, 0xE0, 0x00, 0x1F, 0xC1, 0xFF, 0xC0,
  0x00, 0x3F, 0x87, 0xFF, 0x80, 0x00, 0x7F, 0x1F, 0xFF, 0x7F, 0xFF, 0xFF,
  0xFF, 0xFC, 0xFF, 0xFF, 0xFF, 0xFF, 0xF9, 0xFF, 0xFF, 0xFF, 0xFF, 0xF3,
  0xFF, 0xFF, 0xFF, 0xFF, 0xC7, 0xFF, 0xFF, 0xFF, 0xFF, 0x0F, 0xFF, 0xFF,
  0xFF, 0xFE, 0x1F, 0xFF, 0xFF, 0xFF, 0xF0, 0x3F, 0xFF, 0xFF, 0xFF, 0xC0,
  0x7F, 0xFF, 0xFF, 0xFE, 0x00, 0xFF, 0xFF, 0xFF, 0xE0, 0x00, 0x00, 0x03,
  0xF8, 0x00, 0x00, 0x00, 0x07, 0xF0, 0x00, 0x00, 0x00, 0x0F, 0xE0, 0x00,
  0x00, 0x00, 0x1F, 0xC0, 0x00, 0x00, 0x00, 0x3F, 0x80, 0x00, 0x00, 0x00,
  0x7F, 0x00, 0x00, 0x00, 0x3C, 0x00, 0x00, 0x00, 0x00, 0x3F, 0xFE, 0x00,
  0x00, 0xFF, 0x83, 0xFF, 0xFC, 0x00, 0x0F, 0xFC, 0x3F, 0xFF, 0xF0, 0x00,
  0x7F, 0xC3, 0xFF, 0xFF, 0xC0, 0x07, 0xFE, 0x3F, 0xFF, 0xFE, 0x00, 0x3F,
  0xE1, 0xFF, 0xFF, 0xF8, 0x03, 0xFF, 0x1F, 0xFF, 0xFF, 0xC0, 0x1F, 0xF0,
  0xFF, 0x81, 0xFE, 0x01, 0xFF, 0x87, 0xF8, 0x0F, 0xF0, 0x0F, 0xF8, 0x3F,
  0xC0, 0x7F, 0x80, 0x7F, 0xC1, 0xFE, 0x03, 0xFC, 0x07, 0xFC, 0x0F, 0xF0,
  0x1F, 0xE0, 0x3F, 0xE0, 0x7F, 0x80, 0xFF, 0x03, 0xFF, 0x03, 0xFE, 0x0F,
  0xF8, 0x1F, 0xF0, 0x0F, 0xFF, 0xFF, 0xC1, 0xFF, 0x80, 0x7F, 0xFF, 0xFC,
  0x0F, 0xF8, 0x03, 0xFF, 0xFF, 0xE0, 0xFF, 0xC0, 0x0F, 0xFF, 0xFE, 0x07,
  0xFC, 0x00, 0x3F, 0xFF, 0xE0, 0x7F, 0xE0, 0x00, 0xFF, 0xFE, 0x03, 0xFE,
  0x00, 0x00, 0xFF, 0xC0, 0x00, 0x00, 0x00, 0x00, 0x00, 0x00, 0x00, 0x00,
  0x00, 0x00, 0x00, 0x00, 0x00, 0x00, 0x00, 0x00, 0x00, 0x07, 0xFE, 0x00,
  0x01, 0xFF, 0x80, 0xFF, 0xFC, 0x00, 0x0F, 0xF8, 0x1F, 0xFF, 0xF8, 0x00,
  0xFF, 0xC1, 0xFF, 0xFF, 0xE0, 0x07, 0xFC, 0x0F, 0xFF, 0xFF, 0x00, 0x3F,
  0xE0, 0xFF, 0xFF, 0xFC, 0x03, 0xFE, 0x07, 0xFF, 0xFF, 0xE0, 0x1F, 0xF0,
  0x3F, 0xC0, 0xFF, 0x01, 0xFF, 0x81, 0xFE, 0x07, 0xF8, 0x0F, 0xF8, 0x0F,
  0xE0, 0x1F, 0xC0, 0xFF, 0xC0, 0x7F, 0x00, 0xFE, 0x07, 0xFC, 0x03, 0xF8,
  0x07, 0xF0, 0x7F, 0xE0, 0x1F, 0xE0, 0x3F, 0x83, 0xFE, 0x00, 0xFF, 0x03,
  0xFC, 0x3F, 0xF0, 0x07, 0xFF, 0xFF, 0xE1, 0xFF, 0x00, 0x3F, 0xFF, 0xFF,
  0x1F, 0xF8, 0x00, 0xFF, 0xFF, 0xF0, 0xFF, 0x80, 0x07, 0xFF, 0xFF, 0x87,
  0xFC, 0x00, 0x1F, 0xFF, 0xF8, 0x7F, 0xE0, 0x00, 0x7F, 0xFF, 0x87, 0xFE,
  0x00, 0x00, 0xFF, 0xF8, 0x00, 0x00, 0x00, 0x00, 0xFC, 0x00, 0x00, 0x01,
  0xFF, 0xFF, 0xF8, 0x00, 0x00, 0x3F, 0xFF, 0xFF, 0xE0, 0x00, 0x01, 0xFF,
  0xFF, 0xFF, 0x80, 0x00, 0x0F, 0xFF, 0xFF, 0xFE, 0x00, 0x00, 0x7F, 0xFF,
  0xFF, 0xF8, 0x00, 0x03, 0xFF, 0xFF, 0xFF, 0xE0, 0x00, 0x0F, 0xFF, 0xFF,
  0xFF, 0x80, 0x00, 0x7F, 0xFF, 0xFF, 0xFE, 0x00, 0x01, 0xFF, 0xFF, 0xFF,
  0xF8, 0x00, 0x07, 0xFF, 0xC0, 0x00, 0x00, 0x00, 0x1F, 0xFE, 0x00, 0x00,
  0x00, 0x00, 0x7F, 0xF8, 0x00, 0x00, 0x00, 0x00, 0xFF, 0xE0, 0x00, 0x00,
  0x00, 0x03, 0xFF, 0x80, 0x00, 0x00, 0x00, 0x0F, 0xFF, 0x00, 0x00, 0x00,
  0x00, 0x1F, 0xFE, 0x00, 0x00, 0x00, 0x00, 0x7F, 0xFC, 0x00, 0x00, 0x00,
  0x00, 0xFF, 0xF8, 0x01, 0xFF, 0xE0, 0x0F, 0xFF, 0xF0, 0x0F, 0xFF, 0x01,
  0xFF, 0xFF, 0xC0, 0x3F, 0xFC, 0x0F, 0xFF, 0xFF, 0x81, 0xFF, 0xE0, 0x7F,
  0xFF, 0xFF, 0x0F, 0xFF, 0x03, 0xFF, 0xFF, 0xFE, 0x3F, 0xFC, 0x1F, 0xFF,
  0xFF, 0xFD, 0xFF, 0xE0, 0x7F, 0xFF, 0xFF, 0xFF, 0xFF, 0x03, 0xFF, 0xFF,
  0xFF, 0xFF, 0xF8, 0x0F, 0xFF, 0x07, 0xFF, 0xFF, 0xE0, 0x3F, 0xF8, 0x0F,
  0xFF, 0xFF, 0x00, 0xFF, 0xC0, 0x1F, 0xFF, 0xF8, 0x03, 0xFF, 0x00, 0x3F,
  0xFF, 0xE0, 0x0F, 0xFC, 0x00, 0x7F, 0xFF, 0x00, 0x3F, 0xF0, 0x01, 0xFF,
  0xF8, 0x00, 0xFF, 0xC0, 0x03, 0xFF, 0xE0, 0x03, 0xFF, 0x80, 0x0F, 0xFF,
  0xC0, 0x0F, 0xFE, 0x00, 0x7F, 0xFF, 0x80, 0x3F, 0xFF, 0x1F, 0xFF, 0xFF,
  0x00, 0xFF, 0xFF, 0xFF, 0xFF, 0xFE, 0x01, 0xFF, 0xFF, 0xFF, 0xFF, 0xFC,
  0x07, 0xFF, 0xFF, 0xFF, 0xFF, 0xF8, 0x0F, 0xFF, 0xFF, 0xFF, 0xFF, 0xF0,
  0x3F, 0xFF, 0xFF, 0xF7, 0xFF, 0xC0, 0x3F, 0xFF, 0xFF, 0x8F, 0xFF, 0x80,
  0x7F, 0xFF, 0xF8, 0x1F, 0xFF, 0x00, 0x3F, 0xFF, 0x80, 0x3F, 0xFF, 0xFF,
  0xFF, 0xFF, 0xFF, 0xFF, 0xFF, 0xBF, 0xEF, 0xFB, 0xFE, 0xFF, 0xBF, 0xEF,
  0xFB, 0xFE, 0xFF, 0x3F, 0xCF, 0xF3, 0xFC, 0xFF, 0x00, 0x00, 0x3F, 0xC0,
  0x7F, 0xF0, 0x7F, 0xFC, 0x3F, 0xFF, 0x1F, 0xFF, 0xCF, 0xFF, 0xF3, 0xFF,
  0xFD, 0xFF, 0xFF, 0x7F, 0xFC, 0x1F, 0xFC, 0x0F, 0xFF, 0x03, 0xFF, 0xC0,
  0xFF, 0xE0, 0x3F, 0xF8, 0x0F, 0xFE, 0x03, 0xFF, 0x80, 0xFF, 0xE0, 0x3F,
  0xF8, 0x0F, 0xFE, 0x03, 0xFF, 0x80, 0xFF, 0xE0, 0x3F, 0xF8, 0x0F, 0xFE,
  0x03, 0xFF, 0x80, 0xFF, 0xE0, 0x3F, 0xF8, 0x0F, 0xFE, 0x03, 0xFF, 0x80,
  0xFF, 0xE0, 0x3F, 0xF8, 0x0F, 0xFE, 0x03, 0xFF, 0x80, 0xFF, 0xE0, 0x3F,
  0xF8, 0x0F, 0xFE, 0x03, 0xFF, 0x80, 0xFF, 0xE0, 0x3F, 0xF8, 0x0F, 0xFE,
  0x03, 0xFF, 0x80, 0xFF, 0xE0, 0x3F, 0xF8, 0x0F, 0xFE, 0x03, 0xFF, 0xC0,
  0xFF, 0xF0, 0x1F, 0xFC, 0x07, 0xFF, 0xC1, 0xFF, 0xFF, 0x3F, 0xFF, 0xCF,
  0xFF, 0xF1, 0xFF, 0xFC, 0x3F, 0xFF, 0x07, 0xFF, 0xC0, 0x7F, 0xF0, 0x03,
  0xFC, 0xFF, 0x00, 0x7F, 0xE0, 0x3F, 0xFC, 0x1F, 0xFF, 0x0F, 0xFF, 0xC7,
  0xFF, 0xF3, 0xFF, 0xFD, 0xFF, 0xFE, 0x1F, 0xFF, 0x03, 0xFF, 0xC0, 0xFF,
  0xE0, 0x7F, 0xF0, 0x3F, 0xF8, 0x1F, 0xFC, 0x0F, 0xFE, 0x07, 0xFF, 0x03,
  0xFF, 0x81, 0xFF, 0xC0, 0xFF, 0xE0, 0x7F, 0xF0, 0x3F, 0xF8, 0x1F, 0xFC,
  0x0F, 0xFE, 0x07, 0xFF, 0x03, 0xFF, 0x81, 0xFF, 0xC0, 0xFF, 0xE0, 0x7F,
  0xF0, 0x3F, 0xF8, 0x1F, 0xFC, 0x0F, 0xFE, 0x07, 0xFF, 0x03, 0xFF, 0x81,
  0xFF, 0xC0, 0xFF, 0xE0, 0x7F, 0xF0, 0x3F, 0xF8, 0x1F, 0xFC, 0x0F, 0xFE,
  0x07, 0xFF, 0x03, 0xFF, 0x81, 0xFF, 0xC0, 0xFF, 0xE0, 0x7F, 0xF0, 0x3F,
  0xF8, 0x3F, 0xFC, 0x7F, 0xFD, 0xFF, 0xFE, 0xFF, 0xFF, 0x7F, 0xFF, 0x3F,
  0xFF, 0x1F, 0xFF, 0x0F, 0xFF, 0x07, 0xFE, 0x03, 0xFC, 0x00, 0x02, 0x01,
  0x00, 0x06, 0x03, 0x00, 0x3C, 0x0F, 0x80, 0xFC, 0x1F, 0x83, 0xFC, 0x7F,
  0x83, 0xF9, 0xFC, 0x03, 0xFB, 0xF8, 0x03, 0xFF, 0xE0, 0x03, 0xFF, 0x81,
  0xFF, 0xFF, 0xFF, 0xFF, 0xFF, 0xFF, 0xFF, 0xFF, 0xFF, 0xFF, 0xFF, 0xFF,
  0xFF, 0xFF, 0xFF, 0xFF, 0xFF, 0x81, 0xFF, 0xC0, 0x07, 0xFF, 0xC0, 0x1F,
  0xDF, 0xC0, 0x7F, 0xBF, 0x81, 0xFE, 0x3F, 0xC1, 0xF8, 0x3F, 0x01, 0xE0,
  0x7C, 0x00, 0xC0, 0x60, 0x01, 0x00, 0x80, 0x00, 0x3F, 0xE0, 0x00, 0x03,
  0xFE, 0x00, 0x00, 0x3F, 0xE0, 0x00, 0x03, 0xFE, 0x00, 0x00, 0x3F, 0xE0,
  0x00, 0x03, 0xFE, 0x00, 0x00, 0x3F, 0xE0, 0x00, 0x03, 0xFE, 0x00, 0x00,
  0x3F, 0xE0, 0x00, 0x03, 0xFE, 0x00, 0xFF, 0xFF, 0xFF, 0xFF, 0xFF, 0xFF,
  0xFF, 0xFF, 0xFF, 0xFF, 0xFF, 0xFF, 0xFF, 0xFF, 0xFF, 0xFF, 0xFF, 0xFF,
  0xFF, 0xFF, 0xFF, 0xFF, 0xFF, 0xFF, 0xFF, 0xFF, 0xFF, 0xFF, 0xFF, 0xFF,
  0xFF, 0xF0, 0x03, 0xFE, 0x00, 0x00, 0x3F, 0xE0, 0x00, 0x03, 0xFE, 0x00,
  0x00, 0x3F, 0xE0, 0x00, 0x03, 0xFE, 0x00, 0x00, 0x3F, 0xE0, 0x00, 0x03,
  0xFE, 0x00, 0x00, 0x3F, 0xE0, 0x00, 0x03, 0xFE, 0x00, 0x00, 0x3F, 0xE0,
  0x00, 0x1F, 0xFC, 0x7F, 0xF1, 0xFF, 0xC7, 0xFF, 0x1F, 0xFC, 0x7F, 0xF1,
  0xFF, 0xC7, 0xFF, 0x1F, 0xFC, 0x7F, 0xF1, 0xFF, 0xC7, 0xFF, 0x1F, 0xFC,
  0x7F, 0xF3, 0xFF, 0x8F, 0xFE, 0x3F, 0xF1, 0xFF, 0xCF, 0xFE, 0x00, 0xFF,
  0xFF, 0xFF, 0xFF, 0xFF, 0xFF, 0xFF, 0xFF, 0xFF, 0xFF, 0xFF, 0xFF, 0xFF,
  0xFF, 0xFF, 0xFF, 0xFF, 0xF0, 0xFF, 0xFF, 0xFF, 0xFF, 0xFF, 0xFF, 0xFF,
  0xFF, 0xFF, 0xFF, 0xFF, 0xFF, 0xFF, 0xFF, 0xFF, 0xFF, 0xFF, 0xFF, 0x00,
  0x1F, 0xF8, 0x00, 0xFF, 0xC0, 0x07, 0xFE, 0x00, 0x3F, 0xF0, 0x03, 0xFF,
  0x00, 0x1F, 0xF8, 0x00, 0xFF, 0xC0, 0x07, 0xFE, 0x00, 0x7F, 0xE0, 0x03,
  0xFF, 0x00, 0x1F, 0xF8, 0x00, 0xFF, 0xC0, 0x0F, 0xFC, 0x00, 0x7F, 0xE0,
  0x03, 0xFF, 0x00, 0x1F, 0xF8, 0x01, 0xFF, 0xC0, 0x0F, 0xFC, 0x00, 0x7F,
  0xE0, 0x03, 0xFF, 0x00, 0x1F, 0xF8, 0x01, 0xFF, 0x80, 0x0F, 0xFC, 0x00,
  0x7F, 0xE0, 0x03, 0xFF, 0x00, 0x3F, 0xF0, 0x01, 0xFF, 0x80, 0x0F, 0xFC,
  0x00, 0x7F, 0xE0, 0x07, 0xFE, 0x00, 0x3F, 0xF0, 0x01, 0xFF, 0x80, 0x0F,
  0xFC, 0x00, 0x7F, 0xE0, 0x07, 0xFE, 0x00, 0x3F, 0xF0, 0x01, 0xFF, 0x80,
  0x0F, 0xFC, 0x00, 0xFF, 0xC0, 0x07, 0xFE, 0x00, 0x3F, 0xF0, 0x01, 0xFF,
  0x80, 0x1F, 0xF8, 0x00, 0xFF, 0xC0, 0x07, 0xFE, 0x00, 0x3F, 0xF0, 0x01,
  0xFF, 0x80, 0x1F, 0xF8, 0x00, 0xFF, 0xC0, 0x07, 0xFE, 0x00, 0x00, 0x00,
  0x03, 0xFF, 0xF8, 0x00, 0x00, 0x01, 0xFF, 0xFF, 0xF8, 0x00, 0x00, 0x7F,
  0xFF, 0xFF, 0xE0, 0x00, 0x1F, 0xFF, 0xFF, 0xFF, 0x80, 0x03, 0xFF, 0xFF,
  0xFF, 0xFC, 0x00, 0x7F, 0xFF, 0xFF, 0xFF, 0xE0, 0x0F, 0xFF, 0xFF, 0xFF,
  0xFF, 0x01, 0xFF, 0xFF, 0xFF, 0xFF, 0xF0, 0x3F, 0xFF, 0xFF, 0xFF, 0xFF,
  0x83, 0xFF, 0xFF, 0xFF, 0xFF, 0xFC, 0x3F, 0xFF, 0x80, 0x1F, 0xFF, 0xC7,
  0xFF, 0xE0, 0x00, 0x7F, 0xFC, 0x7F, 0xFC, 0x00, 0x03, 0xFF, 0xE7, 0xFF,
  0x80, 0x00, 0x1F, 0xFE, 0xFF, 0xF8, 0x00, 0x01, 0xFF, 0xEF, 0xFF, 0x00,
  0x00, 0x1F, 0xFE, 0xFF, 0xF0, 0x00, 0x01, 0xFF, 0xEF, 0xFF, 0x00, 0x00,
  0x1F, 0xFF, 0xFF, 0xF0, 0x00, 0x01, 0xFF, 0xFF, 0xFF, 0x00, 0x00, 0x1F,
  0xFF, 0xFF, 0xF0, 0x00, 0x01, 0xFF, 0xFF, 0xFF, 0x00, 0x00, 0x1F, 0xFF,
  0xFF, 0xF0, 0x00, 0x01, 0xFF, 0xFF, 0xFF, 0x00, 0x00, 0x1F, 0xFF, 0xFF,
  0xF0, 0x00, 0x01, 0xFF, 0xFF, 0xFF, 0x00, 0x00, 0x1F, 0xFF, 0xFF, 0xF0,
  0x00, 0x01, 0xFF, 0xFF, 0xFF, 0x00, 0x00, 0x1F, 0xFF, 0xFF, 0xF0, 0x00,
  0x01, 0xFF, 0xFF, 0xFF, 0x00, 0x00, 0x1F, 0xFE, 0xFF, 0xF0, 0x00, 0x01,
  0xFF, 0xEF, 0xFF, 0x80, 0x00, 0x1F, 0xFE, 0x7F, 0xF8, 0x00, 0x03, 0xFF,
  0xE7, 0xFF, 0xC0, 0x00, 0x3F, 0xFE, 0x7F, 0xFE, 0x00, 0x07, 0xFF, 0xC3,
  0xFF, 0xF8, 0x01, 0xFF, 0xFC, 0x3F, 0xFF, 0xFF, 0xFF, 0xFF, 0x81, 0xFF,
  0xFF, 0xFF, 0xFF, 0xF8, 0x1F, 0xFF, 0xFF, 0xFF, 0xFF, 0x00, 0xFF, 0xFF,
  0xFF, 0xFF, 0xF0, 0x07, 0xFF, 0xFF, 0xFF, 0xFE, 0x00, 0x3F, 0xFF, 0xFF,
  0xFF, 0xC0, 0x01, 0xFF, 0xFF, 0xFF, 0xF0, 0x00, 0x07, 0xFF, 0xFF, 0xFE,
  0x00, 0x00, 0x1F, 0xFF, 0xFF, 0x80, 0x00, 0x00, 0x3F, 0xFF, 0xC0, 0x00,
  0x7F, 0xFF, 0x00, 0x00, 0x3F, 0xFF, 0xE0, 0x00, 0x1F, 0xFF, 0xFC, 0x00,
  0x0F, 0xFF, 0xFF, 0x00, 0x07, 0xFF, 0xFF, 0x80, 0x03, 0xFF, 0xFF, 0xE0,
  0x01, 0xFF, 0xFF, 0xF0, 0x00, 0xFF, 0xFF, 0xFC, 0x00, 0x7F, 0xFF, 0xFE,
  0x00, 0x3F, 0xFF, 0xFF, 0x00, 0x00, 0x07, 0xFF, 0x80, 0x00, 0x03, 0xFF,
  0xC0, 0x00, 0x01, 0xFF, 0xE0, 0x00, 0x00, 0xFF, 0xF0, 0x00, 0x00, 0x7F,
  0xF8, 0x00, 0x00, 0x3F, 0xFC, 0x00, 0x00, 0x1F, 0xFE, 0x00, 0x00, 0x0F,
  0xFF, 0x00, 0x00, 0x07, 0xFF, 0x80, 0x00, 0x03, 0xFF, 0xC0, 0x00, 0x01,
  0xFF, 0xE0, 0x00, 0x00, 0xFF, 0xF0, 0x00, 0x00, 0x7F, 0xF8, 0x00, 0x00,
  0x3F, 0xFC, 0x00, 0x00, 0x1F, 0xFE, 0x00, 0x00, 0x0F, 0xFF, 0x00, 0x00,
  0x07, 0xFF, 0x80, 0x00, 0x03, 0xFF, 0xC0, 0x00, 0x01, 0xFF, 0xE0, 0x00,
  0x00, 0xFF, 0xF0, 0x00, 0x00, 0x7F, 0xF8, 0x00, 0x00, 0x3F, 0xFC, 0x00,
  0x00, 0x1F, 0xFE, 0x00, 0x00, 0x0F, 0xFF, 0x00, 0x00, 0x07, 0xFF, 0x80,
  0x00, 0x03, 0xFF, 0xC0, 0x0F, 0xFF, 0xFF, 0xFF, 0xFF, 0xFF, 0xFF, 0xFF,
  0xFF, 0xFF, 0xFF, 0xFF, 0xFF, 0xFF, 0xFF, 0xFF, 0xFF, 0xFF, 0xFF, 0xFF,
  0xFF, 0xFF, 0xFF, 0xFF, 0xFF, 0xFF, 0xFF, 0xFF, 0xFF, 0xFF, 0xFF, 0xFF,
  0xFF, 0xF0, 0x7F, 0xFF, 0xFF, 0xE0, 0x03, 0xFF, 0xFF, 0xFF, 0xF0, 0x1F,
  0xFF, 0xFF, 0xFF, 0xE0, 0xFF, 0xFF, 0xFF, 0xFF, 0x87, 0xFF, 0xFF, 0xFF,
  0xFE, 0x3F, 0xFF, 0xFF, 0xFF, 0xF1, 0xFF, 0xFF, 0xFF, 0xFF, 0xCF, 0xFF,
  0xFF, 0xFF, 0xFE, 0x7F, 0xFF, 0xFF, 0xFF, 0xF0, 0x00, 0x00, 0x0F, 0xFF,
  0xC0, 0x00, 0x00, 0x3F, 0xFE, 0x00, 0x00, 0x00, 0xFF, 0xF0, 0x00, 0x00,
  0x07, 0xFF, 0x80, 0x00, 0x00, 0x7F, 0xF8, 0x00, 0x00, 0x07, 0xFF, 0xC0,
  0x00, 0x00, 0xFF, 0xFE, 0x00, 0x00, 0x1F, 0xFF, 0xE0, 0x00, 0x03, 0xFF,
  0xFF, 0x00, 0x00, 0x7F, 0xFF, 0xF0, 0x00, 0x07, 0xFF, 0xFF, 0x00, 0x00,
  0xFF, 0xFF, 0xF0, 0x00, 0x1F, 0xFF, 0xFE, 0x00, 0x03, 0xFF, 0xFF, 0xE0,
  0x00, 0x3F, 0xFF, 0xFC, 0x00, 0x07, 0xFF, 0xFF, 0x80, 0x00, 0x7F, 0xFF,
  0xF8, 0x00, 0x07, 0xFF, 0xFF, 0x00, 0x00, 0x7F, 0xFF, 0xE0, 0x00, 0x03,
  0xFF, 0xFC, 0x00, 0x00, 0x3F, 0xFF, 0x80, 0x00, 0x01, 0xFF, 0xF0, 0x00,
  0x00, 0x1F, 0xFF, 0x00, 0x00, 0x00, 0xFF, 0xF8, 0x00, 0x00, 0x07, 0xFF,
  0x80, 0x00, 0x00, 0x3F, 0xFC, 0x00, 0x00, 0x01, 0xFF, 0xFF, 0xFF, 0xFF,
  0xEF, 0xFF, 0xFF, 0xFF, 0xFF, 0x7F, 0xFF, 0xFF, 0xFF, 0xFB, 0xFF, 0xFF,
  0xFF, 0xFF, 0xDF, 0xFF, 0xFF, 0xFF, 0xFE, 0xFF, 0xFF, 0xFF, 0xFF, 0xF7,
  0xFF, 0xFF, 0xFF, 0xFF, 0xBF, 0xFF, 0xFF, 0xFF, 0xFD, 0xFF, 0xFF, 0xFF,
  0xFF, 0xE0, 0xFF, 0xFF, 0xFF, 0xFF, 0xFF, 0xFF, 0xFF, 0xFF, 0xFF, 0xFF,
  0xFF, 0xFF, 0xFF, 0xFF, 0xFF, 0xFF, 0xFF, 0xFF, 0xFF, 0xFF, 0xFF, 0xFF,
  0xFF, 0xFF, 0xFF, 0xFF, 0xFF, 0xFF, 0xFF, 0xFF, 0xFF, 0xFF, 0xFF, 0xFF,
  0xFF, 0xFF, 0xFE, 0xFF, 0xFF, 0xFF, 0xFF, 0xE0, 0x00, 0x00, 0x7F, 0xFE,
  0x00, 0x00, 0x0F, 0xFF, 0xC0, 0x00, 0x00, 0xFF, 0xFC, 0x00, 0x00, 0x0F,
  0xFF, 0x80, 0x00, 0x01, 0xFF, 0xF8, 0x00, 0x00, 0x1F, 0xFF, 0x00, 0x00,
  0x01, 0xFF, 0xF0, 0x00, 0x00, 0x3F, 0xFF, 0x00, 0x00, 0x03, 0xFF, 0xE0,
  0x00, 0x00, 0x3F, 0xFF, 0xFC, 0x00, 0x03, 0xFF, 0xFF, 0xFC, 0x00, 0x3F,
  0xFF, 0xFF, 0xF8, 0x01, 0xFF, 0xFF, 0xFF, 0xE0, 0x0F, 0xFF, 0xFF, 0xFF,
  0x80, 0x7F, 0xFF, 0xFF, 0xFE, 0x01, 0xFF, 0xFF, 0xFF, 0xF0, 0x0F, 0xFF,
  0xFF, 0xFF, 0x80, 0x00, 0x00, 0xFF, 0xFE, 0x00, 0x00, 0x01, 0xFF, 0xF0,
  0x00, 0x00, 0x07, 0xFF, 0x80, 0x00, 0x00, 0x3F, 0xFC, 0x00, 0x00, 0x01,
  0xFF, 0xE0, 0x00, 0x00, 0x0F, 0xFF, 0x00, 0x00, 0x00, 0x7F, 0xF8, 0x00,
  0x00, 0x03, 0xFF, 0xC0, 0x00, 0x00, 0x3F, 0xFC, 0xFF, 0xFF, 0xFF, 0xFF,
  0xE7, 0xFF, 0xFF, 0xFF, 0xFF, 0x3F, 0xFF, 0xFF, 0xFF, 0xF9, 0xFF, 0xFF,
  0xFF, 0xFF, 0x8F, 0xFF, 0xFF, 0xFF, 0xF8, 0x7F, 0xFF, 0xFF, 0xFF, 0x83,
  0xFF, 0xFF, 0xFF, 0xF8, 0x1F, 0xFF, 0xFF, 0xFF, 0x00, 0xFF, 0xFF, 0xFF,
  0x80, 0x00, 0x00, 0x00, 0x00, 0x0C, 0x00, 0x00, 0x00, 0x00, 0x07, 0xFF,
  0x00, 0x00, 0x00, 0x00, 0x7F, 0xFE, 0x00, 0x00, 0x00, 0x07, 0xFF, 0xFC,
  0x00, 0x00, 0x00, 0x3F, 0xFF, 0xF8, 0x00, 0x00, 0x01, 0xFF, 0xFF, 0xF0,
  0x00, 0x00, 0x0F, 0xFF, 0xFF, 0xC0, 0x00, 0x00, 0x7F, 0xFF, 0xFF, 0x00,
  0x00, 0x01, 0xFF, 0xFF, 0xFE, 0x00, 0x00, 0x0F, 0xFF, 0xFF, 0xF8, 0x00,
  0x00, 0x7F, 0xFF, 0xFF, 0xE0, 0x00, 0x03, 0xFF, 0xE7, 0xFF, 0x80, 0x00,
  0x1F, 0xFF, 0x1F, 0xFE, 0x00, 0x00, 0x7F, 0xF8, 0x7F, 0xF8, 0x00, 0x03,
  0xFF, 0xE1, 0xFF, 0xE0, 0x00, 0x1F, 0xFF, 0x07, 0xFF, 0x80, 0x00, 0xFF,
  0xF8, 0x1F, 0xFE, 0x00, 0x07, 0xFF, 0xC0, 0x7F, 0xF8, 0x00, 0x1F, 0xFF,
  0x01, 0xFF, 0xE0, 0x00, 0xFF, 0xF8, 0x07, 0xFF, 0x80, 0x07, 0xFF, 0xC0,
  0x1F, 0xFE, 0x00, 0x3F, 0xFE, 0x00, 0x7F, 0xF8, 0x01, 0xFF, 0xF8, 0x01,
  0xFF, 0xE0, 0x07, 0xFF, 0xC0, 0x07, 0xFF, 0x80, 0x3F, 0xFE, 0x00, 0x1F,
  0xFE, 0x01, 0xFF, 0xF0, 0x00, 0x7F, 0xF8, 0x07, 0xFF, 0xC0, 0x01, 0xFF,
  0xE0, 0x1F, 0xFE, 0x00, 0x07, 0xFF, 0x80, 0xFF, 0xF8, 0x00, 0x1F, 0xFE,
  0x03, 0xFF, 0xF0, 0x00, 0x7F, 0xF8, 0x0F, 0xFF, 0xFF, 0xFF, 0xFF, 0xFF,
  0xFF, 0xFF, 0xFF, 0xFF, 0xFF, 0xFF, 0xFF, 0xFF, 0xFF, 0xFF, 0xFF, 0xFD,
  0xFF, 0xFF, 0xFF, 0xFF, 0xFF, 0xF7, 0xFF, 0xFF, 0xFF, 0xFF, 0xFF, 0xCF,
  0xFF, 0xFF, 0xFF, 0xFF, 0xFF, 0x0F, 0xFF, 0xFF, 0xFF, 0xFF, 0xFC, 0x0F,
  0xFF, 0xFF, 0xFF, 0xFF, 0xF0, 0x00, 0x00, 0x01, 0xFF, 0xE0, 0x00, 0x00,
  0x00, 0x07, 0xFF, 0x80, 0x00, 0x00, 0x00, 0x1F, 0xFE, 0x00, 0x00, 0x00,
  0x00, 0x7F, 0xF8, 0x00, 0x00, 0x00, 0x01, 0xFF, 0xE0, 0x00, 0x00, 0x00,
  0x07, 0xFF, 0x80, 0x00, 0x00, 0x00, 0x1F, 0xFE, 0x00, 0xFF, 0xFF, 0xFF,
  0xFF, 0xF7, 0xFF, 0xFF, 0xFF, 0xFF, 0xBF, 0xFF, 0xFF, 0xFF, 0xFD, 0xFF,
  0xFF, 0xFF, 0xFF, 0xEF, 0xFF, 0xFF, 0xFF, 0xFF, 0x7F, 0xFF, 0xFF, 0xFF,
  0xFB, 0xFF, 0xFF, 0xFF, 0xFF, 0xDF, 0xFF, 0xFF, 0xFF, 0xFE, 0xFF, 0xFF,
  0xFF, 0xFF, 0xF7, 0xFF, 0xFF, 0xFF, 0xFF, 0xBF, 0xF8, 0x00, 0x00, 0x01,
  0xFF, 0xC0, 0x00, 0x00, 0x0F, 0xFE, 0x00, 0x00, 0x00, 0x7F, 0xF0, 0x00,
  0x00, 0x03, 0xFF, 0x80, 0x00, 0x00, 0x1F, 0xFC, 0x00, 0x00, 0x00, 0xFF,
  0xFF, 0xFF, 0xE0, 0x07, 0xFF, 0xFF, 0xFF, 0xF0, 0x3F, 0xFF, 0xFF, 0xFF,
  0xC1, 0xFF, 0xFF, 0xFF, 0xFF, 0x0F, 0xFF, 0xFF, 0xFF, 0xFC, 0x7F, 0xFF,
  0xFF, 0xFF, 0xF3, 0xFF, 0xFF, 0xFF, 0xFF, 0x9F, 0xFF, 0xFF, 0xFF, 0xFE,
  0xFF, 0xFF, 0xFF, 0xFF, 0xF0, 0x00, 0x00, 0x0F, 0xFF, 0x80, 0x00, 0x00,
  0x3F, 0xFC, 0x00, 0x00, 0x00, 0xFF, 0xF0, 0x00, 0x00, 0x07, 0xFF, 0x80,
  0x00, 0x00, 0x3F, 0xFC, 0x00, 0x00, 0x01, 0xFF, 0xE0, 0x00, 0x00, 0x0F,
  0xFF, 0x00, 0x00, 0x00, 0x7F, 0xF8, 0x00, 0x00, 0x07, 0xFF, 0x80, 0x00,
  0x00, 0x7F, 0xFD, 0xFF, 0xFF, 0xFF, 0xFF, 0xEF, 0xFF, 0xFF, 0xFF, 0xFF,
  0x7F, 0xFF, 0xFF, 0xFF, 0xF3, 0xFF, 0xFF, 0xFF, 0xFF, 0x9F, 0xFF, 0xFF,
  0xFF, 0xF8, 0xFF, 0xFF, 0xFF, 0xFF, 0x87, 0xFF, 0xFF, 0xFF, 0xF8, 0x3F,
  0xFF, 0xFF, 0xFF, 0x01, 0xFF, 0xFF, 0xFF, 0xC0, 0x00, 0x00, 0x01, 0xFF,
  0xFF, 0xFC, 0x00, 0x1F, 0xFF, 0xFF, 0xFC, 0x00, 0x7F, 0xFF, 0xFF, 0xFC,
  0x01, 0xFF, 0xFF, 0xFF, 0xFC, 0x07, 0xFF, 0xFF, 0xFF, 0xFC, 0x0F, 0xFF,
  0xFF, 0xFF, 0xFC, 0x1F, 0xFF, 0xFF, 0xFF, 0xFC, 0x1F, 0xFF, 0xFF, 0xFF,
  0xFC, 0x3F, 0xFF, 0xF0, 0x00, 0x00, 0x3F, 0xFE, 0x00, 0x00, 0x00, 0x7F,
  0xF8, 0x00, 0x00, 0x00, 0x7F, 0xF8, 0x00, 0x00, 0x00, 0x7F, 0xF0, 0x00,
  0x00, 0x00, 0xFF, 0xF0, 0x00, 0x00, 0x00, 0xFF, 0xF0, 0x00, 0x00, 0x00,
  0xFF, 0xF0, 0x00, 0x00, 0x00, 0xFF, 0xF0, 0x00, 0x00, 0x00, 0xFF, 0xFF,
  0xFF, 0xFE, 0x00, 0xFF, 0xFF, 0xFF, 0xFF, 0x80, 0xFF, 0xFF, 0xFF, 0xFF,
  0xE0, 0xFF, 0xFF, 0xFF, 0xFF, 0xF0, 0xFF, 0xFF, 0xFF, 0xFF, 0xF8, 0xFF,
  0xFF, 0xFF, 0xFF, 0xFC, 0xFF, 0xFF, 0xFF, 0xFF, 0xFC, 0xFF, 0xFF, 0xFF,
  0xFF, 0xFE, 0xFF, 0xF0, 0x00, 0x7F, 0xFE, 0xFF, 0xF0, 0x00, 0x1F, 0xFE,
  0xFF, 0xF0, 0x00, 0x1F, 0xFE, 0xFF, 0xF0, 0x00, 0x0F, 0xFF, 0xFF, 0xF0,
  0x00, 0x0F, 0xFF, 0xFF, 0xF0, 0x00, 0x0F, 0xFF, 0xFF, 0xF0, 0x00, 0x0F,
  0xFF, 0x7F, 0xF0, 0x00, 0x1F, 0xFE, 0x7F, 0xF8, 0x00, 0x1F, 0xFE, 0x7F,
  0xFC, 0x00, 0x3F, 0xFE, 0x3F, 0xFF, 0xE3, 0xFF, 0xFE, 0x3F, 0xFF, 0xFF,
  0xFF, 0xFC, 0x1F, 0xFF, 0xFF, 0xFF, 0xFC, 0x0F, 0xFF, 0xFF, 0xFF, 0xF8,
  0x0F, 0xFF, 0xFF, 0xFF, 0xF0, 0x03, 0xFF, 0xFF, 0xFF, 0xE0, 0x01, 0xFF,
  0xFF, 0xFF, 0xC0, 0x00, 0x7F, 0xFF, 0xFF, 0x00, 0x00, 0x07, 0xFF, 0xF0,
  0x00, 0xFF, 0xFF, 0xFF, 0xFE, 0x07, 0xFF, 0xFF, 0xFF, 0xFC, 0x3F, 0xFF,
  0xFF, 0xFF, 0xF1, 0xFF, 0xFF, 0xFF, 0xFF, 0xCF, 0xFF, 0xFF, 0xFF, 0xFF,
  0x7F, 0xFF, 0xFF, 0xFF, 0xFB, 0xFF, 0xFF, 0xFF, 0xFF, 0xDF, 0xFF, 0xFF,
  0xFF, 0xFF, 0x00, 0x00, 0x01, 0xFF, 0xF8, 0x00, 0x00, 0x07, 0xFF, 0x80,
  0x00, 0x00, 0x3F, 0xFC, 0x00, 0x00, 0x01, 0xFF, 0xE0, 0x00, 0x00, 0x1F,
  0xFF, 0x00, 0x00, 0x00, 0xFF, 0xF0, 0x00, 0x00, 0x0F, 0xFF, 0x80, 0x00,
  0x00, 0xFF, 0xF8, 0x00, 0x00, 0x07, 0xFF, 0xC0, 0x00, 0x00, 0x7F, 0xFC,
  0x00, 0x00, 0x03, 0xFF, 0xE0, 0x00, 0x00, 0x3F, 0xFE, 0x00, 0x00, 0x03,
  0xFF, 0xE0, 0x00, 0x00, 0x1F, 0xFF, 0x00, 0x00, 0x01, 0xFF, 0xF0, 0x00,
  0x00, 0x0F, 0xFF, 0x80, 0x00, 0x00, 0xFF, 0xF8, 0x00, 0x00, 0x07, 0xFF,
  0x80, 0x00, 0x00, 0x7F, 0xFC, 0x00, 0x00, 0x07, 0xFF, 0xC0, 0x00, 0x00,
  0x3F, 0xFE, 0x00, 0x00, 0x03, 0xFF, 0xE0, 0x00, 0x00, 0x1F, 0xFE, 0x00,
  0x00, 0x01, 0xFF, 0xF0, 0x00, 0x00, 0x1F, 0xFF, 0x00, 0x00, 0x00, 0xFF,
  0xF8, 0x00, 0x00, 0x0F, 0xFF, 0x80, 0x00, 0x00, 0x7F, 0xF8, 0x00, 0x00,
  0x07, 0xFF, 0xC0, 0x00, 0x00, 0x7F, 0xFC, 0x00, 0x00, 0x03, 0xFF, 0xE0,
  0x00, 0x00, 0x3F, 0xFE, 0x00, 0x00, 0x01, 0xFF, 0xE0, 0x00, 0x00, 0x1F,
  0xFF, 0x00, 0x00, 0x01, 0xFF, 0xF0, 0x00, 0x00, 0x0F, 0xFF, 0x80, 0x00,
  0x00, 0x00, 0x00, 0x18, 0x00, 0x00, 0x00, 0x3F, 0xFF, 0xFE, 0x00, 0x01,
  0xFF, 0xFF, 0xFF, 0x80, 0x07, 0xFF, 0xFF, 0xFF, 0xE0, 0x0F, 0xFF, 0xFF,
  0xFF, 0xF0, 0x1F, 0xFF, 0xFF, 0xFF, 0xF8, 0x3F, 0xFF, 0xFF, 0xFF, 0xFC,
  0x3F, 0xFF, 0xFF, 0xFF, 0xFC, 0x7F, 0xFF, 0xFF, 0xFF, 0xFE, 0x7F, 0xFC,
  0x00, 0x3F, 0xFE, 0x7F, 0xF8, 0x00, 0x1F, 0xFE, 0x7F, 0xF0, 0x00, 0x0F,
  0xFE, 0x7F, 0xF0, 0x00, 0x0F, 0xFE, 0x7F, 0xF0, 0x00, 0x0F, 0xFE, 0x7F,
  0xF0, 0x00, 0x0F, 0xFE, 0x7F, 0xF0, 0x00, 0x0F, 0xFE, 0x7F, 0xF8, 0x00,
  0x0F, 0xFE, 0x3F, 0xF8, 0x00, 0x1F, 0xFC, 0x3F, 0xFF, 0xC3, 0xFF, 0xFC,
  0x1F, 0xFF, 0xFF, 0xFF, 0xF8, 0x0F, 0xFF, 0xFF, 0xFF, 0xF0, 0x07, 0xFF,
  0xFF, 0xFF, 0xE0, 0x01, 0xFF, 0xFF, 0xFF, 0x80, 0x03, 0xFF, 0xFF, 0xFF,
  0xC0, 0x0F, 0xFF, 0xFF, 0xFF, 0xF0, 0x1F, 0xFF, 0xFF, 0xFF, 0xF8, 0x3F,
  0xFF, 0xFF, 0xFF, 0xFC, 0x7F, 0xF8, 0x00, 0x1F, 0xFE, 0xFF, 0xF0, 0x00,
  0x0F, 0xFF, 0xFF, 0xE0, 0x00, 0x07, 0xFF, 0xFF, 0xE0, 0x00, 0x07, 0xFF,
  0xFF, 0xE0, 0x00, 0x07, 0xFF, 0xFF, 0xE0, 0x00, 0x07, 0xFF, 0xFF, 0xE0,
  0x00, 0x07, 0xFF, 0xFF, 0xE0, 0x00, 0x07, 0xFF, 0xFF, 0xF0, 0x00, 0x0F,
  0xFF, 0xFF, 0xF8, 0x00, 0x1F, 0xFF, 0xFF, 0xFF, 0xFF, 0xFF, 0xFF, 0xFF,
  0xFF, 0xFF, 0xFF, 0xFF, 0x7F, 0xFF, 0xFF, 0xFF, 0xFE, 0x3F, 0xFF, 0xFF,
  0xFF, 0xFC, 0x1F, 0xFF, 0xFF, 0xFF, 0xFC, 0x0F, 0xFF, 0xFF, 0xFF, 0xF0,
  0x03, 0xFF, 0xFF, 0xFF, 0xC0, 0x00, 0x7F, 0xFF, 0xFE, 0x00, 0x00, 0x00,
  0x7E, 0x00, 0x00, 0x00, 0x0F, 0xFF, 0xE0, 0x00, 0x00, 0xFF, 0xFF, 0xFC,
  0x00, 0x03, 0xFF, 0xFF, 0xFF, 0x80, 0x0F, 0xFF, 0xFF, 0xFF, 0xC0, 0x1F,
  0xFF, 0xFF, 0xFF, 0xE0, 0x3F, 0xFF, 0xFF, 0xFF, 0xF0, 0x3F, 0xFF, 0xFF,
  0xFF, 0xF8, 0x7F, 0xFF, 0xFF, 0xFF, 0xFC, 0x7F, 0xFF, 0xC7, 0xFF, 0xFC,
  0x7F, 0xFC, 0x00, 0x3F, 0xFE, 0x7F, 0xF8, 0x00, 0x1F, 0xFE, 0xFF, 0xF0,
  0x00, 0x1F, 0xFE, 0xFF, 0xF0, 0x00, 0x0F, 0xFE, 0xFF, 0xF0, 0x00, 0x0F,
  0xFF, 0xFF, 0xF0, 0x00, 0x0F, 0xFF, 0xFF, 0xF0, 0x00, 0x0F, 0xFF, 0xFF,
  0xF8, 0x00, 0x0F, 0xFF, 0x7F, 0xF8, 0x00, 0x0F, 0xFF, 0x7F, 0xFF, 0xC0,
  0x0F, 0xFF, 0x7F, 0xFF, 0xFF, 0xFF, 0xFF, 0x3F, 0xFF, 0xFF, 0xFF, 0xFF,
  0x3F, 0xFF, 0xFF, 0xFF, 0xFF, 0x1F, 0xFF, 0xFF, 0xFF, 0xFF, 0x0F, 0xFF,
  0xFF, 0xFF, 0xFF, 0x07, 0xFF, 0xFF, 0xFF, 0xFF, 0x01, 0xFF, 0xFF, 0xFF,
  0xFF, 0x00, 0x1F, 0xFF, 0xFF, 0xFF, 0x00, 0x00, 0x00, 0x0F, 0xFF, 0x00,
  0x00, 0x00, 0x0F, 0xFF, 0x00, 0x00, 0x00, 0x0F, 0xFF, 0x00, 0x00, 0x00,
  0x0F, 0xFE, 0x00, 0x00, 0x00, 0x1F, 0xFE, 0x00, 0x00, 0x00, 0x1F, 0xFE,
  0x00, 0x00, 0x00, 0x3F, 0xFE, 0x00, 0x00, 0x00, 0x7F, 0xFC, 0x00, 0x00,
  0x0F, 0xFF, 0xFC, 0x3F, 0xFF, 0xFF, 0xFF, 0xF8, 0x3F, 0xFF, 0xFF, 0xFF,
  0xF0, 0x3F, 0xFF, 0xFF, 0xFF, 0xE0, 0x3F, 0xFF, 0xFF, 0xFF, 0xC0, 0x3F,
  0xFF, 0xFF, 0xFF, 0x80, 0x3F, 0xFF, 0xFF, 0xFE, 0x00, 0x3F, 0xFF, 0xFF,
  0xF8, 0x00, 0x3F, 0xFF, 0xFF, 0x80, 0x00, 0xFF, 0xFF, 0xFF, 0xFF, 0xFF,
  0xFF, 0xFF, 0xFF, 0xFF, 0xFF, 0xFF, 0xFF, 0xFF, 0xFF, 0xFF, 0xFF, 0xFF,
  0xFF, 0x1F, 0xFC, 0x7F, 0xF1, 0xFF, 0xC7, 0xFF, 0x1F, 0xFC, 0x7F, 0xF1,
  0xFF, 0xC7, 0xFF, 0x1F, 0xFC, 0x7F, 0xF1, 0xFF, 0xC7, 0xFF, 0x1F, 0xFC,
  0x7F, 0xF3, 0xFF, 0x8F, 0xFE, 0x3F, 0xF1, 0xFF, 0xCF, 0xFE, 0x00, 0x00,
  0x00, 0x10, 0x00, 0x03, 0x00, 0x00, 0x70, 0x00, 0x1F, 0x00, 0x07, 0xF0,
  0x00, 0xFF, 0x00, 0x3F, 0xF0, 0x0F, 0xFF, 0x01, 0xFF, 0xF0, 0x7F, 0xFF,
  0x1F, 0xFF, 0xF3, 0xFF, 0xFC, 0x7F, 0xFF, 0x87, 0xFF, 0xE0, 0xFF, 0xF8,
  0x0F, 0xFE, 0x00, 0xFF, 0xF0, 0x0F, 0xFF, 0x80, 0x7F, 0xFE, 0x03, 0xFF,
  0xF8, 0x1F, 0xFF, 0xE0, 0xFF, 0xFF, 0x03, 0xFF, 0xF0, 0x1F, 0xFF, 0x00,
  0x7F, 0xF0, 0x01, 0xFF, 0x00, 0x0F, 0xF0, 0x00, 0x3F, 0x00, 0x01, 0xF0,
  0x00, 0x07, 0x00, 0x00, 0x10, 0xFF, 0xFF, 0xFF, 0xFF, 0xFF, 0xFF, 0xFF,
  0xFF, 0xFF, 0xFF, 0xFF, 0xFF, 0xFF, 0xFF, 0xFF, 0xFF, 0xFF, 0xFF, 0xFF,
  0xFF, 0xFF, 0xFF, 0xFF, 0xFF, 0xFF, 0xFF, 0xFF, 0xFF, 0x80, 0x00, 0x00,
  0x00, 0x00, 0x00, 0x00, 0x00, 0x00, 0x00, 0x00, 0x00, 0x00, 0x00, 0x00,
  0x00, 0x00, 0x00, 0x00, 0x00, 0x00, 0x00, 0xFF, 0xFF, 0xFF, 0xFF, 0xFF,
  0xFF, 0xFF, 0xFF, 0xFF, 0xFF, 0xFF, 0xFF, 0xFF, 0xFF, 0xFF, 0xFF, 0xFF,
  0xFF, 0xFF, 0xFF, 0xFF, 0xFF, 0xFF, 0xFF, 0xFF, 0xFF, 0xFF, 0xFF, 0x80,
  0x80, 0x00, 0x10, 0x00, 0x03, 0x80, 0x00, 0x7C, 0x00, 0x0F, 0xC0, 0x01,
  0xFE, 0x00, 0x3F, 0xF0, 0x07, 0xFF, 0x00, 0xFF, 0xF8, 0x1F, 0xFF, 0xC3,
  0xFF, 0xFC, 0x3F, 0xFF, 0xC1, 0xFF, 0xFC, 0x0F, 0xFF, 0xC0, 0x7F, 0xF8,
  0x03, 0xFF, 0x00, 0xFF, 0xE0, 0x7F, 0xFC, 0x3F, 0xFF, 0x8F, 0xFF, 0xE7,
  0xFF, 0xF9, 0xFF, 0xFE, 0x3F, 0xFF, 0x07, 0xFF, 0x80, 0xFF, 0xE0, 0x1F,
  0xF0, 0x03, 0xF8, 0x00, 0x7E, 0x00, 0x0F, 0x00, 0x01, 0xC0, 0x00, 0x20,
  0x00, 0x00, 0xFF, 0xFF, 0xF0, 0x01, 0xFF, 0xFF, 0xFC, 0x03, 0xFF, 0xFF,
  0xFE, 0x07, 0xFF, 0xFF, 0xFF, 0x0F, 0xFF, 0xFF, 0xFF, 0x1F, 0xFF, 0xFF,
  0xFF, 0x3F, 0xFF, 0xFF, 0xFE, 0x7F, 0xFF, 0xFF, 0xFE, 0xFF, 0xFF, 0xFF,
  0xFC, 0x00, 0x00, 0x7F, 0xF8, 0x00, 0x00, 0x7F, 0xF8, 0x00, 0x00, 0x7F,
  0xF0, 0x00, 0x00, 0xFF, 0xE0, 0x00, 0x01, 0xFF, 0xC0, 0x00, 0x03, 0xFF,
  0x80, 0x00, 0x07, 0xFF, 0x00, 0x00, 0x1F, 0xFE, 0x00, 0x00, 0x7F, 0xF8,
  0x0F, 0xFF, 0xFF, 0xF0, 0x1F, 0xFF, 0xFF, 0xE0, 0x3F, 0xFF, 0xFF, 0x80,
  0x7F, 0xFF, 0xFF, 0x00, 0xFF, 0xFF, 0xFC, 0x01, 0xFF, 0xFF, 0xF0, 0x03,
  0xFF, 0xFF, 0x80, 0x07, 0xFF, 0xFC, 0x00, 0x0F, 0xFF, 0x80, 0x00, 0x00,
  0x00, 0x00, 0x00, 0x00, 0x00, 0x00, 0x00, 0x00, 0x00, 0x00, 0x00, 0x00,
  0x00, 0x00, 0x00, 0x00, 0x00, 0x00, 0x03, 0xFF, 0xC0, 0x00, 0x07, 0xFF,
  0x80, 0x00, 0x0F, 0xFF, 0x00, 0x00, 0x1F, 0xFE, 0x00, 0x00, 0x3F, 0xFC,
  0x00, 0x00, 0x7F, 0xF8, 0x00, 0x00, 0xFF, 0xF0, 0x00, 0x01, 0xFF, 0xE0,
  0x00, 0x03, 0xFF, 0xC0, 0x00, 0x07, 0xFF, 0x80, 0x00, 0x0F, 0xFF, 0x00,
  0x00, 0x1F, 0xFE, 0x00, 0x00, 0xFF, 0xFF, 0xFF, 0xFC, 0x00, 0x1F, 0xFF,
  0xFF, 0xFF, 0xF0, 0x03, 0xFF, 0xFF, 0xFF, 0xFF, 0x80, 0x7F, 0xFF, 0xFF,
  0xFF, 0xFC, 0x0F, 0xFF, 0xFF, 0xFF, 0xFF, 0xC1, 0xFF, 0xFF, 0xFF, 0xFF,
  0xFC, 0x3F, 0xFF, 0xFF, 0xFF, 0xFF, 0xC7, 0xFF, 0xFF, 0xFF, 0xFF, 0xF8,
  0xFF, 0xFF, 0xFF, 0xFF, 0xFF, 0x9F, 0xFF, 0xFF, 0xFF, 0xFF, 0xF0, 0x00,
  0x00, 0x00, 0x1F, 0xFF, 0x00, 0x00, 0x00, 0x00, 0xFF, 0xE0, 0x00, 0x00,
  0x00, 0x0F, 0xFC, 0x00, 0x00, 0x00, 0x01, 0xFF, 0x80, 0x00, 0x00, 0x00,
  0x1F, 0xF8, 0x03, 0xFF, 0xFF, 0x03, 0xFF, 0x03, 0xFF, 0xFF, 0xE0, 0x7F,
  0xE1, 0xFF, 0xFF, 0xFC, 0x0F, 0xFC, 0x7F, 0xFF, 0xFF, 0x81, 0xFF, 0x9F,
  0xFF, 0xFF, 0xF0, 0x3F, 0xF7, 0xFF, 0xFF, 0xFE, 0x07, 0xFE, 0xFF, 0xFF,
  0xFF, 0xC0, 0xFF, 0xFF, 0xFF, 0xFF, 0xF8, 0x1F, 0xFF, 0xFF, 0xC1, 0xFF,
  0x03, 0xFF, 0xFF, 0xC0, 0x3F, 0xE0, 0x7F, 0xFF, 0xF0, 0x07, 0xFC, 0x0F,
  0xFF, 0xFE, 0x00, 0xFF, 0x81, 0xFF, 0xFF, 0xC0, 0x1F, 0xF0, 0x3F, 0xFF,
  0xF8, 0x03, 0xFE, 0x07, 0xFF, 0xFF, 0x00, 0x7F, 0xC0, 0xFF, 0xFF, 0xE0,
  0x0F, 0xF8, 0x1F, 0xFF, 0xFC, 0x01, 0xFF, 0x03, 0xFF, 0xFF, 0xC0, 0x3F,
  0xE0, 0x7F, 0xFF, 0xFF, 0x07, 0xFC, 0x0F, 0xFF, 0xFF, 0xFF, 0xFF, 0xFF,
  0xFF, 0xBF, 0xFF, 0xFF, 0xFF, 0xFF, 0xF7, 0xFF, 0xFF, 0xFF, 0xFF, 0xFE,
  0x7F, 0xFF, 0xFF, 0xFF, 0xFF, 0xC7, 0xFF, 0xFF, 0xFF, 0xFF, 0xF8, 0x7F,
  0xFF, 0xFF, 0xFF, 0xFF, 0x03, 0xFF, 0xFF, 0xFF, 0xFF, 0xE0, 0x0F, 0xFF,
  0xFF, 0xFF, 0xFC, 0x00, 0x00, 0x00, 0x20, 0x00, 0x00, 0x00, 0x00, 0x00,
  0x7F, 0xE0, 0x00, 0x00, 0x00, 0x00, 0x0F, 0xFF, 0x80, 0x00, 0x00, 0x00,
  0x01, 0xFF, 0xFC, 0x00, 0x00, 0x00, 0x00, 0x3F, 0xFF, 0xE0, 0x00, 0x00,
  0x00, 0x07, 0xFF, 0xFE, 0x00, 0x00, 0x00, 0x00, 0xFF, 0xFF, 0xF0, 0x00,
  0x00, 0x00, 0x0F, 0xFF, 0xFF, 0x80, 0x00, 0x00, 0x01, 0xFF, 0xFF, 0xF8,
  0x00, 0x00, 0x00, 0x1F, 0xFF, 0xFF, 0x80, 0x00, 0x00, 0x01, 0xFF, 0xFF,
  0xFC, 0x00, 0x00, 0x00, 0x3F, 0xF9, 0xFF, 0xC0, 0x00, 0x00, 0x03, 0xFF,
  0x9F, 0xFE, 0x00, 0x00, 0x00, 0x7F, 0xF0, 0xFF, 0xE0, 0x00, 0x00, 0x07,
  0xFF, 0x0F, 0xFF, 0x00, 0x00, 0x00, 0xFF, 0xF0, 0x7F, 0xF0, 0x00, 0x00,
  0x0F, 0xFE, 0x07, 0xFF, 0x00, 0x00, 0x00, 0xFF, 0xE0, 0x7F, 0xF8, 0x00,
  0x00, 0x1F, 0xFC, 0x03, 0xFF, 0x80, 0x00, 0x01, 0xFF, 0xC0, 0x3F, 0xFC,
  0x00, 0x00, 0x3F, 0xFC, 0x03, 0xFF, 0xC0, 0x00, 0x03, 0xFF, 0x80, 0x1F,
  0xFC, 0x00, 0x00, 0x3F, 0xF8, 0x01, 0xFF, 0xE0, 0x00, 0x07, 0xFF, 0x80,
  0x0F, 0xFE, 0x00, 0x00, 0x7F, 0xF0, 0x00, 0xFF, 0xF0, 0x00, 0x0F, 0xFF,
  0x00, 0x0F, 0xFF, 0x00, 0x00, 0xFF, 0xE0, 0x00, 0x7F, 0xF0, 0x00, 0x0F,
  0xFF, 0xFF, 0xFF, 0xFF, 0x80, 0x01, 0xFF, 0xFF, 0xFF, 0xFF, 0xF8, 0x00,
  0x1F, 0xFF, 0xFF, 0xFF, 0xFF, 0xC0, 0x03, 0xFF, 0xFF, 0xFF, 0xFF, 0xFC,
  0x00, 0x3F, 0xFF, 0xFF, 0xFF, 0xFF, 0xC0, 0x07, 0xFF, 0xFF, 0xFF, 0xFF,
  0xFE, 0x00, 0x7F, 0xFF, 0xFF, 0xFF, 0xFF, 0xE0, 0x07, 0xFF, 0xFF, 0xFF,
  0xFF, 0xFF, 0x00, 0xFF, 0xFF, 0xFF, 0xFF, 0xFF, 0xF0, 0x0F, 0xFE, 0x00,
  0x00, 0x07, 0xFF, 0x81, 0xFF, 0xE0, 0x00, 0x00, 0x7F, 0xF8, 0x1F, 0xFE,
  0x00, 0x00, 0x07, 0xFF, 0x81, 0xFF, 0xC0, 0x00, 0x00, 0x3F, 0xFC, 0x3F,
  0xFC, 0x00, 0x00, 0x03, 0xFF, 0xC3, 0xFF, 0xC0, 0x00, 0x00, 0x3F, 0xFE,
  0x7F, 0xF8, 0x00, 0x00, 0x01, 0xFF, 0xE7, 0xFF, 0x80, 0x00, 0x00, 0x1F,
  0xFE, 0xFF, 0xF0, 0x00, 0x00, 0x00, 0xFF, 0xF0, 0xFF, 0xFF, 0xFF, 0xF8,
  0x00, 0x7F, 0xFF, 0xFF, 0xFF, 0xE0, 0x3F, 0xFF, 0xFF, 0xFF, 0xFC, 0x1F,
  0xFF, 0xFF, 0xFF, 0xFF, 0x0F, 0xFF, 0xFF, 0xFF, 0xFF, 0xC7, 0xFF, 0xFF,
  0xFF, 0xFF, 0xF3, 0xFF, 0xFF, 0xFF, 0xFF, 0xF9, 0xFF, 0xFF, 0xFF, 0xFF,
  0xFC, 0xFF, 0xF0, 0x01, 0xFF, 0xFF, 0x7F, 0xF8, 0x00, 0x0F, 0xFF, 0xBF,
  0xFC, 0x00, 0x03, 0xFF, 0xDF, 0xFE, 0x00, 0x01, 0xFF, 0xEF, 0xFF, 0x00,
  0x00, 0xFF, 0xF7, 0xFF, 0x80, 0x00, 0x7F, 0xFB, 0xFF, 0xC0, 0x00, 0x3F,
  0xFD, 0xFF, 0xE0, 0x00, 0x1F, 0xFE, 0xFF, 0xF0, 0x00, 0x1F, 0xFE, 0x7F,
  0xF8, 0x00, 0xFF, 0xFF, 0x3F, 0xFF, 0xFF, 0xFF, 0xFF, 0x1F, 0xFF, 0xFF,
  0xFF, 0xFF, 0x0F, 0xFF, 0xFF, 0xFF, 0xFF, 0x07, 0xFF, 0xFF, 0xFF, 0xFC,
  0x03, 0xFF, 0xFF, 0xFF, 0xFF, 0x81, 0xFF, 0xFF, 0xFF, 0xFF, 0xF0, 0xFF,
  0xFF, 0xFF, 0xFF, 0xFC, 0x7F, 0xFF, 0xFF, 0xFF, 0xFF, 0x3F, 0xFC, 0x00,
  0x07, 0xFF, 0xDF, 0xFE, 0x00, 0x01, 0xFF, 0xEF, 0xFF, 0x00, 0x00, 0x7F,
  0xFF, 0xFF, 0x80, 0x00, 0x3F, 0xFF, 0xFF, 0xC0, 0x00, 0x1F, 0xFF, 0xFF,
  0xE0, 0x00, 0x0F, 0xFF, 0xFF, 0xF0, 0x00, 0x07, 0xFF, 0xFF, 0xF8, 0x00,
  0x03, 0xFF, 0xFF, 0xFC, 0x00, 0x03, 0xFF, 0xFF, 0xFE, 0x00, 0x1F, 0xFF,
  0xFF, 0xFF, 0xFF, 0xFF, 0xFF, 0xF7, 0xFF, 0xFF, 0xFF, 0xFF, 0xFB, 0xFF,
  0xFF, 0xFF, 0xFF, 0xFD, 0xFF, 0xFF, 0xFF, 0xFF, 0xFC, 0xFF, 0xFF, 0xFF,
  0xFF, 0xFC, 0x7F, 0xFF, 0xFF, 0xFF, 0xF8, 0x3F, 0xFF, 0xFF, 0xFF, 0xF0,
  0x1F, 0xFF, 0xFF, 0xFF, 0x80, 0x00, 0x00, 0x00, 0xFF, 0xFF, 0xFC, 0x00,
  0x1F, 0xFF, 0xFF, 0xF8, 0x01, 0xFF, 0xFF, 0xFF, 0xF0, 0x07, 0xFF, 0xFF,
  0xFF, 0xE0, 0x3F, 0xFF, 0xFF, 0xFF, 0xC0, 0xFF, 0xFF, 0xFF, 0xFF, 0x83,
  0xFF, 0xFF, 0xFF, 0xFF, 0x07, 0xFF, 0xFF, 0xFF, 0xFE, 0x1F, 0xFF, 0xFF,
  0xFF, 0xFC, 0x7F, 0xFF, 0xFF, 0xFF, 0xF8, 0xFF, 0xFF, 0x00, 0x00, 0x03,
  0xFF, 0xF0, 0x00, 0x00, 0x07, 0xFF, 0xC0, 0x00, 0x00, 0x0F, 0xFF, 0x80,
  0x00, 0x00, 0x1F, 0xFE, 0x00, 0x00, 0x00, 0x3F, 0xFC, 0x00, 0x00, 0x00,
  0xFF, 0xF8, 0x00, 0x00, 0x01, 0xFF, 0xF0, 0x00, 0x00, 0x03, 0xFF, 0xE0,
  0x00, 0x00, 0x07, 0xFF, 0xC0, 0x00, 0x00, 0x0F, 0xFF, 0x80, 0x00, 0x00,
  0x1F, 0xFF, 0x00, 0x00, 0x00, 0x3F, 0xFE, 0x00, 0x00, 0x00, 0x7F, 0xFC,
  0x00, 0x00, 0x00, 0xFF, 0xF8, 0x00, 0x00, 0x01, 0xFF, 0xF0, 0x00, 0x00,
  0x03, 0xFF, 0xE0, 0x00, 0x00, 0x07, 0xFF, 0xC0, 0x00, 0x00, 0x07, 0xFF,
  0x80, 0x00, 0x00, 0x0F, 0xFF, 0x00, 0x00, 0x00, 0x1F, 0xFF, 0x00, 0x00,
  0x00, 0x3F, 0xFE, 0x00, 0x00, 0x00, 0x7F, 0xFE, 0x00, 0x00, 0x00, 0x7F,
  0xFF, 0x80, 0x00, 0x00, 0xFF, 0xFF, 0xFF, 0xFF, 0xF8, 0xFF, 0xFF, 0xFF,
  0xFF, 0xF0, 0xFF, 0xFF, 0xFF, 0xFF, 0xE1, 0xFF, 0xFF, 0xFF, 0xFF, 0xC1,
  0xFF, 0xFF, 0xFF, 0xFF, 0x81, 0xFF, 0xFF, 0xFF, 0xFF, 0x00, 0xFF, 0xFF,
  0xFF, 0xFE, 0x00, 0xFF, 0xFF, 0xFF, 0xFC, 0x00, 0x3F, 0xFF, 0xFF, 0xF8,
  0x00, 0x0F, 0xFF, 0xFF, 0xF0, 0xFF, 0xFF, 0xFF, 0xF8, 0x00, 0x0F, 0xFF,
  0xFF, 0xFF, 0xF0, 0x00, 0xFF, 0xFF, 0xFF, 0xFF, 0xE0, 0x0F, 0xFF, 0xFF,
  0xFF, 0xFF, 0x00, 0xFF, 0xFF, 0xFF, 0xFF, 0xFC, 0x0F, 0xFF, 0xFF, 0xFF,
  0xFF, 0xE0, 0xFF, 0xFF, 0xFF, 0xFF, 0xFF, 0x0F, 0xFF, 0xFF, 0xFF, 0xFF,
  0xF0, 0xFF, 0xFF, 0xFF, 0xFF, 0xFF, 0x8F, 0xFF, 0x00, 0x03, 0xFF, 0xFC,
  0xFF, 0xF0, 0x00, 0x07, 0xFF, 0xCF, 0xFF, 0x00, 0x00, 0x3F, 0xFC, 0xFF,
  0xF0, 0x00, 0x03, 0xFF, 0xEF, 0xFF, 0x00, 0x00, 0x1F, 0xFE, 0xFF, 0xF0,
  0x00, 0x01, 0xFF, 0xEF, 0xFF, 0x00, 0x00, 0x1F, 0xFE, 0xFF, 0xF0, 0x00,
  0x01, 0xFF, 0xEF, 0xFF, 0x00, 0x00, 0x1F, 0xFF, 0xFF, 0xF0, 0x00, 0x01,
  0xFF, 0xFF, 0xFF, 0x00, 0x00, 0x1F, 0xFF, 0xFF, 0xF0, 0x00, 0x01, 0xFF,
  0xFF, 0xFF, 0x00, 0x00, 0x1F, 0xFF, 0xFF, 0xF0, 0x00, 0x01, 0xFF, 0xFF,
  0xFF, 0x00, 0x00, 0x1F, 0xFF, 0xFF, 0xF0, 0x00, 0x01, 0xFF, 0xFF, 0xFF,
  0x00, 0x00, 0x1F, 0xFF, 0xFF, 0xF0, 0x00, 0x01, 0xFF, 0xFF, 0xFF, 0x00,
  0x00, 0x1F, 0xFE, 0xFF, 0xF0, 0x00, 0x01, 0xFF, 0xEF, 0xFF, 0x00, 0x00,
  0x1F, 0xFE, 0xFF, 0xF0, 0x00, 0x01, 0xFF, 0xEF, 0xFF, 0x00, 0x00, 0x3F,
  0xFE, 0xFF, 0xF0, 0x00, 0x03, 0xFF, 0xCF, 0xFF, 0x00, 0x00, 0x7F, 0xFC,
  0xFF, 0xF0, 0x00, 0x3F, 0xFF, 0xCF, 0xFF, 0xFF, 0xFF, 0xFF, 0xF8, 0xFF,
  0xFF, 0xFF, 0xFF, 0xFF, 0x0F, 0xFF, 0xFF, 0xFF, 0xFF, 0xF0, 0xFF, 0xFF,
  0xFF, 0xFF, 0xFE, 0x0F, 0xFF, 0xFF, 0xFF, 0xFF, 0xC0, 0xFF, 0xFF, 0xFF,
  0xFF, 0xF0, 0x0F, 0xFF, 0xFF, 0xFF, 0xFE, 0x00, 0xFF, 0xFF, 0xFF, 0xFF,
  0x00, 0x0F, 0xFF, 0xFF, 0xFF, 0x00, 0x00, 0xFF, 0xFF, 0xFF, 0xFF, 0xFF,
  0xFF, 0xFF, 0xFF, 0xFF, 0xFF, 0xFF, 0xFF, 0xFF, 0xFF, 0xFF, 0xFF, 0xFF,
  0xFF, 0xFF, 0xFF, 0xFF, 0xFF, 0xFF, 0xFF, 0xFF, 0xFF, 0xFF, 0xFF, 0xFF,
  0xFF, 0xFF, 0xFF, 0xFF, 0xFF, 0xFF, 0xFF, 0xFF, 0xFF, 0xFF, 0xFF, 0xFF,
  0xFF, 0xFF, 0xFF, 0xFF, 0xFF, 0xFF, 0xF8, 0x00, 0x00, 0x01, 0xFF, 0xC0,
  0x00, 0x00, 0x0F, 0xFE, 0x00, 0x00, 0x00, 0x7F, 0xF0, 0x00, 0x00, 0x03,
  0xFF, 0x80, 0x00, 0x00, 0x1F, 0xFC, 0x00, 0x00, 0x00, 0xFF, 0xE0, 0x00,
  0x00, 0x07, 0xFF, 0xFF, 0xFF, 0xFF, 0xFF, 0xFF, 0xFF, 0xFF, 0xFF, 0xFF,
  0xFF, 0xFF, 0xFF, 0xFF, 0xFF, 0xFF, 0xFF, 0xFF, 0xFF, 0xFF, 0xFF, 0xFF,
  0xFF, 0xFF, 0xFF, 0xFF, 0xFF, 0xFF, 0xFF, 0xFF, 0xFF, 0xFF, 0xFF, 0xFF,
  0xFF, 0xFF, 0xFF, 0xFF, 0xFF, 0xFF, 0xFF, 0xFF, 0xF8, 0x00, 0x00, 0x01,
  0xFF, 0xC0, 0x00, 0x00, 0x0F, 0xFE, 0x00, 0x00, 0x00, 0x7F, 0xF0, 0x00,
  0x00, 0x03, 0xFF, 0x80, 0x00, 0x00, 0x1F, 0xFC, 0x00, 0x00, 0x00, 0xFF,
  0xE0, 0x00, 0x00, 0x07, 0xFF, 0x00, 0x00, 0x00, 0x3F, 0xFF, 0xFF, 0xFF,
  0xFF, 0xFF, 0xFF, 0xFF, 0xFF, 0xFF, 0xFF, 0xFF, 0xFF, 0xFF, 0xFF, 0xFF,
  0xFF, 0xFF, 0xFF, 0xFF, 0xFF, 0xFF, 0xFF, 0xFF, 0xFF, 0xFF, 0xFF, 0xFF,
  0xFF, 0xFF, 0xFF, 0xFF, 0xFF, 0xFF, 0xFF, 0xFF, 0xFF, 0xFF, 0xFF, 0xFF,
  0xFF, 0xFF, 0xFF, 0xFF, 0xFF, 0xFF, 0xF0, 0xFF, 0xFF, 0xFF, 0xFF, 0xFF,
  0xFF, 0xFF, 0xFF, 0xFF, 0xFF, 0xFF, 0xFF, 0xFF, 0xFF, 0xFF, 0xFF, 0xFF,
  0xFF, 0xFF, 0xFF, 0xFF, 0xFF, 0xFF, 0xFF, 0xFF, 0xFF, 0xFF, 0xFF, 0xFF,
  0xFF, 0xFF, 0xFF, 0xFF, 0xFF, 0xFF, 0xFF, 0xFF, 0xFF, 0xFF, 0xFF, 0xFF,
  0xFF, 0xFF, 0xFF, 0xFF, 0xC0, 0x00, 0x00, 0x7F, 0xF8, 0x00, 0x00, 0x0F,
  0xFF, 0x00, 0x00, 0x01, 0xFF, 0xE0, 0x00, 0x00, 0x3F, 0xFC, 0x00, 0x00,
  0x07, 0xFF, 0x80, 0x00, 0x00, 0xFF, 0xF0, 0x00, 0x00, 0x1F, 0xFF, 0xFF,
  0xFF, 0xFF, 0xFF, 0xFF, 0xFF, 0xFF, 0xFF, 0xFF, 0xFF, 0xFF, 0xFF, 0xFF,
  0xFF, 0xFF, 0xFF, 0xFF, 0xFF, 0xFF, 0xFF, 0xFF, 0xFF, 0xFF, 0xFF, 0xFF,
  0xFF, 0xFF, 0xFF, 0xFF, 0xFF, 0xFF, 0xFF, 0xFF, 0xFF, 0xFF, 0xFF, 0xFF,
  0xFF, 0xFF, 0xFF, 0xFF, 0xFF, 0xFF, 0xF8, 0x00, 0x00, 0x0F, 0xFF, 0x00,
  0x00, 0x01, 0xFF, 0xE0, 0x00, 0x00, 0x3F, 0xFC, 0x00, 0x00, 0x07, 0xFF,
  0x80, 0x00, 0x00, 0xFF, 0xF0, 0x00, 0x00, 0x1F, 0xFE, 0x00, 0x00, 0x03,
  0xFF, 0xC0, 0x00, 0x00, 0x7F, 0xF8, 0x00, 0x00, 0x0F, 0xFF, 0x00, 0x00,
  0x01, 0xFF, 0xE0, 0x00, 0x00, 0x3F, 0xFC, 0x00, 0x00, 0x07, 0xFF, 0x80,
  0x00, 0x00, 0xFF, 0xF0, 0x00, 0x00, 0x1F, 0xFE, 0x00, 0x00, 0x03, 0xFF,
  0xC0, 0x00, 0x00, 0x7F, 0xF8, 0x00, 0x00, 0x00, 0x00, 0x00, 0xFF, 0xFF,
  0xFF, 0xF0, 0x00, 0x7F, 0xFF, 0xFF, 0xFF, 0x80, 0x0F, 0xFF, 0xFF, 0xFF,
  0xFC, 0x01, 0xFF, 0xFF, 0xFF, 0xFF, 0xE0, 0x3F, 0xFF, 0xFF, 0xFF, 0xFF,
  0x03, 0xFF, 0xFF, 0xFF, 0xFF, 0xF8, 0x3F, 0xFF, 0xFF, 0xFF, 0xFF, 0xC1,
  0xFF, 0xFF, 0xFF, 0xFF, 0xFE, 0x1F, 0xFF, 0xFF, 0xFF, 0xFF, 0xF1, 0xFF,
  0xFF, 0xFF, 0xFF, 0xFF, 0x8F, 0xFF, 0xF0, 0x00, 0x00, 0x00, 0x7F, 0xFC,
  0x00, 0x00, 0x00, 0x07, 0xFF, 0xC0, 0x00, 0x00, 0x00, 0x3F, 0xFE, 0x00,
  0x00, 0x00, 0x01, 0xFF, 0xE0, 0x00, 0x00, 0x00, 0x0F, 0xFF, 0x00, 0x00,
  0x00, 0x00, 0xFF, 0xF8, 0x00, 0x00, 0x00, 0x07, 0xFF, 0xC0, 0x00, 0x00,
  0x00, 0x3F, 0xFE, 0x00, 0x7F, 0xFF, 0xFF, 0xFF, 0xF0, 0x03, 0xFF, 0xFF,
  0xFF, 0xFF, 0x80, 0x1F, 0xFF, 0xFF, 0xFF, 0xFC, 0x00, 0xFF, 0xFF, 0xFF,
  0xFF, 0xE0, 0x07, 0xFF, 0xFF, 0xFF, 0xFF, 0x00, 0x3F, 0xFF, 0xFF, 0xFF,
  0xF8, 0x01, 0xFF, 0xFF, 0xFF, 0xFF, 0xC0, 0x0F, 0xFF, 0xFF, 0xFF, 0xFE,
  0x00, 0x7F, 0xFF, 0xFF, 0xFF, 0xF0, 0x00, 0x00, 0x3F, 0xFF, 0xFF, 0x80,
  0x00, 0x01, 0xFF, 0xBF, 0xFC, 0x00, 0x00, 0x0F, 0xFD, 0xFF, 0xE0, 0x00,
  0x00, 0x7F, 0xEF, 0xFF, 0x80, 0x00, 0x03, 0xFF, 0x7F, 0xFC, 0x00, 0x00,
  0x3F, 0xF9, 0xFF, 0xF0, 0x00, 0x01, 0xFF, 0xCF, 0xFF, 0xE0, 0x00, 0x3F,
  0xFE, 0x7F, 0xFF, 0xFF, 0xFF, 0xFF, 0xF1, 0xFF, 0xFF, 0xFF, 0xFF, 0xFF,
  0x87, 0xFF, 0xFF, 0xFF, 0xFF, 0xF8, 0x3F, 0xFF, 0xFF, 0xFF, 0xFF, 0xC0,
  0xFF, 0xFF, 0xFF, 0xFF, 0xFC, 0x03, 0xFF, 0xFF, 0xFF, 0xFF, 0xC0, 0x07,
  0xFF, 0xFF, 0xFF, 0xFC, 0x00, 0x1F, 0xFF, 0xFF, 0xFF, 0xC0, 0x00, 0x1F,
  0xFF, 0xFF, 0xF8, 0x00, 0x00, 0x0F, 0xFF, 0xFC, 0x00, 0x00, 0xFF, 0xF0,
  0x00, 0x00, 0xFF, 0xFF, 0xFF, 0x00, 0x00, 0x0F, 0xFF, 0xFF, 0xF0, 0x00,
  0x00, 0xFF, 0xFF, 0xFF, 0x00, 0x00, 0x0F, 0xFF, 0xFF, 0xF0, 0x00, 0x00,
  0xFF, 0xFF, 0xFF, 0x00, 0x00, 0x0F, 0xFF, 0xFF, 0xF0, 0x00, 0x00, 0xFF,
  0xFF, 0xFF, 0x00, 0x00, 0x0F, 0xFF, 0xFF, 0xF0, 0x00, 0x00, 0xFF, 0xFF,
  0xFF, 0x00, 0x00, 0x0F, 0xFF, 0xFF, 0xF0, 0x00, 0x00, 0xFF, 0xFF, 0xFF,
  0x00, 0x00, 0x0F, 0xFF, 0xFF, 0xF0, 0x00, 0x00, 0xFF, 0xFF, 0xFF, 0x00,
  0x00, 0x0F, 0xFF, 0xFF, 0xF0, 0x00, 0x00, 0xFF, 0xFF, 0xFF, 0x00, 0x00,
  0x0F, 0xFF, 0xFF, 0xF0, 0x00, 0x00, 0xFF, 0xFF, 0xFF, 0xFF, 0xFF, 0xFF,
  0xFF, 0xFF, 0xFF, 0xFF, 0xFF, 0xFF, 0xFF, 0xFF, 0xFF, 0xFF, 0xFF, 0xFF,
  0xFF, 0xFF, 0xFF, 0xFF, 0xFF, 0xFF, 0xFF, 0xFF, 0xFF, 0xFF, 0xFF, 0xFF,
  0xFF, 0xFF, 0xFF, 0xFF, 0xFF, 0xFF, 0xFF, 0xFF, 0xFF, 0xFF, 0xFF, 0xFF,
  0xFF, 0xFF, 0xFF, 0xFF, 0xFF, 0xFF, 0xFF, 0xFF, 0xFF, 0xFF, 0xFF, 0xFF,
  0xFF, 0xFF, 0xFF, 0xFF, 0x00, 0x00, 0x0F, 0xFF, 0xFF, 0xF0, 0x00, 0x00,
  0xFF, 0xFF, 0xFF, 0x00, 0x00, 0x0F, 0xFF, 0xFF, 0xF0, 0x00, 0x00, 0xFF,
  0xFF, 0xFF, 0x00, 0x00, 0x0F, 0xFF, 0xFF, 0xF0, 0x00, 0x00, 0xFF, 0xFF,
  0xFF, 0x00, 0x00, 0x0F, 0xFF, 0xFF, 0xF0, 0x00, 0x00, 0xFF, 0xFF, 0xFF,
  0x00, 0x00, 0x0F, 0xFF, 0xFF, 0xF0, 0x00, 0x00, 0xFF, 0xFF, 0xFF, 0x00,
  0x00, 0x0F, 0xFF, 0xFF, 0xF0, 0x00, 0x00, 0xFF, 0xFF, 0xFF, 0x00, 0x00,
  0x0F, 0xFF, 0xFF, 0xF0, 0x00, 0x00, 0xFF, 0xFF, 0xFF, 0x00, 0x00, 0x0F,
  0xFF, 0xFF, 0xF0, 0x00, 0x00, 0xFF, 0xFF, 0xFF, 0x00, 0x00, 0x0F, 0xFF,
  0xFF, 0xFF, 0xFF, 0xFF, 0xFF, 0xFF, 0xFF, 0xFF, 0xFF, 0xFF, 0xFF, 0xFF,
  0xFF, 0xFF, 0xFF, 0xFF, 0xFF, 0xFF, 0xFF, 0xFF, 0xFF, 0xFF, 0xFF, 0xFF,
  0xFF, 0xFF, 0xFF, 0xFF, 0xFF, 0xFF, 0xFF, 0xFF, 0xFF, 0xFF, 0xFF, 0xFF,
  0xFF, 0xFF, 0xFF, 0xFF, 0xFF, 0xFF, 0xFF, 0xFF, 0xFF, 0xFF, 0xFF, 0xFF,
  0xFF, 0xFF, 0xFF, 0xFF, 0xFF, 0xFF, 0xFF, 0xFF, 0xFF, 0xFF, 0xFF, 0xFF,
  0xFF, 0xFF, 0xFF, 0xFF, 0xFF, 0xFF, 0x00, 0x00, 0x0F, 0xFE, 0x00, 0x00,
  0x1F, 0xFC, 0x00, 0x00, 0x3F, 0xF8, 0x00, 0x00, 0x7F, 0xF0, 0x00, 0x00,
  0xFF, 0xE0, 0x00, 0x01, 0xFF, 0xC0, 0x00, 0x03, 0xFF, 0x80, 0x00, 0x07,
  0xFF, 0x00, 0x00, 0x0F, 0xFE, 0x00, 0x00, 0x1F, 0xFC, 0x00, 0x00, 0x3F,
  0xF8, 0x00, 0x00, 0x7F, 0xF0, 0x00, 0x00, 0xFF, 0xE0, 0x00, 0x01, 0xFF,
  0xC0, 0x00, 0x03, 0xFF, 0x80, 0x00, 0x07, 0xFF, 0x00, 0x00, 0x0F, 0xFE,
  0x00, 0x00, 0x1F, 0xFC, 0x00, 0x00, 0x3F, 0xF8, 0x00, 0x00, 0x7F, 0xF0,
  0x00, 0x00, 0xFF, 0xE0, 0x00, 0x01, 0xFF, 0xC0, 0x00, 0x03, 0xFF, 0x80,
  0x00, 0x07, 0xFF, 0x00, 0x00, 0x0F, 0xFE, 0x00, 0x00, 0x1F, 0xFC, 0x00,
  0x00, 0x3F, 0xF8, 0x00, 0x00, 0x7F, 0xF0, 0x00, 0x00, 0xFF, 0xE0, 0x00,
  0x03, 0xFF, 0xC0, 0x00, 0x07, 0xFF, 0x80, 0x00, 0x0F, 0xFF, 0x00, 0x00,
  0x3F, 0xFE, 0x00, 0x01, 0xFF, 0xFB, 0xFF, 0xFF, 0xFF, 0xF7, 0xFF, 0xFF,
  0xFF, 0xEF, 0xFF, 0xFF, 0xFF, 0x9F, 0xFF, 0xFF, 0xFE, 0x3F, 0xFF, 0xFF,
  0xFC, 0x7F, 0xFF, 0xFF, 0xF0, 0xFF, 0xFF, 0xFF, 0xC1, 0xFF, 0xFF, 0xFE,
  0x03, 0xFF, 0xFF, 0xF0, 0x07, 0xFF, 0xFE, 0x00, 0x00, 0xFF, 0xE0, 0x00,
  0x07, 0xFF, 0xDF, 0xFC, 0x00, 0x01, 0xFF, 0xF3, 0xFF, 0x80, 0x00, 0x7F,
  0xFC, 0x7F, 0xF0, 0x00, 0x1F, 0xFF, 0x8F, 0xFE, 0x00, 0x03, 0xFF, 0xE1,
  0xFF, 0xC0, 0x00, 0xFF, 0xF8, 0x3F, 0xF8, 0x00, 0x3F, 0xFE, 0x07, 0xFF,
  0x00, 0x0F, 0xFF, 0x80, 0xFF, 0xE0, 0x01, 0xFF, 0xF0, 0x1F, 0xFC, 0x00,
  0x7F, 0xFC, 0x03, 0xFF, 0x80, 0x1F, 0xFF, 0x00, 0x7F, 0xF0, 0x03, 0xFF,
  0xC0, 0x0F, 0xFE, 0x00, 0xFF, 0xF8, 0x01, 0xFF, 0xC0, 0x3F, 0xFE, 0x00,
  0x3F, 0xF8, 0x0F, 0xFF, 0x80, 0x07, 0xFF, 0x03, 0xFF, 0xE0, 0x00, 0xFF,
  0xE0, 0xFF, 0xFC, 0x00, 0x1F, 0xFF, 0xFF, 0xFF, 0x00, 0x03, 0xFF, 0xFF,
  0xFF, 0xC0, 0x00, 0x7F, 0xFF, 0xFF, 0xF0, 0x00, 0x0F, 0xFF, 0xFF, 0xFC,
  0x00, 0x01, 0xFF, 0xFF, 0xFF, 0x80, 0x00, 0x3F, 0xFF, 0xFF, 0xF0, 0x00,
  0x07, 0xFF, 0xFF, 0xFF, 0x00, 0x00, 0xFF, 0xFF, 0xFF, 0xF0, 0x00, 0x1F,
  0xFF, 0xFF, 0xFE, 0x00, 0x03, 0xFF, 0xFF, 0xFF, 0xE0, 0x00, 0x7F, 0xF0,
  0x7F, 0xFE, 0x00, 0x0F, 0xFE, 0x07, 0xFF, 0xE0, 0x01, 0xFF, 0xC0, 0x7F,
  0xFE, 0x00, 0x3F, 0xF8, 0x07, 0xFF, 0xC0, 0x07, 0xFF, 0x00, 0x7F, 0xFC,
  0x00, 0xFF, 0xE0, 0x0F, 0xFF, 0xC0, 0x1F, 0xFC, 0x00, 0xFF, 0xFC, 0x03,
  0xFF, 0x80, 0x0F, 0xFF, 0x80, 0x7F, 0xF0, 0x00, 0xFF, 0xF8, 0x0F, 0xFE,
  0x00, 0x1F, 0xFF, 0x81, 0xFF, 0xC0, 0x01, 0xFF, 0xF8, 0x3F, 0xF8, 0x00,
  0x1F, 0xFF, 0x07, 0xFF, 0x00, 0x01, 0xFF, 0xF0, 0xFF, 0xE0, 0x00, 0x1F,
  0xFF, 0x1F, 0xFC, 0x00, 0x03, 0xFF, 0xF3, 0xFF, 0x80, 0x00, 0x3F, 0xFF,
  0x7F, 0xF0, 0x00, 0x03, 0xFF, 0xF0, 0xFF, 0xF0, 0x00, 0x00, 0x3F, 0xFC,
  0x00, 0x00, 0x0F, 0xFF, 0x00, 0x00, 0x03, 0xFF, 0xC0, 0x00, 0x00, 0xFF,
  0xF0, 0x00, 0x00, 0x3F, 0xFC, 0x00, 0x00, 0x0F, 0xFF, 0x00, 0x00, 0x03,
  0xFF, 0xC0, 0x00, 0x00, 0xFF, 0xF0, 0x00, 0x00, 0x3F, 0xFC, 0x00, 0x00,
  0x0F, 0xFF, 0x00, 0x00, 0x03, 0xFF, 0xC0, 0x00, 0x00, 0xFF, 0xF0, 0x00,
  0x00, 0x3F, 0xFC, 0x00, 0x00, 0x0F, 0xFF, 0x00, 0x00, 0x03, 0xFF, 0xC0,
  0x00, 0x00, 0xFF, 0xF0, 0x00, 0x00, 0x3F, 0xFC, 0x00, 0x00, 0x0F, 0xFF,
  0x00, 0x00, 0x03, 0xFF, 0xC0, 0x00, 0x00, 0xFF, 0xF0, 0x00, 0x00, 0x3F,
  0xFC, 0x00, 0x00, 0x0F, 0xFF, 0x00, 0x00, 0x03, 0xFF, 0xC0, 0x00, 0x00,
  0xFF, 0xF0, 0x00, 0x00, 0x3F, 0xFC, 0x00, 0x00, 0x0F, 0xFF, 0x00, 0x00,
  0x03, 0xFF, 0xC0, 0x00, 0x00, 0xFF, 0xF0, 0x00, 0x00, 0x3F, 0xFC, 0x00,
  0x00, 0x0F, 0xFF, 0x00, 0x00, 0x03, 0xFF, 0xC0, 0x00, 0x00, 0xFF, 0xF0,
  0x00, 0x00, 0x3F, 0xFC, 0x00, 0x00, 0x0F, 0xFF, 0xFF, 0xFF, 0xFF, 0xFF,
  0xFF, 0xFF, 0xFF, 0xFF, 0xFF, 0xFF, 0xFF, 0xFF, 0xFF, 0xFF, 0xFF, 0xFF,
  0xFF, 0xFF, 0xFF, 0xFF, 0xFF, 0xFF, 0xFF, 0xFF, 0xFF, 0xFF, 0xFF, 0xFF,
  0xFF, 0xFF, 0xFF, 0xFF, 0xFF, 0xFF, 0xFF, 0xFF, 0xFF, 0xFF, 0xFF, 0xFF,
  0xFF, 0x00, 0x01, 0x00, 0x00, 0x00, 0x00, 0x40, 0x00, 0x00, 0x3F, 0xF0,
  0x00, 0x00, 0x0F, 0xFE, 0x00, 0x00, 0xFF, 0xFC, 0x00, 0x00, 0x3F, 0xFF,
  0x80, 0x01, 0xFF, 0xFE, 0x00, 0x00, 0x7F, 0xFF, 0xC0, 0x03, 0xFF, 0xFF,
  0x00, 0x00, 0xFF, 0xFF, 0xC0, 0x07, 0xFF, 0xFF, 0x80, 0x00, 0xFF, 0xFF,
  0xE0, 0x07, 0xFF, 0xFF, 0xC0, 0x01, 0xFF, 0xFF, 0xE0, 0x0F, 0xFF, 0xFF,
  0xC0, 0x03, 0xFF, 0xFF, 0xF0, 0x0F, 0xFF, 0xFF, 0xE0, 0x03, 0xFF, 0xFF,
  0xF0, 0x0F, 0xFF, 0xFF, 0xE0, 0x03, 0xFF, 0xFF, 0xF0, 0x0F, 0xFF, 0xFF,
  0xE0, 0x07, 0xFF, 0xFF, 0xF8, 0x1F, 0xFC, 0xFF, 0xF0, 0x07, 0xFF, 0x3F,
  0xF8, 0x1F, 0xFC, 0xFF, 0xF0, 0x07, 0xFF, 0x3F, 0xF8, 0x1F, 0xFC, 0x7F,
  0xF0, 0x07, 0xFF, 0x3F, 0xF8, 0x1F, 0xFC, 0x7F, 0xF0, 0x07, 0xFF, 0x3F,
  0xF8, 0x1F, 0xFC, 0x7F, 0xF0, 0x07, 0xFE, 0x3F, 0xF8, 0x1F, 0xFC, 0x7F,
  0xF0, 0x0F, 0xFE, 0x3F, 0xF8, 0x1F, 0xFC, 0x7F, 0xF8, 0x0F, 0xFE, 0x3F,
  0xF8, 0x1F, 0xFC, 0x7F, 0xF8, 0x0F, 0xFE, 0x1F, 0xF8, 0x1F, 0xFC, 0x3F,
  0xF8, 0x0F, 0xFE, 0x1F, 0xFC, 0x3F, 0xF8, 0x3F, 0xF8, 0x0F, 0xFE, 0x1F,
  0xFC, 0x3F, 0xF8, 0x3F, 0xF8, 0x0F, 0xFC, 0x1F, 0xFC, 0x3F, 0xF8, 0x3F,
  0xF8, 0x1F, 0xFC, 0x1F, 0xFC, 0x3F, 0xF8, 0x3F, 0xF8, 0x1F, 0xFC, 0x1F,
  0xFC, 0x3F, 0xF8, 0x1F, 0xFC, 0x1F, 0xFC, 0x1F, 0xFC, 0x3F, 0xF8, 0x1F,
  0xFC, 0x1F, 0xFC, 0x1F, 0xFC, 0x3F, 0xF8, 0x1F, 0xFC, 0x1F, 0xFC, 0x1F,
  0xFC, 0x3F, 0xF8, 0x1F, 0xFC, 0x1F, 0xF8, 0x1F, 0xFC, 0x3F, 0xF8, 0x1F,
  0xFC, 0x3F, 0xF8, 0x1F, 0xFC, 0x3F, 0xF8, 0x1F, 0xFC, 0x3F, 0xF8, 0x1F,
  0xFC, 0x3F, 0xF8, 0x0F, 0xFE, 0x3F, 0xF8, 0x1F, 0xFE, 0x3F, 0xF8, 0x0F,
  0xFE, 0x3F, 0xF8, 0x0F, 0xFE, 0x7F, 0xF8, 0x0F, 0xFE, 0x3F, 0xF8, 0x0F,
  0xFE, 0x7F, 0xF8, 0x0F, 0xFE, 0x3F, 0xF0, 0x0F, 0xFE, 0x7F, 0xF0, 0x0F,
  0xFE, 0x7F, 0xF0, 0x0F, 0xFE, 0x7F, 0xF0, 0x0F, 0xFF, 0xFF, 0xF0, 0x0F,
  0xFE, 0x7F, 0xF0, 0x07, 0xFF, 0xFF, 0xF0, 0x0F, 0xFE, 0x7F, 0xF0, 0x07,
  0xFF, 0xFF, 0xF0, 0x0F, 0xFE, 0x7F, 0xF0, 0x07, 0xFF, 0xFF, 0xE0, 0x0F,
  0xFE, 0x7F, 0xF0, 0x03, 0xFF, 0xFF, 0xE0, 0x0F, 0xFE, 0x7F, 0xF0, 0x03,
  0xFF, 0xFF, 0xC0, 0x0F, 0xFE, 0x7F, 0xF0, 0x01, 0xFF, 0xFF, 0x80, 0x0F,
  0xFE, 0x7F, 0xF0, 0x00, 0xFF, 0xFF, 0x80, 0x0F, 0xFF, 0xFF, 0xF0, 0x00,
  0x7F, 0xFE, 0x00, 0x0F, 0xFF, 0xFF, 0xF0, 0x00, 0x1F, 0xF8, 0x00, 0x0F,
  0xFF, 0x00, 0x00, 0x00, 0x01, 0x80, 0x00, 0x00, 0x00, 0x00, 0x10, 0x00,
  0x00, 0x00, 0x00, 0x00, 0xFF, 0xE0, 0x00, 0x03, 0xFF, 0xC1, 0xFF, 0xF8,
  0x00, 0x01, 0xFF, 0xE1, 0xFF, 0xFF, 0x00, 0x00, 0xFF, 0xF1, 0xFF, 0xFF,
  0xC0, 0x00, 0x7F, 0xF9, 0xFF, 0xFF, 0xF0, 0x00, 0x3F, 0xFD, 0xFF, 0xFF,
  0xF8, 0x00, 0x1F, 0xFE, 0xFF, 0xFF, 0xFE, 0x00, 0x0F, 0xFF, 0xFF, 0xFF,
  0xFF, 0x00, 0x07, 0xFF, 0xFF, 0xFF, 0xFF, 0xC0, 0x03, 0xFF, 0xFF, 0xFF,
  0xFF, 0xE0, 0x01, 0xFF, 0xFF, 0xFE, 0x7F, 0xF8, 0x00, 0xFF, 0xFF, 0xFF,
  0x3F, 0xFC, 0x00, 0x7F, 0xFF, 0xFF, 0x9F, 0xFF, 0x00, 0x3F, 0xFF, 0xFF,
  0xC7, 0xFF, 0x80, 0x1F, 0xFF, 0xFF, 0xE3, 0xFF, 0xE0, 0x0F, 0xFF, 0xFF,
  0xF0, 0xFF, 0xF0, 0x07, 0xFF, 0xFF, 0xF8, 0x7F, 0xF8, 0x03, 0xFF, 0xFF,
  0xFC, 0x3F, 0xFE, 0x01, 0xFF, 0xFF, 0xFE, 0x0F, 0xFF, 0x00, 0xFF, 0xFF,
  0xFF, 0x07, 0xFF, 0xC0, 0x7F, 0xFF, 0xFF, 0x81, 0xFF, 0xE0, 0x3F, 0xFF,
  0xFF, 0xC0, 0xFF, 0xF8, 0x1F, 0xFF, 0xFF, 0xE0, 0x3F, 0xFC, 0x0F, 0xFF,
  0xFF, 0xF0, 0x1F, 0xFE, 0x07, 0xFF, 0xFF, 0xF8, 0x0F, 0xFF, 0x83, 0xFF,
  0xFF, 0xFC, 0x03, 0xFF, 0xC1, 0xFF, 0xFF, 0xFE, 0x01, 0xFF, 0xF0, 0xFF,
  0xFF, 0xFF, 0x00, 0x7F, 0xF8, 0x7F, 0xFF, 0xFF, 0x80, 0x3F, 0xFC, 0x3F,
  0xFF, 0xFF, 0xC0, 0x1F, 0xFF, 0x1F, 0xFF, 0xFF, 0xE0, 0x07, 0xFF, 0x8F,
  0xFF, 0xFF, 0xF0, 0x03, 0xFF, 0xE7, 0xFF, 0xFF, 0xF8, 0x00, 0xFF, 0xF3,
  0xFF, 0xFF, 0xFC, 0x00, 0x7F, 0xFD, 0xFF, 0xFF, 0xFE, 0x00, 0x1F, 0xFF,
  0xFF, 0xFF, 0xFF, 0x00, 0x0F, 0xFF, 0xFF, 0xFF, 0xFF, 0x80, 0x03, 0xFF,
  0xFF, 0xFF, 0xFF, 0xC0, 0x01, 0xFF, 0xFF, 0xFD, 0xFF, 0xE0, 0x00, 0x7F,
  0xFF, 0xFE, 0xFF, 0xF0, 0x00, 0x3F, 0xFF, 0xFE, 0x7F, 0xF8, 0x00, 0x0F,
  0xFF, 0xFE, 0x3F, 0xFC, 0x00, 0x03, 0xFF, 0xFF, 0x1F, 0xFE, 0x00, 0x00,
  0x7F, 0xFE, 0x0F, 0xFF, 0x00, 0x00, 0x1F, 0xFE, 0x00, 0x00, 0x00, 0x00,
  0x00, 0x60, 0x00, 0x00, 0x00, 0x03, 0xC0, 0x00, 0x00, 0x00, 0x07, 0xFF,
  0xFF, 0x80, 0x00, 0x00, 0x7F, 0xFF, 0xFF, 0xE0, 0x00, 0x03, 0xFF, 0xFF,
  0xFF, 0xF0, 0x00, 0x1F, 0xFF, 0xFF, 0xFF, 0xF0, 0x00, 0x7F, 0xFF, 0xFF,
  0xFF, 0xF0, 0x01, 0xFF, 0xFF, 0xFF, 0xFF, 0xF0, 0x07, 0xFF, 0xFF, 0xFF,
  0xFF, 0xF0, 0x1F, 0xFF, 0xFF, 0xFF, 0xFF, 0xF0, 0x3F, 0xFF, 0xFF, 0xFF,
  0xFF, 0xF0, 0xFF, 0xFF, 0xFF, 0xFF, 0xFF, 0xE1, 0xFF, 0xF8, 0x00, 0x0F,
  0xFF, 0xC7, 0xFF, 0xE0, 0x00, 0x07, 0xFF, 0xCF, 0xFF, 0x80, 0x00, 0x0F,
  0xFF, 0x9F, 0xFE, 0x00, 0x00, 0x0F, 0xFF, 0x3F, 0xFC, 0x00, 0x00, 0x1F,
  0xFF, 0x7F, 0xF8, 0x00, 0x00, 0x3F, 0xFF, 0xFF, 0xF0, 0x00, 0x00, 0x3F,
  0xFF, 0xFF, 0xE0, 0x00, 0x00, 0x7F, 0xFF, 0xFF, 0xC0, 0x00, 0x00, 0xFF,
  0xFF, 0xFF, 0x80, 0x00, 0x01, 0xFF, 0xFF, 0xFF, 0x00, 0x00, 0x03, 0xFF,
  0xFF, 0xFE, 0x00, 0x00, 0x07, 0xFF, 0xFF, 0xFC, 0x00, 0x00, 0x0F, 0xFF,
  0xFF, 0xF8, 0x00, 0x00, 0x1F, 0xFF, 0xFF, 0xF0, 0x00, 0x00, 0x3F, 0xFF,
  0xFF, 0xE0, 0x00, 0x00, 0x7F, 0xFF, 0xFF, 0xC0, 0x00, 0x00, 0xFF, 0xFF,
  0xFF, 0x80, 0x00, 0x01, 0xFF, 0xEF, 0xFF, 0x00, 0x00, 0x07, 0xFF, 0xDF,
  0xFE, 0x00, 0x00, 0x0F, 0xFF, 0xBF, 0xFC, 0x00, 0x00, 0x1F, 0xFE, 0x7F,
  0xFC, 0x00, 0x00, 0x7F, 0xFC, 0xFF, 0xFC, 0x00, 0x00, 0xFF, 0xF8, 0xFF,
  0xFC, 0x00, 0x07, 0xFF, 0xE1, 0xFF, 0xFF, 0xFF, 0xFF, 0xFF, 0xC1, 0xFF,
  0xFF, 0xFF, 0xFF, 0xFF, 0x83, 0xFF, 0xFF, 0xFF, 0xFF, 0xFE, 0x03, 0xFF,
  0xFF, 0xFF, 0xFF, 0xF8, 0x03, 0xFF, 0xFF, 0xFF, 0xFF, 0xE0, 0x03, 0xFF,
  0xFF, 0xFF, 0xFF, 0x80, 0x03, 0xFF, 0xFF, 0xFF, 0xFE, 0x00, 0x01, 0xFF,
  0xFF, 0xFF, 0xF8, 0x00, 0x00, 0xFF, 0xFF, 0xFF, 0xC0, 0x00, 0x00, 0x3F,
  0xFF, 0xFC, 0x00, 0x00, 0x00, 0x01, 0xFC, 0x00, 0x00, 0x00, 0xFF, 0xFF,
  0xFF, 0xF8, 0x00, 0xFF, 0xFF, 0xFF, 0xFF, 0x80, 0xFF, 0xFF, 0xFF, 0xFF,
  0xE0, 0xFF, 0xFF, 0xFF, 0xFF, 0xF0, 0xFF, 0xFF, 0xFF, 0xFF, 0xF8, 0xFF,
  0xFF, 0xFF, 0xFF, 0xFC, 0xFF, 0xFF, 0xFF, 0xFF, 0xFC, 0xFF, 0xFF, 0xFF,
  0xFF, 0xFE, 0xFF, 0xF0, 0x01, 0xFF, 0xFE, 0xFF, 0xF0, 0x00, 0x1F, 0xFE,
  0xFF, 0xF0, 0x00, 0x1F, 0xFF, 0xFF, 0xF0, 0x00, 0x0F, 0xFF, 0xFF, 0xF0,
  0x00, 0x0F, 0xFF, 0xFF, 0xF0, 0x00, 0x0F, 0xFF, 0xFF, 0xF0, 0x00, 0x0F,
  0xFF, 0xFF, 0xF0, 0x00, 0x0F, 0xFF, 0xFF, 0xF0, 0x00, 0x0F, 0xFF, 0xFF,
  0xF0, 0x00, 0x0F, 0xFF, 0xFF, 0xF0, 0x00, 0x1F, 0xFF, 0xFF, 0xF0, 0x00,
  0x1F, 0xFE, 0xFF, 0xF0, 0x01, 0xFF, 0xFE, 0xFF, 0xFF, 0xFF, 0xFF, 0xFE,
  0xFF, 0xFF, 0xFF, 0xFF, 0xFE, 0xFF, 0xFF, 0xFF, 0xFF, 0xFC, 0xFF, 0xFF,
  0xFF, 0xFF, 0xF8, 0xFF, 0xFF, 0xFF, 0xFF, 0xF0, 0xFF, 0xFF, 0xFF, 0xFF,
  0xE0, 0xFF, 0xFF, 0xFF, 0xFF, 0x80, 0xFF, 0xFF, 0xFF, 0xF8, 0x00, 0xFF,
  0xF0, 0x00, 0x00, 0x00, 0xFF, 0xF0, 0x00, 0x00, 0x00, 0xFF, 0xF0, 0x00,
  0x00, 0x00, 0xFF, 0xF0, 0x00, 0x00, 0x00, 0xFF, 0xF0, 0x00, 0x00, 0x00,
  0xFF, 0xF0, 0x00, 0x00, 0x00, 0xFF, 0xF0, 0x00, 0x00, 0x00, 0xFF, 0xF0,
  0x00, 0x00, 0x00, 0xFF, 0xF0, 0x00, 0x00, 0x00, 0xFF, 0xF0, 0x00, 0x00,
  0x00, 0xFF, 0xF0, 0x00, 0x00, 0x00, 0xFF, 0xF0, 0x00, 0x00, 0x00, 0xFF,
  0xF0, 0x00, 0x00, 0x00, 0xFF, 0xF0, 0x00, 0x00, 0x00, 0xFF, 0xF0, 0x00,
  0x00, 0x00, 0x00, 0x00, 0x03, 0xC0, 0x00, 0x00, 0x00, 0x07, 0xFF, 0xFF,
  0x80, 0x00, 0x00, 0x7F, 0xFF, 0xFF, 0xE0, 0x00, 0x03, 0xFF, 0xFF, 0xFF,
  0xF0, 0x00, 0x1F, 0xFF, 0xFF, 0xFF, 0xF0, 0x00, 0x7F, 0xFF, 0xFF, 0xFF,
  0xF0, 0x01, 0xFF, 0xFF, 0xFF, 0xFF, 0xF0, 0x07, 0xFF, 0xFF, 0xFF, 0xFF,
  0xF0, 0x1F, 0xFF, 0xFF, 0xFF, 0xFF, 0xF0, 0x3F, 0xFF, 0xFF, 0xFF, 0xFF,
  0xF0, 0xFF, 0xFF, 0xFF, 0xFF, 0xFF, 0xE1, 0xFF, 0xF8, 0x00, 0x0F, 0xFF,
  0xC7, 0xFF, 0xE0, 0x00, 0x07, 0xFF, 0xCF, 0xFF, 0x80, 0x00, 0x0F, 0xFF,
  0x9F, 0xFE, 0x00, 0x00, 0x0F, 0xFF, 0x3F, 0xFC, 0x00, 0x00, 0x1F, 0xFF,
  0x7F, 0xF8, 0x00, 0x00, 0x3F, 0xFF, 0xFF, 0xF0, 0x00, 0x00, 0x3F, 0xFF,
  0xFF, 0xE0, 0x00, 0x00, 0x7F, 0xFF, 0xFF, 0xC0, 0x00, 0x00, 0xFF, 0xFF,
  0xFF, 0x80, 0x00, 0x01, 0xFF, 0xFF, 0xFF, 0x00, 0x00, 0x03, 0xFF, 0xFF,
  0xFE, 0x00, 0x00, 0x07, 0xFF, 0xFF, 0xFC, 0x00, 0x00, 0x0F, 0xFF, 0xFF,
  0xF8, 0x00, 0x00, 0x1F, 0xFF, 0xFF, 0xF0, 0x00, 0x00, 0x3F, 0xFF, 0xFF,
  0xE0, 0x00, 0x00, 0x7F, 0xFF, 0xFF, 0xC0, 0x00, 0x00, 0xFF, 0xFF, 0xFF,
  0x80, 0x00, 0x01, 0xFF, 0xEF, 0xFF, 0x00, 0x00, 0x07, 0xFF, 0xDF, 0xFE,
  0x00, 0x00, 0x0F, 0xFF, 0xBF, 0xFC, 0x00, 0x00, 0x1F, 0xFE, 0x7F, 0xFC,
  0x00, 0x00, 0x7F, 0xFC, 0xFF, 0xFC, 0x00, 0x00, 0xFF, 0xF8, 0xFF, 0xFC,
  0x00, 0x07, 0xFF, 0xE1, 0xFF, 0xFF, 0xFF, 0xFF, 0xFF, 0xC1, 0xFF, 0xFF,
  0xFF, 0xFF, 0xFF, 0x03, 0xFF, 0xFF, 0xFF, 0xFF, 0xFE, 0x03, 0xFF, 0xFF,
  0xFF, 0xFF, 0xF8, 0x03, 0xFF, 0xFF, 0xFF, 0xFF, 0xE0, 0x03, 0xFF, 0xFF,
  0xFF, 0xFF, 0x80, 0x03, 0xFF, 0xFF, 0xFF, 0xFE, 0x00, 0x01, 0xFF, 0xFF,
  0xFF, 0xF8, 0x00, 0x00, 0xFF, 0xFF, 0xFF, 0x80, 0x00, 0x00, 0x7F, 0xFF,
  0xFC, 0x00, 0x00, 0x00, 0x01, 0xFF, 0xF0, 0x00, 0x00, 0x00, 0x00, 0xFF,
  0xF0, 0x00, 0x00, 0x00, 0x00, 0xFF, 0xF0, 0x00, 0x00, 0x00, 0x01, 0xFF,
  0xF0, 0x00, 0x00, 0x00, 0x01, 0xFF, 0xF0, 0x00, 0x00, 0x00, 0x01, 0xFF,
  0xE0, 0x00, 0x00, 0x00, 0x01, 0xFF, 0xE0, 0x00, 0x00, 0x00, 0x01, 0xFF,
  0xE0, 0x00, 0x00, 0x00, 0x03, 0xFF, 0xE0, 0x00, 0xFF, 0xFF, 0xFF, 0xFF,
  0x00, 0x3F, 0xFF, 0xFF, 0xFF, 0xFC, 0x0F, 0xFF, 0xFF, 0xFF, 0xFF, 0xC3,
  0xFF, 0xFF, 0xFF, 0xFF, 0xF8, 0xFF, 0xFF, 0xFF, 0xFF, 0xFF, 0x3F, 0xFF,
  0xFF, 0xFF, 0xFF, 0xEF, 0xFF, 0xFF, 0xFF, 0xFF, 0xFB, 0xFF, 0xFF, 0xFF,
  0xFF, 0xFF, 0xFF, 0xFF, 0xFF, 0xFF, 0xFF, 0xFF, 0xFC, 0x00, 0x01, 0xFF,
  0xFF, 0xFF, 0x00, 0x00, 0x3F, 0xFF, 0xFF, 0xC0, 0x00, 0x07, 0xFF, 0xFF,
  0xF0, 0x00, 0x01, 0xFF, 0xFF, 0xFC, 0x00, 0x00, 0x7F, 0xFF, 0xFF, 0x00,
  0x00, 0x1F, 0xFF, 0xFF, 0xC0, 0x00, 0x07, 0xFF, 0xFF, 0xF0, 0x00, 0x03,
  0xFF, 0xFF, 0xFC, 0x00, 0x01, 0xFF, 0xFF, 0xFF, 0x03, 0xFF, 0xFF, 0xFF,
  0xFF, 0xC3, 0xFF, 0xFF, 0xFE, 0xFF, 0xF0, 0xFF, 0xFF, 0xFF, 0xBF, 0xFC,
  0x7F, 0xFF, 0xFF, 0xCF, 0xFF, 0x1F, 0xFF, 0xFF, 0xE3, 0xFF, 0xC7, 0xFF,
  0xFF, 0xF0, 0xFF, 0xF1, 0xFF, 0xFF, 0xF0, 0x3F, 0xFC, 0x7F, 0xFF, 0xE0,
  0x0F, 0xFF, 0x1F, 0xFF, 0x00, 0x03, 0xFF, 0xC7, 0xFF, 0xC0, 0x00, 0xFF,
  0xF0, 0xFF, 0xF8, 0x00, 0x3F, 0xFC, 0x1F, 0xFF, 0x00, 0x0F, 0xFF, 0x07,
  0xFF, 0xE0, 0x03, 0xFF, 0xC0, 0xFF, 0xFC, 0x00, 0xFF, 0xF0, 0x1F, 0xFF,
  0x80, 0x3F, 0xFC, 0x03, 0xFF, 0xE0, 0x0F, 0xFF, 0x00, 0x7F, 0xFC, 0x03,
  0xFF, 0xC0, 0x0F, 0xFF, 0x80, 0xFF, 0xF0, 0x01, 0xFF, 0xF0, 0x3F, 0xFC,
  0x00, 0x7F, 0xFE, 0x0F, 0xFF, 0x00, 0x0F, 0xFF, 0xC3, 0xFF, 0xC0, 0x01,
  0xFF, 0xF0, 0xFF, 0xF0, 0x00, 0x3F, 0xFE, 0x3F, 0xFC, 0x00, 0x07, 0xFF,
  0xCF, 0xFF, 0x00, 0x00, 0xFF, 0xFB, 0xFF, 0xC0, 0x00, 0x1F, 0xFF, 0x00,
  0x3F, 0xFF, 0xFF, 0xF8, 0x03, 0xFF, 0xFF, 0xFF, 0xF0, 0x1F, 0xFF, 0xFF,
  0xFF, 0xE0, 0xFF, 0xFF, 0xFF, 0xFF, 0xC3, 0xFF, 0xFF, 0xFF, 0xFF, 0x87,
  0xFF, 0xFF, 0xFF, 0xFF, 0x1F, 0xFF, 0xFF, 0xFF, 0xFE, 0x3F, 0xFF, 0xFF,
  0xFF, 0xFC, 0xFF, 0xFF, 0xFF, 0xFF, 0xF9, 0xFF, 0xFF, 0xFF, 0xFF, 0xF3,
  0xFF, 0xC0, 0x00, 0x00, 0x07, 0xFF, 0x00, 0x00, 0x00, 0x0F, 0xFE, 0x00,
  0x00, 0x00, 0x1F, 0xFE, 0x00, 0x00, 0x00, 0x3F, 0xFE, 0x00, 0x00, 0x00,
  0x3F, 0xFF, 0x80, 0x00, 0x00, 0x7F, 0xFF, 0xF0, 0x00, 0x00, 0xFF, 0xFF,
  0xFC, 0x00, 0x00, 0xFF, 0xFF, 0xFF, 0x80, 0x00, 0xFF, 0xFF, 0xFF, 0xC0,
  0x00, 0xFF, 0xFF, 0xFF, 0xF0, 0x00, 0xFF, 0xFF, 0xFF, 0xF0, 0x00, 0x7F,
  0xFF, 0xFF, 0xF8, 0x00, 0x3F, 0xFF, 0xFF, 0xF8, 0x00, 0x07, 0xFF, 0xFF,
  0xF8, 0x00, 0x01, 0xFF, 0xFF, 0xF8, 0x00, 0x00, 0x7F, 0xFF, 0xF0, 0x00,
  0x00, 0x0F, 0xFF, 0xE0, 0x00, 0x00, 0x03, 0xFF, 0xE0, 0x00, 0x00, 0x03,
  0xFF, 0xC0, 0x00, 0x00, 0x03, 0xFF, 0x80, 0x00, 0x00, 0x07, 0xFF, 0x00,
  0x00, 0x00, 0x1F, 0xFE, 0x00, 0x00, 0x00, 0x7F, 0xFD, 0xFF, 0xFF, 0xFF,
  0xFF, 0xF3, 0xFF, 0xFF, 0xFF, 0xFF, 0xE7, 0xFF, 0xFF, 0xFF, 0xFF, 0xCF,
  0xFF, 0xFF, 0xFF, 0xFF, 0x1F, 0xFF, 0xFF, 0xFF, 0xFC, 0x3F, 0xFF, 0xFF,
  0xFF, 0xF0, 0x7F, 0xFF, 0xFF, 0xFF, 0xC0, 0xFF, 0xFF, 0xFF, 0xFF, 0x01,
  0xFF, 0xFF, 0xFF, 0xF8, 0x03, 0xFF, 0xFF, 0xFF, 0x00, 0x00, 0xFF, 0xFF,
  0xFF, 0xFF, 0xFF, 0xFF, 0xFF, 0xFF, 0xFF, 0xFF, 0xFF, 0xFF, 0xFF, 0xFF,
  0xFF, 0xFF, 0xFF, 0xFF, 0xFF, 0xFF, 0xFF, 0xFF, 0xFF, 0xFF, 0xFF, 0xFF,
  0xFF, 0xFF, 0xFF, 0xFF, 0xFF, 0xFF, 0xFF, 0xFF, 0xFF, 0xFF, 0xFF, 0xFF,
  0xFF, 0xFF, 0xFF, 0xFF, 0xFF, 0xFF, 0xFF, 0xFF, 0xFF, 0xFF, 0xFF, 0xFF,
  0xFF, 0xFF, 0xFF, 0xFF, 0xFF, 0xFF, 0xFF, 0xF0, 0x00, 0x07, 0xFF, 0x80,
  0x00, 0x00, 0x00, 0x1F, 0xFE, 0x00, 0x00, 0x00, 0x00, 0x7F, 0xF8, 0x00,
  0x00, 0x00, 0x01, 0xFF, 0xE0, 0x00, 0x00, 0x00, 0x07, 0xFF, 0x80, 0x00,
  0x00, 0x00, 0x1F, 0xFE, 0x00, 0x00, 0x00, 0x00, 0x7F, 0xF8, 0x00, 0x00,
  0x00, 0x01, 0xFF, 0xE0, 0x00, 0x00, 0x00, 0x07, 0xFF, 0x80, 0x00, 0x00,
  0x00, 0x1F, 0xFE, 0x00, 0x00, 0x00, 0x00, 0x7F, 0xF8, 0x00, 0x00, 0x00,
  0x01, 0xFF, 0xE0, 0x00, 0x00, 0x00, 0x07, 0xFF, 0x80, 0x00, 0x00, 0x00,
  0x1F, 0xFE, 0x00, 0x00, 0x00, 0x00, 0x7F, 0xF8, 0x00, 0x00, 0x00, 0x01,
  0xFF, 0xE0, 0x00, 0x00, 0x00, 0x07, 0xFF, 0x80, 0x00, 0x00, 0x00, 0x1F,
  0xFE, 0x00, 0x00, 0x00, 0x00, 0x7F, 0xF8, 0x00, 0x00, 0x00, 0x01, 0xFF,
  0xE0, 0x00, 0x00, 0x00, 0x07, 0xFF, 0x80, 0x00, 0x00, 0x00, 0x1F, 0xFE,
  0x00, 0x00, 0x00, 0x00, 0x7F, 0xF8, 0x00, 0x00, 0x00, 0x01, 0xFF, 0xE0,
  0x00, 0x00, 0x00, 0x07, 0xFF, 0x80, 0x00, 0x00, 0x00, 0x1F, 0xFE, 0x00,
  0x00, 0x00, 0x00, 0x7F, 0xF8, 0x00, 0x00, 0x00, 0x01, 0xFF, 0xE0, 0x00,
  0x00, 0x00, 0x07, 0xFF, 0x80, 0x00, 0x00, 0x00, 0x1F, 0xFE, 0x00, 0x00,
  0x00, 0x00, 0x7F, 0xF8, 0x00, 0x00, 0x00, 0x01, 0xFF, 0xE0, 0x00, 0x00,
  0x00, 0x07, 0xFF, 0x80, 0x00, 0x00, 0x00, 0x1F, 0xFE, 0x00, 0x00, 0xFF,
  0xE0, 0x00, 0x01, 0xFF, 0xFF, 0xF8, 0x00, 0x00, 0x7F, 0xFF, 0xFE, 0x00,
  0x00, 0x1F, 0xFF, 0xFF, 0x80, 0x00, 0x07, 0xFF, 0xFF, 0xE0, 0x00, 0x01,
  0xFF, 0xFF, 0xF8, 0x00, 0x00, 0x7F, 0xFF, 0xFE, 0x00, 0x00, 0x1F, 0xFF,
  0xFF, 0x80, 0x00, 0x07, 0xFF, 0xFF, 0xE0, 0x00, 0x01, 0xFF, 0xFF, 0xF8,
  0x00, 0x00, 0x7F, 0xFF, 0xFE, 0x00, 0x00, 0x1F, 0xFF, 0xFF, 0x80, 0x00,
  0x07, 0xFF, 0xFF, 0xE0, 0x00, 0x01, 0xFF, 0xFF, 0xF8, 0x00, 0x00, 0x7F,
  0xFF, 0xFE, 0x00, 0x00, 0x1F, 0xFF, 0xFF, 0x80, 0x00, 0x07, 0xFF, 0xFF,
  0xE0, 0x00, 0x01, 0xFF, 0xFF, 0xF8, 0x00, 0x00, 0x7F, 0xFF, 0xFE, 0x00,
  0x00, 0x1F, 0xFF, 0xFF, 0x80, 0x00, 0x07, 0xFF, 0xFF, 0xE0, 0x00, 0x01,
  0xFF, 0xFF, 0xF8, 0x00, 0x00, 0x7F, 0xFF, 0xFE, 0x00, 0x00, 0x1F, 0xFF,
  0xFF, 0x80, 0x00, 0x07, 0xFF, 0xFF, 0xE0, 0x00, 0x01, 0xFF, 0xFF, 0xF8,
  0x00, 0x00, 0x7F, 0xFF, 0xFE, 0x00, 0x00, 0x1F, 0xFF, 0xFF, 0x80, 0x00,
  0x07, 0xFF, 0xFF, 0xE0, 0x00, 0x01, 0xFF, 0xFF, 0xF8, 0x00, 0x00, 0x7F,
  0xFF, 0xFE, 0x00, 0x00, 0x1F, 0xFF, 0xFF, 0x80, 0x00, 0x07, 0xFF, 0xFF,
  0xF0, 0x00, 0x03, 0xFF, 0xFF, 0xFC, 0x00, 0x00, 0xFF, 0xFF, 0xFF, 0x80,
  0x00, 0x7F, 0xFD, 0xFF, 0xF0, 0x00, 0x7F, 0xFE, 0x7F, 0xFF, 0xFF, 0xFF,
  0xFF, 0x8F, 0xFF, 0xFF, 0xFF, 0xFF, 0xE3, 0xFF, 0xFF, 0xFF, 0xFF, 0xF0,
  0x7F, 0xFF, 0xFF, 0xFF, 0xF8, 0x0F, 0xFF, 0xFF, 0xFF, 0xFE, 0x01, 0xFF,
  0xFF, 0xFF, 0xFF, 0x00, 0x3F, 0xFF, 0xFF, 0xFF, 0x00, 0x03, 0xFF, 0xFF,
  0xFF, 0x00, 0x00, 0x0F, 0xFF, 0xFE, 0x00, 0x00, 0xFF, 0xF8, 0x00, 0x00,
  0x3F, 0xFF, 0xFF, 0xE0, 0x00, 0x00, 0xFF, 0xFF, 0xFF, 0x80, 0x00, 0x07,
  0xFF, 0x9F, 0xFF, 0x00, 0x00, 0x1F, 0xFE, 0x7F, 0xFC, 0x00, 0x00, 0x7F,
  0xF9, 0xFF, 0xF0, 0x00, 0x01, 0xFF, 0xC3, 0xFF, 0xC0, 0x00, 0x0F, 0xFF,
  0x0F, 0xFF, 0x80, 0x00, 0x3F, 0xFC, 0x3F, 0xFE, 0x00, 0x00, 0xFF, 0xE0,
  0x7F, 0xF8, 0x00, 0x07, 0xFF, 0x81, 0xFF, 0xE0, 0x00, 0x1F, 0xFE, 0x07,
  0xFF, 0xC0, 0x00, 0x7F, 0xF0, 0x0F, 0xFF, 0x00, 0x03, 0xFF, 0xC0, 0x3F,
  0xFC, 0x00, 0x0F, 0xFF, 0x00, 0xFF, 0xF8, 0x00, 0x3F, 0xF8, 0x01, 0xFF,
  0xE0, 0x00, 0xFF, 0xE0, 0x07, 0xFF, 0x80, 0x07, 0xFF, 0x80, 0x1F, 0xFE,
  0x00, 0x1F, 0xFC, 0x00, 0x3F, 0xFC, 0x00, 0x7F, 0xF0, 0x00, 0xFF, 0xF0,
  0x03, 0xFF, 0xC0, 0x03, 0xFF, 0xC0, 0x0F, 0xFE, 0x00, 0x07, 0xFF, 0x80,
  0x3F, 0xF8, 0x00, 0x1F, 0xFE, 0x00, 0xFF, 0xE0, 0x00, 0x7F, 0xF8, 0x07,
  0xFF, 0x80, 0x00, 0xFF, 0xE0, 0x1F, 0xFC, 0x00, 0x03, 0xFF, 0xC0, 0x7F,
  0xF0, 0x00, 0x0F, 0xFF, 0x03, 0xFF, 0xC0, 0x00, 0x1F, 0xFC, 0x0F, 0xFE,
  0x00, 0x00, 0x7F, 0xF8, 0x3F, 0xF8, 0x00, 0x01, 0xFF, 0xE0, 0xFF, 0xE0,
  0x00, 0x03, 0xFF, 0x87, 0xFF, 0x00, 0x00, 0x0F, 0xFE, 0x1F, 0xFC, 0x00,
  0x00, 0x3F, 0xFC, 0x7F, 0xF0, 0x00, 0x00, 0x7F, 0xF3, 0xFF, 0x80, 0x00,
  0x01, 0xFF, 0xFF, 0xFE, 0x00, 0x00, 0x07, 0xFF, 0xFF, 0xF8, 0x00, 0x00,
  0x0F, 0xFF, 0xFF, 0xC0, 0x00, 0x00, 0x3F, 0xFF, 0xFF, 0x00, 0x00, 0x00,
  0x7F, 0xFF, 0xF8, 0x00, 0x00, 0x01, 0xFF, 0xFF, 0xE0, 0x00, 0x00, 0x03,
  0xFF, 0xFF, 0x00, 0x00, 0x00, 0x07, 0xFF, 0xF8, 0x00, 0x00, 0x00, 0x0F,
  0xFF, 0xC0, 0x00, 0x00, 0x00, 0x0F, 0xFC, 0x00, 0x00, 0x00, 0x00, 0x03,
  0x00, 0x00, 0x00, 0x00, 0x00, 0x00, 0x00, 0x10, 0x00, 0x00, 0x00, 0x03,
  0xFF, 0xC0, 0x00, 0x0F, 0xFC, 0x00, 0x00, 0xFF, 0xFF, 0xFF, 0x00, 0x00,
  0xFF, 0xFC, 0x00, 0x03, 0xFF, 0xFF, 0xFC, 0x00, 0x07, 0xFF, 0xF8, 0x00,
  0x0F, 0xFE, 0xFF, 0xF0, 0x00, 0x3F, 0xFF, 0xF0, 0x00, 0x3F, 0xF9, 0xFF,
  0xC0, 0x01, 0xFF, 0xFF, 0xC0, 0x01, 0xFF, 0xE7, 0xFF, 0x00, 0x07, 0xFF,
  0xFF, 0x80, 0x07, 0xFF, 0x9F, 0xFE, 0x00, 0x3F, 0xFF, 0xFE, 0x00, 0x1F,
  0xFE, 0x7F, 0xF8, 0x00, 0xFF, 0xFF, 0xFC, 0x00, 0x7F, 0xF1, 0xFF, 0xE0,
  0x07, 0xFF, 0xFF, 0xF0, 0x01, 0xFF, 0xC3, 0xFF, 0x80, 0x1F, 0xFF, 0xFF,
  0xC0, 0x07, 0xFF, 0x0F, 0xFE, 0x00, 0x7F, 0xF3, 0xFF, 0x80, 0x3F, 0xFC,
  0x3F, 0xF8, 0x01, 0xFF, 0xCF, 0xFE, 0x00, 0xFF, 0xF0, 0xFF, 0xF0, 0x07,
  0xFE, 0x3F, 0xF8, 0x03, 0xFF, 0xC3, 0xFF, 0xC0, 0x3F, 0xF8, 0xFF, 0xE0,
  0x0F, 0xFE, 0x0F, 0xFF, 0x00, 0xFF, 0xE3, 0xFF, 0x80, 0x3F, 0xF8, 0x1F,
  0xFC, 0x03, 0xFF, 0x87, 0xFF, 0x00, 0xFF, 0xE0, 0x7F, 0xF0, 0x0F, 0xFE,
  0x1F, 0xFC, 0x03, 0xFF, 0x81, 0xFF, 0xC0, 0x3F, 0xF8, 0x7F, 0xF0, 0x1F,
  0xFE, 0x07, 0xFF, 0x00, 0xFF, 0xC1, 0xFF, 0xC0, 0x7F, 0xF0, 0x1F, 0xFE,
  0x07, 0xFF, 0x07, 0xFF, 0x01, 0xFF, 0xC0, 0x7F, 0xF8, 0x1F, 0xFC, 0x1F,
  0xFC, 0x07, 0xFF, 0x00, 0xFF, 0xE0, 0x7F, 0xF0, 0x3F, 0xF8, 0x1F, 0xFC,
  0x03, 0xFF, 0x81, 0xFF, 0xC0, 0xFF, 0xE0, 0x7F, 0xF0, 0x0F, 0xFE, 0x07,
  0xFF, 0x03, 0xFF, 0x81, 0xFF, 0xC0, 0x3F, 0xF8, 0x1F, 0xF8, 0x0F, 0xFE,
  0x0F, 0xFE, 0x00, 0xFF, 0xF0, 0xFF, 0xE0, 0x3F, 0xF8, 0x3F, 0xF8, 0x01,
  0xFF, 0xC3, 0xFF, 0x80, 0xFF, 0xE0, 0xFF, 0xE0, 0x07, 0xFF, 0x0F, 0xFE,
  0x01, 0xFF, 0xC3, 0xFF, 0x80, 0x1F, 0xFC, 0x3F, 0xF8, 0x07, 0xFF, 0x0F,
  0xFE, 0x00, 0x7F, 0xF0, 0xFF, 0xC0, 0x1F, 0xFC, 0x3F, 0xF8, 0x01, 0xFF,
  0xC7, 0xFF, 0x00, 0x7F, 0xF1, 0xFF, 0xC0, 0x07, 0xFF, 0x1F, 0xFC, 0x01,
  0xFF, 0xC7, 0xFF, 0x00, 0x0F, 0xFE, 0x7F, 0xF0, 0x07, 0xFF, 0x1F, 0xFC,
  0x00, 0x3F, 0xF9, 0xFF, 0xC0, 0x0F, 0xFE, 0x7F, 0xF0, 0x00, 0xFF, 0xFF,
  0xFF, 0x00, 0x3F, 0xFF, 0xFF, 0xC0, 0x03, 0xFF, 0xFF, 0xF8, 0x00, 0xFF,
  0xFF, 0xFE, 0x00, 0x07, 0xFF, 0xFF, 0xE0, 0x03, 0xFF, 0xFF, 0xF8, 0x00,
  0x1F, 0xFF, 0xFF, 0x80, 0x07, 0xFF, 0xFF, 0xE0, 0x00, 0x3F, 0xFF, 0xFC,
  0x00, 0x1F, 0xFF, 0xFF, 0x00, 0x00, 0xFF, 0xFF, 0xF0, 0x00, 0x3F, 0xFF,
  0xFC, 0x00, 0x01, 0xFF, 0xFF, 0x80, 0x00, 0xFF, 0xFF, 0xE0, 0x00, 0x03,
  0xFF, 0xFC, 0x00, 0x01, 0xFF, 0xFF, 0x00, 0x00, 0x07, 0xFF, 0xE0, 0x00,
  0x01, 0xFF, 0xF8, 0x00, 0x00, 0x0F, 0xFE, 0x00, 0x00, 0x03, 0xFF, 0x80,
  0x00, 0x00, 0x01, 0x80, 0x00, 0x00, 0x00, 0x60, 0x00, 0x00, 0xFF, 0xFC,
  0x00, 0x00, 0x3F, 0xFE, 0x7F, 0xFC, 0x00, 0x00, 0x7F, 0xFC, 0x7F, 0xFE,
  0x00, 0x00, 0x7F, 0xFC, 0x3F, 0xFF, 0x00, 0x00, 0xFF, 0xF8, 0x1F, 0xFF,
  0x00, 0x01, 0xFF, 0xF0, 0x0F, 0xFF, 0x80, 0x01, 0xFF, 0xF0, 0x0F, 0xFF,
  0xC0, 0x03, 0xFF, 0xE0, 0x07, 0xFF, 0xC0, 0x07, 0xFF, 0xC0, 0x03, 0xFF,
  0xE0, 0x0F, 0xFF, 0x80, 0x01, 0xFF, 0xF0, 0x0F, 0xFF, 0x80, 0x01, 0xFF,
  0xF0, 0x1F, 0xFF, 0x00, 0x00, 0xFF, 0xF8, 0x3F, 0xFE, 0x00, 0x00, 0x7F,
  0xFC, 0x3F, 0xFE, 0x00, 0x00, 0x3F, 0xFE, 0x7F, 0xFC, 0x00, 0x00, 0x3F,
  0xFF, 0xFF, 0xF8, 0x00, 0x00, 0x1F, 0xFF, 0xFF, 0xF0, 0x00, 0x00, 0x0F,
  0xFF, 0xFF, 0xF0, 0x00, 0x00, 0x0F, 0xFF, 0xFF, 0xE0, 0x00, 0x00, 0x07,
  0xFF, 0xFF, 0xC0, 0x00, 0x00, 0x03, 0xFF, 0xFF, 0xC0, 0x00, 0x00, 0x01,
  0xFF, 0xFF, 0x80, 0x00, 0x00, 0x01, 0xFF, 0xFF, 0x00, 0x00, 0x00, 0x00,
  0xFF, 0xFF, 0x00, 0x00, 0x00, 0x01, 0xFF, 0xFF, 0x80, 0x00, 0x00, 0x03,
  0xFF, 0xFF, 0x80, 0x00, 0x00, 0x07, 0xFF, 0xFF, 0xC0, 0x00, 0x00, 0x07,
  0xFF, 0xFF, 0xE0, 0x00, 0x00, 0x0F, 0xFF, 0xFF, 0xF0, 0x00, 0x00, 0x1F,
  0xFF, 0xFF, 0xF0, 0x00, 0x00, 0x3F, 0xFF, 0xFF, 0xF8, 0x00, 0x00, 0x3F,
  0xFC, 0x7F, 0xFC, 0x00, 0x00, 0x7F, 0xF8, 0x3F, 0xFE, 0x00, 0x00, 0xFF,
  0xF8, 0x1F, 0xFE, 0x00, 0x00, 0xFF, 0xF0, 0x0F, 0xFF, 0x00, 0x01, 0xFF,
  0xE0, 0x0F, 0xFF, 0x80, 0x03, 0xFF, 0xE0, 0x07, 0xFF, 0xC0, 0x07, 0xFF,
  0xC0, 0x03, 0xFF, 0xC0, 0x07, 0xFF, 0x80, 0x03, 0xFF, 0xE0, 0x0F, 0xFF,
  0x80, 0x01, 0xFF, 0xF0, 0x1F, 0xFF, 0x00, 0x00, 0xFF, 0xF8, 0x1F, 0xFE,
  0x00, 0x00, 0x7F, 0xF8, 0x3F, 0xFE, 0x00, 0x00, 0x7F, 0xFC, 0x7F, 0xFC,
  0x00, 0x00, 0x3F, 0xFE, 0xFF, 0xF8, 0x00, 0x00, 0x1F, 0xFF, 0xFF, 0xF8,
  0x00, 0x00, 0x7F, 0xFF, 0xFF, 0xE0, 0x00, 0x07, 0xFF, 0xDF, 0xFF, 0x00,
  0x00, 0x3F, 0xFC, 0x7F, 0xFC, 0x00, 0x03, 0xFF, 0xC3, 0xFF, 0xE0, 0x00,
  0x3F, 0xFE, 0x0F, 0xFF, 0x80, 0x01, 0xFF, 0xE0, 0x7F, 0xFC, 0x00, 0x1F,
  0xFF, 0x01, 0xFF, 0xF0, 0x00, 0xFF, 0xF0, 0x07, 0xFF, 0xC0, 0x0F, 0xFF,
  0x00, 0x3F, 0xFE, 0x00, 0xFF, 0xF8, 0x00, 0xFF, 0xF8, 0x07, 0xFF, 0x80,
  0x07, 0xFF, 0xC0, 0x7F, 0xFC, 0x00, 0x1F, 0xFF, 0x03, 0xFF, 0xC0, 0x00,
  0x7F, 0xF8, 0x3F, 0xFC, 0x00, 0x03, 0xFF, 0xE3, 0xFF, 0xE0, 0x00, 0x0F,
  0xFF, 0x9F, 0xFE, 0x00, 0x00, 0x7F, 0xFF, 0xFF, 0xF0, 0x00, 0x01, 0xFF,
  0xFF, 0xFF, 0x00, 0x00, 0x07, 0xFF, 0xFF, 0xF0, 0x00, 0x00, 0x3F, 0xFF,
  0xFF, 0x80, 0x00, 0x00, 0xFF, 0xFF, 0xF8, 0x00, 0x00, 0x07, 0xFF, 0xFF,
  0xC0, 0x00, 0x00, 0x1F, 0xFF, 0xFC, 0x00, 0x00, 0x00, 0x7F, 0xFF, 0xC0,
  0x00, 0x00, 0x03, 0xFF, 0xFE, 0x00, 0x00, 0x00, 0x0F, 0xFF, 0xE0, 0x00,
  0x00, 0x00, 0x7F, 0xFF, 0x00, 0x00, 0x00, 0x01, 0xFF, 0xF0, 0x00, 0x00,
  0x00, 0x07, 0xFF, 0x00, 0x00, 0x00, 0x00, 0x3F, 0xF8, 0x00, 0x00, 0x00,
  0x01, 0xFF, 0xC0, 0x00, 0x00, 0x00, 0x0F, 0xFE, 0x00, 0x00, 0x00, 0x00,
  0x7F, 0xF0, 0x00, 0x00, 0x00, 0x03, 0xFF, 0x80, 0x00, 0x00, 0x00, 0x1F,
  0xFC, 0x00, 0x00, 0x00, 0x00, 0xFF, 0xE0, 0x00, 0x00, 0x00, 0x07, 0xFF,
  0x00, 0x00, 0x00, 0x00, 0x3F, 0xF8, 0x00, 0x00, 0x00, 0x01, 0xFF, 0xC0,
  0x00, 0x00, 0x00, 0x0F, 0xFE, 0x00, 0x00, 0x00, 0x00, 0x7F, 0xF0, 0x00,
  0x00, 0x00, 0x03, 0xFF, 0x80, 0x00, 0x00, 0x00, 0x1F, 0xFC, 0x00, 0x00,
  0x00, 0x00, 0xFF, 0xE0, 0x00, 0x00, 0x3F, 0xFF, 0xFF, 0xFF, 0x00, 0x3F,
  0xFF, 0xFF, 0xFF, 0xE0, 0x3F, 0xFF, 0xFF, 0xFF, 0xF8, 0x3F, 0xFF, 0xFF,
  0xFF, 0xFC, 0x3F, 0xFF, 0xFF, 0xFF, 0xFE, 0x3F, 0xFF, 0xFF, 0xFF, 0xFE,
  0x3F, 0xFF, 0xFF, 0xFF, 0xFE, 0x3F, 0xFF, 0xFF, 0xFF, 0xFF, 0x3F, 0xFF,
  0xFF, 0xFF, 0xFF, 0x3F, 0xFF, 0xFF, 0xFF, 0xFF, 0x00, 0x00, 0x00, 0x1F,
  0xFF, 0x00, 0x00, 0x00, 0x0F, 0xFE, 0x00, 0x00, 0x00, 0x1F, 0xFE, 0x00,
  0x00, 0x00, 0x7F, 0xFE, 0x00, 0x00, 0x01, 0xFF, 0xFC, 0x00, 0x00, 0x07,
  0xFF, 0xF8, 0x00, 0x00, 0x0F, 0xFF, 0xF8, 0x00, 0x00, 0x3F, 0xFF, 0xF0,
  0x00, 0x00, 0xFF, 0xFF, 0xE0, 0x00, 0x03, 0xFF, 0xFF, 0x80, 0x00, 0x0F,
  0xFF, 0xFF, 0x00, 0x00, 0x1F, 0xFF, 0xFC, 0x00, 0x00, 0x7F, 0xFF, 0xF0,
  0x00, 0x01, 0xFF, 0xFF, 0xC0, 0x00, 0x03, 0xFF, 0xFF, 0x80, 0x00, 0x0F,
  0xFF, 0xFE, 0x00, 0x00, 0x1F, 0xFF, 0xF8, 0x00, 0x00, 0x3F, 0xFF, 0xE0,
  0x00, 0x00, 0x3F, 0xFF, 0x80, 0x00, 0x00, 0x7F, 0xFF, 0x00, 0x00, 0x00,
  0x7F, 0xFC, 0x00, 0x00, 0x00, 0xFF, 0xF0, 0x00, 0x00, 0x00, 0xFF, 0xF0,
  0x00, 0x00, 0x00, 0xFF, 0xF0, 0x00, 0x00, 0x00, 0xFF, 0xFF, 0xFF, 0xFF,
  0xFE, 0xFF, 0xFF, 0xFF, 0xFF, 0xFE, 0xFF, 0xFF, 0xFF, 0xFF, 0xFE, 0x7F,
  0xFF, 0xFF, 0xFF, 0xFE, 0x7F, 0xFF, 0xFF, 0xFF, 0xFE, 0x3F, 0xFF, 0xFF,
  0xFF, 0xFE, 0x3F, 0xFF, 0xFF, 0xFF, 0xFE, 0x0F, 0xFF, 0xFF, 0xFF, 0xFE,
  0x07, 0xFF, 0xFF, 0xFF, 0xFE, 0x00, 0xFF, 0xFF, 0xFF, 0xFE, 0xFF, 0xFF,
  0xFF, 0xFF, 0xFF, 0xFF, 0xFF, 0xFF, 0xFF, 0xFF, 0xFF, 0xFF, 0xFF, 0xFF,
  0xFF, 0xFF, 0xFF, 0xFF, 0xE0, 0x7F, 0xF0, 0x3F, 0xF8, 0x1F, 0xFC, 0x0F,
  0xFE, 0x07, 0xFF, 0x03, 0xFF, 0x81, 0xFF, 0xC0, 0xFF, 0xE0, 0x7F, 0xF0,
  0x3F, 0xF8, 0x1F, 0xFC, 0x0F, 0xFE, 0x07, 0xFF, 0x03, 0xFF, 0x81, 0xFF,
  0xC0, 0xFF, 0xE0, 0x7F, 0xF0, 0x3F, 0xF8, 0x1F, 0xFC, 0x0F, 0xFE, 0x07,
  0xFF, 0x03, 0xFF, 0x81, 0xFF, 0xC0, 0xFF, 0xE0, 0x7F, 0xF0, 0x3F, 0xF8,
  0x1F, 0xFC, 0x0F, 0xFE, 0x07, 0xFF, 0x03, 0xFF, 0x81, 0xFF, 0xC0, 0xFF,
  0xE0, 0x7F, 0xF0, 0x3F, 0xF8, 0x1F, 0xFC, 0x0F, 0xFE, 0x07, 0xFF, 0x03,
  0xFF, 0xFF, 0xFF, 0xFF, 0xFF, 0xFF, 0xFF, 0xFF, 0xFF, 0xFF, 0xFF, 0xFF,
  0xFF, 0xFF, 0xFF, 0xFF, 0xFC, 0xFF, 0xC0, 0x07, 0xFE, 0x00, 0x3F, 0xF0,
  0x01, 0xFF, 0x80, 0x07, 0xFE, 0x00, 0x3F, 0xF0, 0x01, 0xFF, 0x80, 0x0F,
  0xFC, 0x00, 0x3F, 0xF0, 0x01, 0xFF, 0x80, 0x0F, 0xFC, 0x00, 0x7F, 0xE0,
  0x03, 0xFF, 0x00, 0x0F, 0xFC, 0x00, 0x7F, 0xE0, 0x03, 0xFF, 0x00, 0x1F,
  0xF8, 0x00, 0x7F, 0xE0, 0x03, 0xFF, 0x00, 0x1F, 0xF8, 0x00, 0xFF, 0xC0,
  0x03, 0xFF, 0x00, 0x1F, 0xF8, 0x00, 0xFF, 0xC0, 0x07, 0xFE, 0x00, 0x1F,
  0xF8, 0x00, 0xFF, 0xC0, 0x07, 0xFE, 0x00, 0x3F, 0xF0, 0x01, 0xFF, 0x80,
  0x07, 0xFE, 0x00, 0x3F, 0xF0, 0x01, 0xFF, 0x80, 0x0F, 0xFC, 0x00, 0x3F,
  0xF0, 0x01, 0xFF, 0x80, 0x0F, 0xFC, 0x00, 0x7F, 0xE0, 0x01, 0xFF, 0x80,
  0x0F, 0xFC, 0x00, 0x7F, 0xE0, 0x03, 0xFF, 0x00, 0x1F, 0xF8, 0x00, 0x7F,
  0xE0, 0x03, 0xFF, 0x00, 0x1F, 0xF8, 0x00, 0xFF, 0xC0, 0x03, 0xFF, 0x00,
  0x1F, 0xF8, 0x00, 0xFF, 0xC0, 0xFF, 0xFF, 0xFF, 0xFF, 0xFF, 0xFF, 0xFF,
  0xFF, 0xFF, 0xFF, 0xFF, 0xFF, 0xFF, 0xFF, 0xFF, 0xFF, 0x03, 0xFF, 0x03,
  0xFF, 0x03, 0xFF, 0x03, 0xFF, 0x03, 0xFF, 0x03, 0xFF, 0x03, 0xFF, 0x03,
  0xFF, 0x03, 0xFF, 0x03, 0xFF, 0x03, 0xFF, 0x03, 0xFF, 0x03, 0xFF, 0x03,
  0xFF, 0x03, 0xFF, 0x03, 0xFF, 0x03, 0xFF, 0x03, 0xFF, 0x03, 0xFF, 0x03,
  0xFF, 0x03, 0xFF, 0x03, 0xFF, 0x03, 0xFF, 0x03, 0xFF, 0x03, 0xFF, 0x03,
  0xFF, 0x03, 0xFF, 0x03, 0xFF, 0x03, 0xFF, 0x03, 0xFF, 0x03, 0xFF, 0x03,
  0xFF, 0x03, 0xFF, 0x03, 0xFF, 0x03, 0xFF, 0x03, 0xFF, 0x03, 0xFF, 0x03,
  0xFF, 0xFF, 0xFF, 0xFF, 0xFF, 0xFF, 0xFF, 0xFF, 0xFF, 0xFF, 0xFF, 0xFF,
  0xFF, 0xFF, 0xFF, 0xFF, 0xFF, 0x00, 0x20, 0x00, 0x03, 0xF0, 0x00, 0x3F,
  0xE0, 0x01, 0xFF, 0xC0, 0x07, 0xFF, 0x80, 0x3F, 0xFE, 0x01, 0xFF, 0xFC,
  0x07, 0xFF, 0xF8, 0x3F, 0xCF, 0xF1, 0xFE, 0x3F, 0xC7, 0xF8, 0x7F, 0xBF,
  0xC0, 0xFF, 0xFF, 0xFF, 0xFF, 0xFF, 0xFF, 0xFF, 0xFF, 0xFF, 0xFF, 0xFF,
  0xFF, 0xFF, 0xFF, 0xFF, 0xFF, 0xFF, 0xFF, 0xFF, 0xFF, 0xFF, 0xFF, 0xFF,
  0xFF, 0xFF, 0xFF, 0xFF, 0xFF, 0xFF, 0xFF, 0xFF, 0xFF, 0xFF, 0xF0, 0xFF,
  0xC3, 0xFE, 0x1F, 0xF0, 0x7F, 0xC3, 0xFE, 0x1F, 0xF0, 0x7F, 0xC3, 0xFE,
  0x0F, 0xF0, 0x7F, 0xC3, 0xFE, 0x7F, 0xFF, 0xFC, 0x00, 0x0F, 0xFF, 0xFF,
  0xF8, 0x01, 0xFF, 0xFF, 0xFF, 0xC0, 0x3F, 0xFF, 0xFF, 0xFE, 0x07, 0xFF,
  0xFF, 0xFF, 0xE0, 0xFF, 0xFF, 0xFF, 0xFE, 0x1F, 0xFF, 0xFF, 0xFF, 0xC3,
  0xFF, 0xFF, 0xFF, 0xFC, 0x00, 0x00, 0x1F, 0xFF, 0x80, 0x00, 0x07, 0xFF,
  0xF8, 0x00, 0x03, 0xFF, 0xFF, 0x00, 0x00, 0xFF, 0xFF, 0xE0, 0x00, 0x7F,
  0xFF, 0xFE, 0x00, 0x1F, 0xFF, 0xFF, 0xC0, 0x0F, 0xFF, 0xFF, 0xF8, 0x03,
  0xFF, 0xFF, 0xFF, 0x01, 0xFF, 0xFC, 0xFF, 0xE0, 0x7F, 0xFF, 0x1F, 0xFC,
  0x1F, 0xFF, 0xC3, 0xFF, 0x8F, 0xFF, 0xE0, 0x7F, 0xF3, 0xFF, 0xF8, 0x0F,
  0xFE, 0xFF, 0xFE, 0x01, 0xFF, 0xDF, 0xFF, 0x80, 0x3F, 0xFF, 0xFF, 0xC0,
  0x07, 0xFF, 0xFF, 0xF0, 0x00, 0xFF, 0xFF, 0xFE, 0x00, 0x1F, 0xFF, 0xFF,
  0xF0, 0x03, 0xFF, 0xFF, 0xFF, 0xFF, 0xFF, 0xFF, 0xFF, 0xFF, 0xFF, 0xFF,
  0xFF, 0xFF, 0xFF, 0xFF, 0xDF, 0xFF, 0xFF, 0xFF, 0xFB, 0xFF, 0xFF, 0xFF,
  0xFF, 0x3F, 0xFF, 0xFF, 0xFF, 0xE1, 0xFF, 0xFF, 0xFF, 0xFC, 0x0F, 0xFF,
  0xFF, 0xFF, 0x80, 0xFF, 0xF0, 0x00, 0x00, 0x01, 0xFF, 0xE0, 0x00, 0x00,
  0x03, 0xFF, 0xC0, 0x00, 0x00, 0x07, 0xFF, 0x80, 0x00, 0x00, 0x0F, 0xFF,
  0x00, 0x00, 0x00, 0x1F, 0xFE, 0x00, 0x00, 0x00, 0x3F, 0xFC, 0x00, 0x00,
  0x00, 0x7F, 0xF8, 0x00, 0x00, 0x00, 0xFF, 0xFF, 0xFF, 0xFC, 0x01, 0xFF,
  0xFF, 0xFF, 0xFE, 0x03, 0xFF, 0xFF, 0xFF, 0xFF, 0x07, 0xFF, 0xFF, 0xFF,
  0xFF, 0x0F, 0xFF, 0xFF, 0xFF, 0xFF, 0x1F, 0xFF, 0xFF, 0xFF, 0xFF, 0x3F,
  0xFF, 0xFF, 0xFF, 0xFE, 0x7F, 0xFF, 0xFF, 0xFF, 0xFE, 0xFF, 0xF0, 0x03,
  0xFF, 0xFD, 0xFF, 0xE0, 0x00, 0x7F, 0xFB, 0xFF, 0xC0, 0x00, 0x7F, 0xFF,
  0xFF, 0x80, 0x00, 0xFF, 0xFF, 0xFF, 0x00, 0x00, 0xFF, 0xFF, 0xFE, 0x00,
  0x01, 0xFF, 0xFF, 0xFC, 0x00, 0x03, 0xFF, 0xFF, 0xF8, 0x00, 0x07, 0xFF,
  0xFF, 0xF0, 0x00, 0x0F, 0xFF, 0xFF, 0xE0, 0x00, 0x1F, 0xFF, 0xFF, 0xC0,
  0x00, 0x3F, 0xFF, 0xFF, 0x80, 0x00, 0x7F, 0xFF, 0xFF, 0x00, 0x00, 0xFF,
  0xFF, 0xFE, 0x00, 0x01, 0xFF, 0xFF, 0xFC, 0x00, 0x03, 0xFF, 0xFF, 0xF8,
  0x00, 0x07, 0xFF, 0xFF, 0xF0, 0x00, 0x1F, 0xFF, 0xFF, 0xE0, 0x00, 0x3F,
  0xFF, 0xFF, 0xC0, 0x00, 0xFF, 0xF7, 0xFF, 0x80, 0x1F, 0xFF, 0xEF, 0xFF,
  0xFF, 0xFF, 0xFF, 0xDF, 0xFF, 0xFF, 0xFF, 0xFF, 0x3F, 0xFF, 0xFF, 0xFF,
  0xFE, 0x7F, 0xFF, 0xFF, 0xFF, 0xF8, 0xFF, 0xFF, 0xFF, 0xFF, 0xE1, 0xFF,
  0xFF, 0xFF, 0xFF, 0x83, 0xFF, 0xFF, 0xFF, 0xFC, 0x07, 0xFF, 0xFF, 0xFF,
  0xC0, 0x00, 0x00, 0x0F, 0xFF, 0xFF, 0x00, 0x7F, 0xFF, 0xFF, 0x03, 0xFF,
  0xFF, 0xFF, 0x07, 0xFF, 0xFF, 0xFF, 0x0F, 0xFF, 0xFF, 0xFF, 0x1F, 0xFF,
  0xFF, 0xFF, 0x3F, 0xFF, 0xFF, 0xFF, 0x3F, 0xFF, 0xFF, 0xFF, 0x7F, 0xFF,
  0xC0, 0x00, 0x7F, 0xFC, 0x00, 0x00, 0x7F, 0xF8, 0x00, 0x00, 0xFF, 0xF0,
  0x00, 0x00, 0xFF, 0xF0, 0x00, 0x00, 0xFF, 0xF0, 0x00, 0x00, 0xFF, 0xF0,
  0x00, 0x00, 0xFF, 0xF0, 0x00, 0x00, 0xFF, 0xF0, 0x00, 0x00, 0xFF, 0xF0,
  0x00, 0x00, 0xFF, 0xF0, 0x00, 0x00, 0xFF, 0xF0, 0x00, 0x00, 0xFF, 0xF0,
  0x00, 0x00, 0xFF, 0xF0, 0x00, 0x00, 0xFF, 0xF0, 0x00, 0x00, 0xFF, 0xF0,
  0x00, 0x00, 0x7F, 0xF0, 0x00, 0x00, 0x7F, 0xF8, 0x00, 0x00, 0x7F, 0xFF,
  0xC0, 0x00, 0x3F, 0xFF, 0xFF, 0xFF, 0x3F, 0xFF, 0xFF, 0xFF, 0x1F, 0xFF,
  0xFF, 0xFF, 0x0F, 0xFF, 0xFF, 0xFF, 0x07, 0xFF, 0xFF, 0xFF, 0x03, 0xFF,
  0xFF, 0xFF, 0x00, 0xFF, 0xFF, 0xFF, 0x00, 0x0F, 0xFF, 0xFF, 0x00, 0x00,
  0x00, 0x0F, 0xFE, 0x00, 0x00, 0x00, 0x1F, 0xFC, 0x00, 0x00, 0x00, 0x3F,
  0xF8, 0x00, 0x00, 0x00, 0x7F, 0xF0, 0x00, 0x00, 0x00, 0xFF, 0xE0, 0x00,
  0x00, 0x01, 0xFF, 0xC0, 0x00, 0x00, 0x03, 0xFF, 0x80, 0x00, 0x00, 0x07,
  0xFF, 0x00, 0x00, 0x00, 0x0F, 0xFE, 0x00, 0x7F, 0xFF, 0xFF, 0xFC, 0x07,
  0xFF, 0xFF, 0xFF, 0xF8, 0x1F, 0xFF, 0xFF, 0xFF, 0xF0, 0x7F, 0xFF, 0xFF,
  0xFF, 0xE1, 0xFF, 0xFF, 0xFF, 0xFF, 0xC7, 0xFF, 0xFF, 0xFF, 0xFF, 0x9F,
  0xFF, 0xFF, 0xFF, 0xFF, 0x3F, 0xFF, 0xFF, 0xFF, 0xFE, 0xFF, 0xFF, 0x00,
  0x1F, 0xFD, 0xFF, 0xF0, 0x00, 0x3F, 0xFB, 0xFF, 0xC0, 0x00, 0x7F, 0xF7,
  0xFF, 0x00, 0x00, 0xFF, 0xFF, 0xFE, 0x00, 0x01, 0xFF, 0xFF, 0xFC, 0x00,
  0x03, 0xFF, 0xFF, 0xF8, 0x00, 0x07, 0xFF, 0xFF, 0xF0, 0x00, 0x0F, 0xFF,
  0xFF, 0xE0, 0x00, 0x1F, 0xFF, 0xFF, 0xC0, 0x00, 0x3F, 0xFF, 0xFF, 0x80,
  0x00, 0x7F, 0xFF, 0xFF, 0x00, 0x00, 0xFF, 0xFF, 0xFE, 0x00, 0x01, 0xFF,
  0xFF, 0xFC, 0x00, 0x03, 0xFF, 0xFF, 0xF8, 0x00, 0x07, 0xFF, 0x7F, 0xF0,
  0x00, 0x0F, 0xFE, 0xFF, 0xF0, 0x00, 0x1F, 0xFD, 0xFF, 0xE0, 0x00, 0x3F,
  0xFB, 0xFF, 0xFC, 0x00, 0x7F, 0xF3, 0xFF, 0xFF, 0xFF, 0xFF, 0xE7, 0xFF,
  0xFF, 0xFF, 0xFF, 0xC7, 0xFF, 0xFF, 0xFF, 0xFF, 0x87, 0xFF, 0xFF, 0xFF,
  0xFF, 0x07, 0xFF, 0xFF, 0xFF, 0xFE, 0x07, 0xFF, 0xFF, 0xFF, 0xFC, 0x07,
  0xFF, 0xFF, 0xFF, 0xF8, 0x01, 0xFF, 0xFF, 0xFF, 0xF0, 0x00, 0x00, 0x70,
  0x00, 0x00, 0x01, 0xFF, 0xFF, 0x80, 0x00, 0x7F, 0xFF, 0xFF, 0x00, 0x07,
  0xFF, 0xFF, 0xFE, 0x00, 0xFF, 0xFF, 0xFF, 0xF8, 0x0F, 0xFF, 0xFF, 0xFF,
  0xE0, 0x7F, 0xFF, 0xFF, 0xFF, 0x87, 0xFF, 0xFF, 0xFF, 0xFC, 0x3F, 0xFF,
  0xFF, 0xFF, 0xF3, 0xFF, 0xC0, 0x07, 0xFF, 0x9F, 0xFC, 0x00, 0x1F, 0xFC,
  0xFF, 0xE0, 0x00, 0x7F, 0xEF, 0xFF, 0x00, 0x03, 0xFF, 0x7F, 0xF8, 0x00,
  0x1F, 0xFF, 0xFF, 0xFF, 0xFF, 0xFF, 0xFF, 0xFF, 0xFF, 0xFF, 0xFF, 0xFF,
  0xFF, 0xFF, 0xFF, 0xFF, 0xFF, 0xFF, 0xFF, 0xFF, 0xFF, 0xFF, 0xFF, 0xFF,
  0xFF, 0xFF, 0xFF, 0xFF, 0xFF, 0xFF, 0xFF, 0xFF, 0xFF, 0xFF, 0xFF, 0xF8,
  0x00, 0x00, 0x03, 0xFF, 0xC0, 0x00, 0x00, 0x1F, 0xFE, 0x00, 0x00, 0x00,
  0x7F, 0xF0, 0x00, 0x00, 0x03, 0xFF, 0x80, 0x00, 0x00, 0x1F, 0xFE, 0x00,
  0x00, 0x00, 0xFF, 0xFF, 0x00, 0x00, 0x03, 0xFF, 0xFF, 0xFF, 0xFF, 0x1F,
  0xFF, 0xFF, 0xFF, 0xF8, 0x7F, 0xFF, 0xFF, 0xFF, 0xC1, 0xFF, 0xFF, 0xFF,
  0xFE, 0x07, 0xFF, 0xFF, 0xFF, 0xF0, 0x0F, 0xFF, 0xFF, 0xFF, 0x80, 0x1F,
  0xFF, 0xFF, 0xFC, 0x00, 0x0F, 0xFF, 0xFF, 0xE0, 0x00, 0x07, 0xFF, 0xC0,
  0x0F, 0xFF, 0xF0, 0x07, 0xFF, 0xFC, 0x03, 0xFF, 0xFF, 0x01, 0xFF, 0xFF,
  0xC0, 0x7F, 0xFF, 0xF0, 0x3F, 0xFF, 0xFC, 0x0F, 0xFC, 0x00, 0x03, 0xFE,
  0x00, 0x01, 0xFF, 0x80, 0x00, 0x7F, 0xE0, 0x03, 0xFF, 0xFF, 0xFF, 0xFF,
  0xFF, 0xFF, 0xFF, 0xFF, 0xFF, 0xFF, 0xFF, 0xFF, 0xFF, 0xFF, 0xFF, 0xFF,
  0xFF, 0xFF, 0xFF, 0xFF, 0xFF, 0xFF, 0xFF, 0xFF, 0xFF, 0xFC, 0x1F, 0xFC,
  0x00, 0x07, 0xFF, 0x00, 0x01, 0xFF, 0xC0, 0x00, 0x7F, 0xF0, 0x00, 0x1F,
  0xFC, 0x00, 0x07, 0xFF, 0x00, 0x01, 0xFF, 0xC0, 0x00, 0x7F, 0xF0, 0x00,
  0x1F, 0xFC, 0x00, 0x07, 0xFF, 0x00, 0x01, 0xFF, 0xC0, 0x00, 0x7F, 0xF0,
  0x00, 0x1F, 0xFC, 0x00, 0x07, 0xFF, 0x00, 0x01, 0xFF, 0xC0, 0x00, 0x7F,
  0xF0, 0x00, 0x1F, 0xFC, 0x00, 0x07, 0xFF, 0x00, 0x01, 0xFF, 0xC0, 0x00,
  0x7F, 0xF0, 0x00, 0x1F, 0xFC, 0x00, 0x07, 0xFF, 0x00, 0x01, 0xFF, 0xC0,
  0x00, 0x7F, 0xF0, 0x00, 0x1F, 0xFC, 0x00, 0x07, 0xFF, 0x00, 0x01, 0xFF,
  0xC0, 0x00, 0x00, 0x3F, 0xFF, 0xFF, 0xFC, 0x07, 0xFF, 0xFF, 0xFF, 0xF0,
  0x3F, 0xFF, 0xFF, 0xFF, 0xC3, 0xFF, 0xFF, 0xFF, 0xFF, 0x1F, 0xFF, 0xFF,
  0xFF, 0xFC, 0x7F, 0xFF, 0xFF, 0xFF, 0xF3, 0xFF, 0xFF, 0xFF, 0xFF, 0xCF,
  0xFF, 0xFF, 0xFF, 0xFF, 0x7F, 0xFF, 0x80, 0x1F, 0xFD, 0xFF, 0xE0, 0x00,
  0x7F, 0xF7, 0xFF, 0x00, 0x01, 0xFF, 0xFF, 0xFC, 0x00, 0x07, 0xFF, 0xFF,
  0xF0, 0x00, 0x1F, 0xFF, 0xFF, 0xC0, 0x00, 0x7F, 0xFF, 0xFF, 0x00, 0x01,
  0xFF, 0xFF, 0xFC, 0x00, 0x07, 0xFF, 0xFF, 0xF0, 0x00, 0x1F, 0xFF, 0xFF,
  0xC0, 0x00, 0x7F, 0xFF, 0xFF, 0x00, 0x01, 0xFF, 0xFF, 0xFC, 0x00, 0x07,
  0xFF, 0x7F, 0xF0, 0x00, 0x1F, 0xFD, 0xFF, 0xE0, 0x00, 0x7F, 0xF7, 0xFF,
  0xF8, 0x01, 0xFF, 0xDF, 0xFF, 0xFF, 0xFF, 0xFF, 0x3F, 0xFF, 0xFF, 0xFF,
  0xFC, 0x7F, 0xFF, 0xFF, 0xFF, 0xF1, 0xFF, 0xFF, 0xFF, 0xFF, 0xC3, 0xFF,
  0xFF, 0xFF, 0xFF, 0x07, 0xFF, 0xFF, 0xFF, 0xFC, 0x07, 0xFF, 0xFF, 0xFF,
  0xF0, 0x03, 0xFF, 0xFF, 0xFF, 0xC0, 0x00, 0x00, 0x07, 0xFF, 0x00, 0x00,
  0x00, 0x1F, 0xFC, 0x00, 0x00, 0x00, 0xFF, 0xF0, 0x00, 0x00, 0x03, 0xFF,
  0xC0, 0x00, 0x01, 0xFF, 0xFE, 0x1F, 0xFF, 0xFF, 0xFF, 0xF8, 0x7F, 0xFF,
  0xFF, 0xFF, 0xC1, 0xFF, 0xFF, 0xFF, 0xFF, 0x07, 0xFF, 0xFF, 0xFF, 0xF8,
  0x1F, 0xFF, 0xFF, 0xFF, 0xC0, 0x7F, 0xFF, 0xFF, 0xFE, 0x01, 0xFF, 0xFF,
  0xFF, 0xC0, 0x07, 0xFF, 0xFF, 0xF8, 0x00, 0xFF, 0xF0, 0x00, 0x00, 0x07,
  0xFF, 0x80, 0x00, 0x00, 0x3F, 0xFC, 0x00, 0x00, 0x01, 0xFF, 0xE0, 0x00,
  0x00, 0x0F, 0xFF, 0x00, 0x00, 0x00, 0x7F, 0xF8, 0x00, 0x00, 0x03, 0xFF,
  0xC0, 0x00, 0x00, 0x1F, 0xFE, 0x00, 0x00, 0x00, 0xFF, 0xF0, 0x00, 0x00,
  0x07, 0xFF, 0xFF, 0xFF, 0x00, 0x3F, 0xFF, 0xFF, 0xFF, 0x01, 0xFF, 0xFF,
  0xFF, 0xFE, 0x0F, 0xFF, 0xFF, 0xFF, 0xF8, 0x7F, 0xFF, 0xFF, 0xFF, 0xE3,
  0xFF, 0xFF, 0xFF, 0xFF, 0x9F, 0xFF, 0xFF, 0xFF, 0xFC, 0xFF, 0xFF, 0xFF,
  0xFF, 0xF7, 0xFF, 0xFF, 0xFF, 0xFF, 0xBF, 0xFC, 0x00, 0x3F, 0xFD, 0xFF,
  0xE0, 0x00, 0xFF, 0xFF, 0xFF, 0x00, 0x07, 0xFF, 0xFF, 0xF8, 0x00, 0x1F,
  0xFF, 0xFF, 0xC0, 0x00, 0xFF, 0xFF, 0xFE, 0x00, 0x07, 0xFF, 0xFF, 0xF0,
  0x00, 0x3F, 0xFF, 0xFF, 0x80, 0x01, 0xFF, 0xFF, 0xFC, 0x00, 0x0F, 0xFF,
  0xFF, 0xE0, 0x00, 0x7F, 0xFF, 0xFF, 0x00, 0x03, 0xFF, 0xFF, 0xF8, 0x00,
  0x1F, 0xFF, 0xFF, 0xC0, 0x00, 0xFF, 0xFF, 0xFE, 0x00, 0x07, 0xFF, 0xFF,
  0xF0, 0x00, 0x3F, 0xFF, 0xFF, 0x80, 0x01, 0xFF, 0xFF, 0xFC, 0x00, 0x0F,
  0xFF, 0xFF, 0xE0, 0x00, 0x7F, 0xFF, 0xFF, 0x00, 0x03, 0xFF, 0xFF, 0xF8,
  0x00, 0x1F, 0xFF, 0xFF, 0xC0, 0x00, 0xFF, 0xFF, 0xFE, 0x00, 0x07, 0xFF,
  0xFF, 0xF0, 0x00, 0x3F, 0xFF, 0xFF, 0x80, 0x01, 0xFF, 0xFF, 0xFC, 0x00,
  0x0F, 0xFF, 0xFF, 0xE0, 0x00, 0x7F, 0xF0, 0xFF, 0xFF, 0xFF, 0xFF, 0xFF,
  0xFF, 0xFF, 0xFF, 0xFF, 0xF8, 0x00, 0x00, 0x00, 0x03, 0xFF, 0xFF, 0xFF,
  0xFF, 0xFF, 0xFF, 0xFF, 0xFF, 0xFF, 0xFF, 0xFF, 0xFF, 0xFF, 0xFF, 0xFF,
  0xFF, 0xFF, 0xFF, 0xFF, 0xFF, 0xFF, 0xFF, 0xFF, 0xFF, 0xFF, 0xFF, 0xFF,
  0xFF, 0xFF, 0xFF, 0xFF, 0xFF, 0xFF, 0xFF, 0xFF, 0xFF, 0xFF, 0xFF, 0xFF,
  0xFF, 0xFF, 0xFF, 0xFF, 0xFF, 0xFF, 0xFF, 0xFF, 0xFE, 0x03, 0xFF, 0x81,
  0xFF, 0xC0, 0xFF, 0xE0, 0x7F, 0xF0, 0x3F, 0xF8, 0x1F, 0xFC, 0x0F, 0xFE,
  0x00, 0x00, 0x00, 0x00, 0x00, 0x00, 0x00, 0xFF, 0xE0, 0x7F, 0xF0, 0x3F,
  0xF8, 0x1F, 0xFC, 0x0F, 0xFE, 0x07, 0xFF, 0x03, 0xFF, 0x81, 0xFF, 0xC0,
  0xFF, 0xE0, 0x7F, 0xF0, 0x3F, 0xF8, 0x1F, 0xFC, 0x0F, 0xFE, 0x07, 0xFF,
  0x03, 0xFF, 0x81, 0xFF, 0xC0, 0xFF, 0xE0, 0x7F, 0xF0, 0x3F, 0xF8, 0x1F,
  0xFC, 0x0F, 0xFE, 0x07, 0xFF, 0x03, 0xFF, 0x81, 0xFF, 0xC0, 0xFF, 0xE0,
  0x7F, 0xF0, 0x3F, 0xF8, 0x1F, 0xFC, 0x0F, 0xFE, 0x07, 0xFF, 0x03, 0xFF,
  0x81, 0xFF, 0xC0, 0xFF, 0xE0, 0xFF, 0xF0, 0x7F, 0xF8, 0x3F, 0xFB, 0xFF,
  0xFD, 0xFF, 0xFE, 0xFF, 0xFE, 0x7F, 0xFF, 0x3F, 0xFF, 0x1F, 0xFF, 0x0F,
  0xFF, 0x07, 0xFC, 0x00, 0xFF, 0xF0, 0x00, 0x00, 0x01, 0xFF, 0xE0, 0x00,
  0x00, 0x03, 0xFF, 0xC0, 0x00, 0x00, 0x07, 0xFF, 0x80, 0x00, 0x00, 0x0F,
  0xFF, 0x00, 0x00, 0x00, 0x1F, 0xFE, 0x00, 0x00, 0x00, 0x3F, 0xFC, 0x00,
  0x00, 0x00, 0x7F, 0xF8, 0x00, 0x00, 0x00, 0xFF, 0xF0, 0x00, 0x00, 0x01,
  0xFF, 0xE0, 0x00, 0xFF, 0xFB, 0xFF, 0xC0, 0x03, 0xFF, 0xE7, 0xFF, 0x80,
  0x07, 0xFF, 0x8F, 0xFF, 0x00, 0x1F, 0xFE, 0x1F, 0xFE, 0x00, 0x7F, 0xF8,
  0x3F, 0xFC, 0x01, 0xFF, 0xF0, 0x7F, 0xF8, 0x07, 0xFF, 0xC0, 0xFF, 0xF0,
  0x1F, 0xFF, 0x01, 0xFF, 0xE0, 0x3F, 0xFC, 0x03, 0xFF, 0xC0, 0xFF, 0xF0,
  0x07, 0xFF, 0x83, 0xFF, 0xC0, 0x0F, 0xFF, 0x0F, 0xFF, 0x00, 0x1F, 0xFF,
  0xFF, 0xFC, 0x00, 0x3F, 0xFF, 0xFF, 0xF8, 0x00, 0x7F, 0xFF, 0xFF, 0xE0,
  0x00, 0xFF, 0xFF, 0xFF, 0x80, 0x01, 0xFF, 0xFF, 0xFE, 0x00, 0x03, 0xFF,
  0xFF, 0xFE, 0x00, 0x07, 0xFF, 0xFF, 0xFC, 0x00, 0x0F, 0xFF, 0xFF, 0xFC,
  0x00, 0x1F, 0xFF, 0xFF, 0xFC, 0x00, 0x3F, 0xFC, 0x7F, 0xFC, 0x00, 0x7F,
  0xF8, 0x7F, 0xFC, 0x00, 0xFF, 0xF0, 0x7F, 0xFC, 0x01, 0xFF, 0xE0, 0x7F,
  0xF8, 0x03, 0xFF, 0xC0, 0xFF, 0xF8, 0x07, 0xFF, 0x80, 0xFF, 0xF8, 0x0F,
  0xFF, 0x00, 0xFF, 0xF8, 0x1F, 0xFE, 0x00, 0xFF, 0xF8, 0x3F, 0xFC, 0x01,
  0xFF, 0xF0, 0x7F, 0xF8, 0x01, 0xFF, 0xF0, 0xFF, 0xF0, 0x01, 0xFF, 0xF1,
  0xFF, 0xE0, 0x01, 0xFF, 0xF3, 0xFF, 0xC0, 0x03, 0xFF, 0xF7, 0xFF, 0x80,
  0x03, 0xFF, 0xF0, 0xFF, 0xFF, 0xFF, 0xFF, 0xFF, 0xFF, 0xFF, 0xFF, 0xFF,
  0xFF, 0xFF, 0xFF, 0xFF, 0xFF, 0xFF, 0xFF, 0xFF, 0xFF, 0xFF, 0xFF, 0xFF,
  0xFF, 0xFF, 0xFF, 0xFF, 0xFF, 0xFF, 0xFF, 0xFF, 0xFF, 0xFF, 0xFF, 0xFF,
  0xFF, 0xFF, 0xFF, 0xFF, 0xFF, 0xFF, 0xFF, 0xFF, 0xFF, 0xFF, 0xFF, 0xFF,
  0xFF, 0xFF, 0xFF, 0xFF, 0xFF, 0xFF, 0xFF, 0xFF, 0xFF, 0xFF, 0xFF, 0xFF,
  0xFF, 0xFF, 0xFF, 0xF0, 0xFF, 0xFF, 0xFF, 0xFF, 0xFF, 0xFE, 0x00, 0x7F,
  0xFF, 0xFF, 0xFF, 0xFF, 0xFF, 0xF0, 0x3F, 0xFF, 0xFF, 0xFF, 0xFF, 0xFF,
  0xFC, 0x1F, 0xFF, 0xFF, 0xFF, 0xFF, 0xFF, 0xFF, 0x8F, 0xFF, 0xFF, 0xFF,
  0xFF, 0xFF, 0xFF, 0xC7, 0xFF, 0xFF, 0xFF, 0xFF, 0xFF, 0xFF, 0xF3, 0xFF,
  0xFF, 0xFF, 0xFF, 0xFF, 0xFF, 0xFD, 0xFF, 0xFF, 0xFF, 0xFF, 0xFF, 0xFF,
  0xFE, 0xFF, 0xFF, 0xFF, 0xFF, 0xFF, 0xFF, 0xFF, 0xFF, 0xF8, 0x00, 0xFF,
  0xE0, 0x07, 0xFF, 0xFF, 0xFC, 0x00, 0x7F, 0xF0, 0x00, 0xFF, 0xFF, 0xFE,
  0x00, 0x3F, 0xF8, 0x00, 0x7F, 0xFF, 0xFF, 0x00, 0x1F, 0xFC, 0x00, 0x3F,
  0xFF, 0xFF, 0x80, 0x0F, 0xFE, 0x00, 0x1F, 0xFF, 0xFF, 0xC0, 0x07, 0xFF,
  0x00, 0x0F, 0xFF, 0xFF, 0xE0, 0x03, 0xFF, 0x80, 0x07, 0xFF, 0xFF, 0xF0,
  0x01, 0xFF, 0xC0, 0x03, 0xFF, 0xFF, 0xF8, 0x00, 0xFF, 0xE0, 0x01, 0xFF,
  0xFF, 0xFC, 0x00, 0x7F, 0xF0, 0x00, 0xFF, 0xFF, 0xFE, 0x00, 0x3F, 0xF8,
  0x00, 0x7F, 0xFF, 0xFF, 0x00, 0x1F, 0xFC, 0x00, 0x3F, 0xFF, 0xFF, 0x80,
  0x0F, 0xFE, 0x00, 0x1F, 0xFF, 0xFF, 0xC0, 0x07, 0xFF, 0x00, 0x0F, 0xFF,
  0xFF, 0xE0, 0x03, 0xFF, 0x80, 0x07, 0xFF, 0xFF, 0xF0, 0x01, 0xFF, 0xC0,
  0x03, 0xFF, 0xFF, 0xF8, 0x00, 0xFF, 0xE0, 0x01, 0xFF, 0xFF, 0xFC, 0x00,
  0x7F, 0xF0, 0x00, 0xFF, 0xFF, 0xFE, 0x00, 0x3F, 0xF8, 0x00, 0x7F, 0xFF,
  0xFF, 0x00, 0x1F, 0xFC, 0x00, 0x3F, 0xFF, 0xFF, 0x80, 0x0F, 0xFE, 0x00,
  0x1F, 0xFF, 0xFF, 0xC0, 0x07, 0xFF, 0x00, 0x0F, 0xFF, 0xFF, 0xE0, 0x03,
  0xFF, 0x80, 0x07, 0xFF, 0xFF, 0xF0, 0x01, 0xFF, 0xC0, 0x03, 0xFF, 0xFF,
  0xF8, 0x00, 0xFF, 0xE0, 0x01, 0xFF, 0xFF, 0xFC, 0x00, 0x7F, 0xF0, 0x00,
  0xFF, 0xE0, 0xFF, 0xFF, 0xFF, 0xE0, 0x07, 0xFF, 0xFF, 0xFF, 0xE0, 0x3F,
  0xFF, 0xFF, 0xFF, 0xC1, 0xFF, 0xFF, 0xFF, 0xFF, 0x0F, 0xFF, 0xFF, 0xFF,
  0xFC, 0x7F, 0xFF, 0xFF, 0xFF, 0xF3, 0xFF, 0xFF, 0xFF, 0xFF, 0x9F, 0xFF,
  0xFF, 0xFF, 0xFE, 0xFF, 0xFF, 0xFF, 0xFF, 0xF7, 0xFF, 0x80, 0x07, 0xFF,
  0xBF, 0xFC, 0x00, 0x1F, 0xFF, 0xFF, 0xE0, 0x00, 0xFF, 0xFF, 0xFF, 0x00,
  0x03, 0xFF, 0xFF, 0xF8, 0x00, 0x1F, 0xFF, 0xFF, 0xC0, 0x00, 0xFF, 0xFF,
  0xFE, 0x00, 0x07, 0xFF, 0xFF, 0xF0, 0x00, 0x3F, 0xFF, 0xFF, 0x80, 0x01,
  0xFF, 0xFF, 0xFC, 0x00, 0x0F, 0xFF, 0xFF, 0xE0, 0x00, 0x7F, 0xFF, 0xFF,
  0x00, 0x03, 0xFF, 0xFF, 0xF8, 0x00, 0x1F, 0xFF, 0xFF, 0xC0, 0x00, 0xFF,
  0xFF, 0xFE, 0x00, 0x07, 0xFF, 0xFF, 0xF0, 0x00, 0x3F, 0xFF, 0xFF, 0x80,
  0x01, 0xFF, 0xFF, 0xFC, 0x00, 0x0F, 0xFF, 0xFF, 0xE0, 0x00, 0x7F, 0xFF,
  0xFF, 0x00, 0x03, 0xFF, 0xFF, 0xF8, 0x00, 0x1F, 0xFF, 0xFF, 0xC0, 0x00,
  0xFF, 0xFF, 0xFE, 0x00, 0x07, 0xFF, 0xFF, 0xF0, 0x00, 0x3F, 0xFF, 0xFF,
  0x80, 0x01, 0xFF, 0xFF, 0xFC, 0x00, 0x0F, 0xFE, 0x00, 0x00, 0x7C, 0x00,
  0x00, 0x00, 0x7F, 0xFF, 0xE0, 0x00, 0x03, 0xFF, 0xFF, 0xF8, 0x00, 0x1F,
  0xFF, 0xFF, 0xFC, 0x00, 0x7F, 0xFF, 0xFF, 0xFC, 0x01, 0xFF, 0xFF, 0xFF,
  0xFC, 0x07, 0xFF, 0xFF, 0xFF, 0xFC, 0x1F, 0xFF, 0xFF, 0xFF, 0xF8, 0x3F,
  0xFF, 0xFF, 0xFF, 0xF8, 0xFF, 0xF8, 0x01, 0xFF, 0xF1, 0xFF, 0xE0, 0x00,
  0xFF, 0xF3, 0xFF, 0x80, 0x01, 0xFF, 0xE7, 0xFF, 0x00, 0x01, 0xFF, 0xDF,
  0xFE, 0x00, 0x03, 0xFF, 0xBF, 0xFC, 0x00, 0x07, 0xFF, 0x7F, 0xF8, 0x00,
  0x0F, 0xFF, 0xFF, 0xF0, 0x00, 0x1F, 0xFF, 0xFF, 0xE0, 0x00, 0x3F, 0xFF,
  0xFF, 0xC0, 0x00, 0x7F, 0xFF, 0xFF, 0x80, 0x00, 0xFF, 0xFF, 0xFF, 0x00,
  0x01, 0xFF, 0xFF, 0xFE, 0x00, 0x03, 0xFF, 0xFF, 0xFC, 0x00, 0x07, 0xFF,
  0x7F, 0xF8, 0x00, 0x0F, 0xFE, 0x7F, 0xF0, 0x00, 0x1F, 0xFC, 0xFF, 0xE0,
  0x00, 0x7F, 0xF9, 0xFF, 0xE0, 0x00, 0xFF, 0xF3, 0xFF, 0xE0, 0x07, 0xFF,
  0xC3, 0xFF, 0xFF, 0xFF, 0xFF, 0x87, 0xFF, 0xFF, 0xFF, 0xFE, 0x07, 0xFF,
  0xFF, 0xFF, 0xFC, 0x07, 0xFF, 0xFF, 0xFF, 0xF0, 0x07, 0xFF, 0xFF, 0xFF,
  0xC0, 0x07, 0xFF, 0xFF, 0xFE, 0x00, 0x03, 0xFF, 0xFF, 0xF8, 0x00, 0x01,
  0xFF, 0xFF, 0xC0, 0x00, 0x00, 0x0F, 0xC0, 0x00, 0x00, 0xFF, 0xFF, 0xFF,
  0xFC, 0x01, 0xFF, 0xFF, 0xFF, 0xFE, 0x03, 0xFF, 0xFF, 0xFF, 0xFF, 0x07,
  0xFF, 0xFF, 0xFF, 0xFF, 0x0F, 0xFF, 0xFF, 0xFF, 0xFF, 0x1F, 0xFF, 0xFF,
  0xFF, 0xFF, 0x3F, 0xFF, 0xFF, 0xFF, 0xFE, 0x7F, 0xFF, 0xFF, 0xFF, 0xFE,
  0xFF, 0xF0, 0x03, 0xFF, 0xFD, 0xFF, 0xE0, 0x00, 0x7F, 0xFB, 0xFF, 0xC0,
  0x00, 0x7F, 0xFF, 0xFF, 0x80, 0x00, 0xFF, 0xFF, 0xFF, 0x00, 0x00, 0xFF,
  0xFF, 0xFE, 0x00, 0x01, 0xFF, 0xFF, 0xFC, 0x00, 0x03, 0xFF, 0xFF, 0xF8,
  0x00, 0x07, 0xFF, 0xFF, 0xF0, 0x00, 0x0F, 0xFF, 0xFF, 0xE0, 0x00, 0x1F,
  0xFF, 0xFF, 0xC0, 0x00, 0x3F, 0xFF, 0xFF, 0x80, 0x00, 0x7F, 0xFF, 0xFF,
  0x00, 0x00, 0xFF, 0xFF, 0xFE, 0x00, 0x01, 0xFF, 0xFF, 0xFC, 0x00, 0x03,
  0xFF, 0xFF, 0xF8, 0x00, 0x0F, 0xFF, 0xFF, 0xF0, 0x00, 0x1F, 0xFF, 0xFF,
  0xE0, 0x00, 0x7F, 0xFB, 0xFF, 0xC0, 0x0F, 0xFF, 0xF7, 0xFF, 0xFF, 0xFF,
  0xFF, 0xEF, 0xFF, 0xFF, 0xFF, 0xFF, 0x9F, 0xFF, 0xFF, 0xFF, 0xFF, 0x3F,
  0xFF, 0xFF, 0xFF, 0xFC, 0x7F, 0xFF, 0xFF, 0xFF, 0xF0, 0xFF, 0xFF, 0xFF,
  0xFF, 0xC1, 0xFF, 0xFF, 0xFF, 0xFE, 0x03, 0xFF, 0xFF, 0xFF, 0xE0, 0x07,
  0xFF, 0x80, 0x00, 0x00, 0x0F, 0xFF, 0x00, 0x00, 0x00, 0x1F, 0xFE, 0x00,
  0x00, 0x00, 0x3F, 0xFC, 0x00, 0x00, 0x00, 0x7F, 0xF8, 0x00, 0x00, 0x00,
  0xFF, 0xF0, 0x00, 0x00, 0x01, 0xFF, 0xE0, 0x00, 0x00, 0x03, 0xFF, 0xC0,
  0x00, 0x00, 0x07, 0xFF, 0x80, 0x00, 0x00, 0x00, 0x00, 0x3F, 0xFF, 0xFF,
  0xFE, 0x03, 0xFF, 0xFF, 0xFF, 0xFC, 0x0F, 0xFF, 0xFF, 0xFF, 0xF8, 0x3F,
  0xFF, 0xFF, 0xFF, 0xF0, 0xFF, 0xFF, 0xFF, 0xFF, 0xE3, 0xFF, 0xFF, 0xFF,
  0xFF, 0xCF, 0xFF, 0xFF, 0xFF, 0xFF, 0x9F, 0xFF, 0xFF, 0xFF, 0xFF, 0x7F,
  0xFF, 0x80, 0x0F, 0xFE, 0xFF, 0xF8, 0x00, 0x1F, 0xFD, 0xFF, 0xE0, 0x00,
  0x3F, 0xFB, 0xFF, 0x80, 0x00, 0x7F, 0xFF, 0xFF, 0x00, 0x00, 0xFF, 0xFF,
  0xFE, 0x00, 0x01, 0xFF, 0xFF, 0xFC, 0x00, 0x03, 0xFF, 0xFF, 0xF8, 0x00,
  0x07, 0xFF, 0xFF, 0xF0, 0x00, 0x0F, 0xFF, 0xFF, 0xE0, 0x00, 0x1F, 0xFF,
  0xFF, 0xC0, 0x00, 0x3F, 0xFF, 0xFF, 0x80, 0x00, 0x7F, 0xFF, 0xFF, 0x00,
  0x00, 0xFF, 0xFF, 0xFE, 0x00, 0x01, 0xFF, 0xFF, 0xFC, 0x00, 0x03, 0xFF,
  0xBF, 0xF8, 0x00, 0x07, 0xFF, 0x7F, 0xF8, 0x00, 0x0F, 0xFE, 0xFF, 0xF0,
  0x00, 0x1F, 0xFD, 0xFF, 0xFE, 0x00, 0x3F, 0xF9, 0xFF, 0xFF, 0xFF, 0xFF,
  0xF3, 0xFF, 0xFF, 0xFF, 0xFF, 0xE3, 0xFF, 0xFF, 0xFF, 0xFF, 0xC3, 0xFF,
  0xFF, 0xFF, 0xFF, 0x83, 0xFF, 0xFF, 0xFF, 0xFF, 0x03, 0xFF, 0xFF, 0xFF,
  0xFE, 0x03, 0xFF, 0xFF, 0xFF, 0xFC, 0x00, 0xFF, 0xFF, 0xFF, 0xF8, 0x00,
  0x00, 0x00, 0x7F, 0xF0, 0x00, 0x00, 0x00, 0xFF, 0xE0, 0x00, 0x00, 0x01,
  0xFF, 0xC0, 0x00, 0x00, 0x03, 0xFF, 0x80, 0x00, 0x00, 0x07, 0xFF, 0x00,
  0x00, 0x00, 0x0F, 0xFE, 0x00, 0x00, 0x00, 0x1F, 0xFC, 0x00, 0x00, 0x00,
  0x3F, 0xF8, 0x00, 0x00, 0x00, 0x7F, 0xF0, 0x00, 0x3F, 0xFF, 0x01, 0xFF,
  0xFF, 0x07, 0xFF, 0xFF, 0x0F, 0xFF, 0xFF, 0x1F, 0xFF, 0xFF, 0x3F, 0xFF,
  0xFF, 0x3F, 0xFF, 0xFF, 0x7F, 0xFF, 0xFF, 0x7F, 0xFF, 0x00, 0x7F, 0xF8,
  0x00, 0x7F, 0xF0, 0x00, 0xFF, 0xF0, 0x00, 0xFF, 0xF0, 0x00, 0xFF, 0xF0,
  0x00, 0xFF, 0xF0, 0x00, 0xFF, 0xF0, 0x00, 0xFF, 0xF0, 0x00, 0xFF, 0xF0,
  0x00, 0xFF, 0xF0, 0x00, 0xFF, 0xF0, 0x00, 0xFF, 0xF0, 0x00, 0xFF, 0xF0,
  0x00, 0xFF, 0xF0, 0x00, 0xFF, 0xF0, 0x00, 0xFF, 0xF0, 0x00, 0xFF, 0xF0,
  0x00, 0xFF, 0xF0, 0x00, 0xFF, 0xF0, 0x00, 0xFF, 0xF0, 0x00, 0xFF, 0xF0,
  0x00, 0xFF, 0xF0, 0x00, 0xFF, 0xF0, 0x00, 0xFF, 0xF0, 0x00, 0xFF, 0xF0,
  0x00, 0xFF, 0xF0, 0x00, 0x00, 0x7F, 0xFF, 0xFF, 0x01, 0xFF, 0xFF, 0xFF,
  0x83, 0xFF, 0xFF, 0xFF, 0xC3, 0xFF, 0xFF, 0xFF, 0xE3, 0xFF, 0xFF, 0xFF,
  0xF1, 0xFF, 0xFF, 0xFF, 0xF9, 0xFF, 0xFF, 0xFF, 0xFC, 0xFF, 0xFF, 0xFF,
  0xFE, 0xFF, 0xF0, 0x00, 0x00, 0x7F, 0xE0, 0x00, 0x00, 0x3F, 0xF0, 0x00,
  0x00, 0x1F, 0xFC, 0x00, 0x00, 0x07, 0xFF, 0xE0, 0x00, 0x03, 0xFF, 0xFF,
  0x80, 0x01, 0xFF, 0xFF, 0xFC, 0x00, 0x7F, 0xFF, 0xFF, 0xC0, 0x3F, 0xFF,
  0xFF, 0xF8, 0x0F, 0xFF, 0xFF, 0xFE, 0x01, 0xFF, 0xFF, 0xFF, 0x80, 0x3F,
  0xFF, 0xFF, 0xE0, 0x07, 0xFF, 0xFF, 0xF8, 0x00, 0x1F, 0xFF, 0xFC, 0x00,
  0x00, 0x7F, 0xFE, 0x00, 0x00, 0x03, 0xFF, 0x00, 0x00, 0x00, 0xFF, 0x80,
  0x00, 0x00, 0xFF, 0xC0, 0x00, 0x01, 0xFF, 0xE7, 0xFF, 0xFF, 0xFF, 0xF3,
  0xFF, 0xFF, 0xFF, 0xF9, 0xFF, 0xFF, 0xFF, 0xF8, 0xFF, 0xFF, 0xFF, 0xF8,
  0x7F, 0xFF, 0xFF, 0xF8, 0x3F, 0xFF, 0xFF, 0xF8, 0x1F, 0xFF, 0xFF, 0xF0,
  0x0F, 0xFF, 0xFF, 0xC0, 0x00, 0x03, 0xFF, 0x00, 0x00, 0x3F, 0xF0, 0x00,
  0x03, 0xFF, 0x00, 0x00, 0x3F, 0xF0, 0x00, 0x03, 0xFF, 0x00, 0x00, 0x3F,
  0xF0, 0x00, 0x03, 0xFF, 0x00, 0x00, 0x3F, 0xF0, 0x00, 0xFF, 0xFF, 0xFF,
  0xFF, 0xFF, 0xFF, 0xFF, 0xFF, 0xFF, 0xFF, 0xFF, 0xFF, 0xFF, 0xFF, 0xFF,
  0xFF, 0xFF, 0xFF, 0xFF, 0xFF, 0xFF, 0xFF, 0xFF, 0xFF, 0xFF, 0xFF, 0xFF,
  0xFF, 0x07, 0xFF, 0x00, 0x00, 0x7F, 0xF0, 0x00, 0x07, 0xFF, 0x00, 0x00,
  0x7F, 0xF0, 0x00, 0x07, 0xFF, 0x00, 0x00, 0x7F, 0xF0, 0x00, 0x07, 0xFF,
  0x00, 0x00, 0x7F, 0xF0, 0x00, 0x07, 0xFF, 0x00, 0x00, 0x7F, 0xF0, 0x00,
  0x07, 0xFF, 0x00, 0x00, 0x7F, 0xF0, 0x00, 0x07, 0xFF, 0x00, 0x00, 0x7F,
  0xF0, 0x00, 0x07, 0xFF, 0x00, 0x00, 0x7F, 0xF0, 0x00, 0x07, 0xFF, 0x00,
  0x00, 0x7F, 0xF8, 0x00, 0x03, 0xFF, 0xF0, 0x00, 0x3F, 0xFF, 0xFF, 0x03,
  0xFF, 0xFF, 0xF0, 0x1F, 0xFF, 0xFF, 0x01, 0xFF, 0xFF, 0xF0, 0x0F, 0xFF,
  0xFF, 0x00, 0x7F, 0xFF, 0xF0, 0x01, 0xFF, 0xFF, 0x00, 0x03, 0xFF, 0xF0,
  0xFF, 0xF0, 0x00, 0x3F, 0xFF, 0xFF, 0x80, 0x01, 0xFF, 0xFF, 0xFC, 0x00,
  0x0F, 0xFF, 0xFF, 0xE0, 0x00, 0x7F, 0xFF, 0xFF, 0x00, 0x03, 0xFF, 0xFF,
  0xF8, 0x00, 0x1F, 0xFF, 0xFF, 0xC0, 0x00, 0xFF, 0xFF, 0xFE, 0x00, 0x07,
  0xFF, 0xFF, 0xF0, 0x00, 0x3F, 0xFF, 0xFF, 0x80, 0x01, 0xFF, 0xFF, 0xFC,
  0x00, 0x0F, 0xFF, 0xFF, 0xE0, 0x00, 0x7F, 0xFF, 0xFF, 0x00, 0x03, 0xFF,
  0xFF, 0xF8, 0x00, 0x1F, 0xFF, 0xFF, 0xC0, 0x00, 0xFF, 0xFF, 0xFE, 0x00,
  0x07, 0xFF, 0xFF, 0xF0, 0x00, 0x3F, 0xFF, 0xFF, 0x80, 0x01, 0xFF, 0xFF,
  0xFC, 0x00, 0x0F, 0xFF, 0xFF, 0xE0, 0x00, 0x7F, 0xFF, 0xFF, 0x00, 0x03,
  0xFF, 0xFF, 0xF8, 0x00, 0x1F, 0xFF, 0xFF, 0xC0, 0x00, 0xFF, 0xEF, 0xFE,
  0x00, 0x07, 0xFF, 0x7F, 0xF0, 0x00, 0x3F, 0xFB, 0xFF, 0xC0, 0x01, 0xFF,
  0xDF, 0xFF, 0xFF, 0xFF, 0xFE, 0x7F, 0xFF, 0xFF, 0xFF, 0xF3, 0xFF, 0xFF,
  0xFF, 0xFF, 0x8F, 0xFF, 0xFF, 0xFF, 0xFC, 0x7F, 0xFF, 0xFF, 0xFF, 0xE1,
  0xFF, 0xFF, 0xFF, 0xFF, 0x07, 0xFF, 0xFF, 0xFF, 0xF8, 0x0F, 0xFF, 0xFF,
  0xFF, 0xC0, 0x0F, 0xFF, 0xFF, 0xFE, 0xFF, 0xE0, 0x00, 0x03, 0xFF, 0xFF,
  0xF8, 0x00, 0x03, 0xFF, 0x9F, 0xFC, 0x00, 0x01, 0xFF, 0xCF, 0xFE, 0x00,
  0x00, 0xFF, 0xE7, 0xFF, 0x80, 0x00, 0xFF, 0xE1, 0xFF, 0xC0, 0x00, 0x7F,
  0xF0, 0xFF, 0xE0, 0x00, 0x3F, 0xF0, 0x7F, 0xF8, 0x00, 0x3F, 0xF8, 0x1F,
  0xFC, 0x00, 0x1F, 0xFC, 0x0F, 0xFE, 0x00, 0x0F, 0xFC, 0x07, 0xFF, 0x80,
  0x0F, 0xFE, 0x01, 0xFF, 0xC0, 0x07, 0xFF, 0x00, 0xFF, 0xE0, 0x03, 0xFF,
  0x00, 0x7F, 0xF0, 0x03, 0xFF, 0x80, 0x1F, 0xFC, 0x01, 0xFF, 0xC0, 0x0F,
  0xFE, 0x00, 0xFF, 0xC0, 0x03, 0xFF, 0x00, 0xFF, 0xE0, 0x01, 0xFF, 0xC0,
  0x7F, 0xF0, 0x00, 0xFF, 0xE0, 0x3F, 0xF0, 0x00, 0x3F, 0xF0, 0x3F, 0xF8,
  0x00, 0x1F, 0xFC, 0x1F, 0xF8, 0x00, 0x0F, 0xFE, 0x0F, 0xFC, 0x00, 0x03,
  0xFF, 0x07, 0xFE, 0x00, 0x01, 0xFF, 0xC7, 0xFE, 0x00, 0x00, 0xFF, 0xE3,
  0xFF, 0x00, 0x00, 0x3F, 0xF1, 0xFF, 0x80, 0x00, 0x1F, 0xFF, 0xFF, 0x80,
  0x00, 0x0F, 0xFF, 0xFF, 0xC0, 0x00, 0x03, 0xFF, 0xFF, 0xC0, 0x00, 0x01,
  0xFF, 0xFF, 0xE0, 0x00, 0x00, 0x7F, 0xFF, 0xE0, 0x00, 0x00, 0x1F, 0xFF,
  0xF0, 0x00, 0x00, 0x07, 0xFF, 0xF0, 0x00, 0x00, 0x01, 0xFF, 0xF0, 0x00,
  0x00, 0x00, 0x7F, 0xE0, 0x00, 0x00, 0x00, 0x01, 0x00, 0x00, 0x00, 0x00,
  0x00, 0x00, 0x02, 0x00, 0x00, 0x00, 0x07, 0xFF, 0x00, 0x01, 0xFF, 0x80,
  0x01, 0xFF, 0xFF, 0xF8, 0x00, 0x3F, 0xFF, 0x00, 0x0F, 0xFF, 0xFF, 0xE0,
  0x03, 0xFF, 0xFC, 0x00, 0x7F, 0xF7, 0xFF, 0x00, 0x3F, 0xFF, 0xF0, 0x03,
  0xFF, 0x3F, 0xF8, 0x03, 0xFF, 0xFF, 0x80, 0x1F, 0xF9, 0xFF, 0xC0, 0x1F,
  0xFF, 0xFE, 0x00, 0xFF, 0xCF, 0xFE, 0x01, 0xFF, 0xFF, 0xF0, 0x0F, 0xFE,
  0x7F, 0xF0, 0x0F, 0xFF, 0xFF, 0x80, 0x7F, 0xF1, 0xFF, 0x80, 0x7F, 0xFF,
  0xFE, 0x03, 0xFF, 0x8F, 0xFE, 0x03, 0xFF, 0xFF, 0xF0, 0x1F, 0xF8, 0x7F,
  0xF0, 0x1F, 0xF3, 0xFF, 0x80, 0xFF, 0xC3, 0xFF, 0x81, 0xFF, 0x8F, 0xFC,
  0x07, 0xFE, 0x1F, 0xFC, 0x0F, 0xFC, 0x7F, 0xE0, 0x3F, 0xF0, 0x7F, 0xE0,
  0x7F, 0xE3, 0xFF, 0x03, 0xFF, 0x83, 0xFF, 0x03, 0xFF, 0x1F, 0xFC, 0x1F,
  0xFC, 0x1F, 0xFC, 0x1F, 0xF8, 0xFF, 0xE0, 0xFF, 0xC0, 0xFF, 0xE0, 0xFF,
  0xC7, 0xFF, 0x07, 0xFE, 0x07, 0xFF, 0x07, 0xFE, 0x3F, 0xF8, 0x3F, 0xF0,
  0x1F, 0xF8, 0x7F, 0xE0, 0xFF, 0xC1, 0xFF, 0x80, 0xFF, 0xC3, 0xFF, 0x07,
  0xFE, 0x0F, 0xFC, 0x07, 0xFE, 0x1F, 0xF8, 0x3F, 0xF8, 0xFF, 0xE0, 0x3F,
  0xF8, 0xFF, 0xC1, 0xFF, 0xC7, 0xFE, 0x01, 0xFF, 0xC7, 0xFE, 0x0F, 0xFE,
  0x3F, 0xF0, 0x0F, 0xFE, 0x3F, 0xF0, 0x7F, 0xF1, 0xFF, 0x80, 0x3F, 0xF1,
  0xFF, 0x81, 0xFF, 0x8F, 0xFC, 0x01, 0xFF, 0x9F, 0xF8, 0x0F, 0xFC, 0x7F,
  0xE0, 0x0F, 0xFC, 0xFF, 0xC0, 0x7F, 0xF7, 0xFF, 0x00, 0x7F, 0xFF, 0xFE,
  0x03, 0xFF, 0xFF, 0xF0, 0x01, 0xFF, 0xFF, 0xF0, 0x0F, 0xFF, 0xFF, 0x80,
  0x0F, 0xFF, 0xFF, 0x00, 0x7F, 0xFF, 0xFC, 0x00, 0x7F, 0xFF, 0xF8, 0x01,
  0xFF, 0xFF, 0xC0, 0x01, 0xFF, 0xFF, 0x80, 0x0F, 0xFF, 0xFE, 0x00, 0x07,
  0xFF, 0xF8, 0x00, 0x3F, 0xFF, 0xE0, 0x00, 0x1F, 0xFF, 0x80, 0x00, 0xFF,
  0xFE, 0x00, 0x00, 0x3F, 0xF0, 0x00, 0x01, 0xFF, 0xC0, 0x00, 0x00, 0x08,
  0x00, 0x00, 0x00, 0x40, 0x00, 0x00, 0xFF, 0xF8, 0x00, 0x0F, 0xFF, 0xBF,
  0xFE, 0x00, 0x07, 0xFF, 0x8F, 0xFF, 0x00, 0x07, 0xFF, 0x83, 0xFF, 0xC0,
  0x07, 0xFF, 0x81, 0xFF, 0xF0, 0x03, 0xFF, 0xC0, 0x7F, 0xF8, 0x03, 0xFF,
  0xC0, 0x1F, 0xFE, 0x03, 0xFF, 0xC0, 0x07, 0xFF, 0x83, 0xFF, 0xC0, 0x03,
  0xFF, 0xE1, 0xFF, 0xE0, 0x00, 0xFF, 0xF1, 0xFF, 0xE0, 0x00, 0x3F, 0xFD,
  0xFF, 0xE0, 0x00, 0x0F, 0xFF, 0xFF, 0xF0, 0x00, 0x07, 0xFF, 0xFF, 0xF0,
  0x00, 0x01, 0xFF, 0xFF, 0xF0, 0x00, 0x00, 0x7F, 0xFF, 0xF0, 0x00, 0x00,
  0x1F, 0xFF, 0xF8, 0x00, 0x00, 0x0F, 0xFF, 0xF8, 0x00, 0x00, 0x03, 0xFF,
  0xF8, 0x00, 0x00, 0x01, 0xFF, 0xFE, 0x00, 0x00, 0x00, 0xFF, 0xFF, 0x80,
  0x00, 0x00, 0xFF, 0xFF, 0xE0, 0x00, 0x00, 0xFF, 0xFF, 0xF0, 0x00, 0x00,
  0xFF, 0xFF, 0xFC, 0x00, 0x00, 0x7F, 0xFF, 0xFF, 0x00, 0x00, 0x7F, 0xFF,
  0xFF, 0xC0, 0x00, 0x7F, 0xF9, 0xFF, 0xE0, 0x00, 0x7F, 0xF8, 0x7F, 0xF8,
  0x00, 0x7F, 0xF8, 0x3F, 0xFE, 0x00, 0x3F, 0xF8, 0x0F, 0xFF, 0x00, 0x3F,
  0xFC, 0x03, 0xFF, 0xC0, 0x3F, 0xFC, 0x00, 0xFF, 0xF0, 0x3F, 0xFC, 0x00,
  0x7F, 0xFC, 0x1F, 0xFE, 0x00, 0x1F, 0xFE, 0x1F, 0xFE, 0x00, 0x07, 0xFF,
  0x9F, 0xFE, 0x00, 0x03, 0xFF, 0xE0, 0xFF, 0xF0, 0x00, 0x07, 0xFF, 0xFF,
  0xF8, 0x00, 0x07, 0xFF, 0x9F, 0xFE, 0x00, 0x03, 0xFF, 0xCF, 0xFF, 0x00,
  0x01, 0xFF, 0xC7, 0xFF, 0xC0, 0x01, 0xFF, 0xE1, 0xFF, 0xE0, 0x00, 0xFF,
  0xF0, 0xFF, 0xF0, 0x00, 0x7F, 0xF0, 0x3F, 0xFC, 0x00, 0x7F, 0xF8, 0x1F,
  0xFE, 0x00, 0x3F, 0xFC, 0x0F, 0xFF, 0x00, 0x1F, 0xFC, 0x03, 0xFF, 0xC0,
  0x1F, 0xFE, 0x01, 0xFF, 0xE0, 0x0F, 0xFE, 0x00, 0x7F, 0xF0, 0x07, 0xFF,
  0x00, 0x3F, 0xFC, 0x07, 0xFF, 0x80, 0x1F, 0xFE, 0x03, 0xFF, 0x80, 0x07,
  0xFF, 0x81, 0xFF, 0xC0, 0x03, 0xFF, 0xC1, 0xFF, 0xE0, 0x00, 0xFF, 0xE0,
  0xFF, 0xE0, 0x00, 0x7F, 0xF8, 0x7F, 0xF0, 0x00, 0x3F, 0xFC, 0x3F, 0xF8,
  0x00, 0x0F, 0xFE, 0x3F, 0xF8, 0x00, 0x07, 0xFF, 0x9F, 0xFC, 0x00, 0x01,
  0xFF, 0xFF, 0xFC, 0x00, 0x00, 0xFF, 0xFF, 0xFE, 0x00, 0x00, 0x7F, 0xFF,
  0xFF, 0x00, 0x00, 0x1F, 0xFF, 0xFF, 0x00, 0x00, 0x0F, 0xFF, 0xFF, 0x80,
  0x00, 0x03, 0xFF, 0xFF, 0xC0, 0x00, 0x00, 0xFF, 0xFF, 0xC0, 0x00, 0x00,
  0x0F, 0xFF, 0xE0, 0x00, 0x00, 0x00, 0x7F, 0xE0, 0x00, 0x00, 0x00, 0x7F,
  0xF0, 0x00, 0x00, 0x00, 0x3F, 0xF8, 0x00, 0x00, 0x00, 0x3F, 0xF8, 0x00,
  0x00, 0x00, 0x3F, 0xFC, 0x00, 0x03, 0xFF, 0xFF, 0xFC, 0x00, 0x01, 0xFF,
  0xFF, 0xFE, 0x00, 0x00, 0xFF, 0xFF, 0xFE, 0x00, 0x00, 0x7F, 0xFF, 0xFF,
  0x00, 0x00, 0x3F, 0xFF, 0xFF, 0x00, 0x00, 0x1F, 0xFF, 0xFF, 0x00, 0x00,
  0x0F, 0xFF, 0xFE, 0x00, 0x00, 0x07, 0xFF, 0xFC, 0x00, 0x00, 0x03, 0xFF,
  0xF0, 0x00, 0x00, 0x00, 0x7F, 0xFF, 0xFF, 0xE0, 0x1F, 0xFF, 0xFF, 0xFF,
  0x07, 0xFF, 0xFF, 0xFF, 0xE1, 0xFF, 0xFF, 0xFF, 0xFC, 0x7F, 0xFF, 0xFF,
  0xFF, 0x9F, 0xFF, 0xFF, 0xFF, 0xE7, 0xFF, 0xFF, 0xFF, 0xFD, 0xFF, 0xFF,
  0xFF, 0xFF, 0x00, 0x00, 0x03, 0xFF, 0xC0, 0x00, 0x00, 0x7F, 0xF0, 0x00,
  0x00, 0x1F, 0xFC, 0x00, 0x00, 0x3F, 0xFF, 0x00, 0x00, 0x7F, 0xFF, 0xC0,
  0x00, 0xFF, 0xFF, 0xE0, 0x01, 0xFF, 0xFF, 0xF8, 0x03, 0xFF, 0xFF, 0xFC,
  0x03, 0xFF, 0xFF, 0xFE, 0x03, 0xFF, 0xFF, 0xFF, 0x01, 0xFF, 0xFF, 0xFF,
  0x00, 0xFF, 0xFF, 0xFF, 0x00, 0x7F, 0xFF, 0xFE, 0x00, 0x3F, 0xFF, 0xF8,
  0x00, 0x0F, 0xFF, 0xF0, 0x00, 0x03, 0xFF, 0xE0, 0x00, 0x00, 0xFF, 0xE0,
  0x00, 0x00, 0x3F, 0xF0, 0x00, 0x00, 0x0F, 0xFF, 0x00, 0x00, 0x03, 0xFF,
  0xFF, 0xFF, 0xFF, 0xFF, 0xFF, 0xFF, 0xFF, 0xFF, 0xFF, 0xFF, 0xFF, 0xF7,
  0xFF, 0xFF, 0xFF, 0xFC, 0xFF, 0xFF, 0xFF, 0xFF, 0x1F, 0xFF, 0xFF, 0xFF,
  0xC3, 0xFF, 0xFF, 0xFF, 0xF0, 0x1F, 0xFF, 0xFF, 0xFC, 0x00, 0x0F, 0xFC,
  0x01, 0xFF, 0xF0, 0x0F, 0xFF, 0xC0, 0x7F, 0xFF, 0x01, 0xFF, 0xFC, 0x0F,
  0xFF, 0xF0, 0x3F, 0xFF, 0xC0, 0xFF, 0xFF, 0x07, 0xFF, 0xE0, 0x1F, 0xFC,
  0x00, 0x7F, 0xF0, 0x01, 0xFF, 0xC0, 0x07, 0xFE, 0x00, 0x1F, 0xF8, 0x00,
  0x7F, 0xE0, 0x01, 0xFF, 0x80, 0x07, 0xFE, 0x00, 0x1F, 0xF8, 0x00, 0x7F,
  0xE0, 0x01, 0xFF, 0x80, 0x07, 0xFE, 0x00, 0x1F, 0xF8, 0x00, 0x7F, 0xE0,
  0x0F, 0xFF, 0x80, 0xFF, 0xFE, 0x03, 0xFF, 0xF0, 0x0F, 0xFF, 0x80, 0x3F,
  0xF8, 0x00, 0xFF, 0xF8, 0x03, 0xFF, 0xF0, 0x0F, 0xFF, 0xE0, 0x3F, 0xFF,
  0x80, 0x0F, 0xFE, 0x00, 0x1F, 0xF8, 0x00, 0x7F, 0xE0, 0x01, 0xFF, 0x80,
  0x07, 0xFE, 0x00, 0x1F, 0xF8, 0x00, 0x7F, 0xE0, 0x01, 0xFF, 0x80, 0x07,
  0xFE, 0x00, 0x1F, 0xF8, 0x00, 0x7F, 0xE0, 0x01, 0xFF, 0x80, 0x07, 0xFF,
  0x00, 0x1F, 0xFC, 0x00, 0x7F, 0xFE, 0x00, 0xFF, 0xFF, 0x03, 0xFF, 0xFC,
  0x0F, 0xFF, 0xF0, 0x1F, 0xFF, 0xC0, 0x7F, 0xFF, 0x00, 0xFF, 0xFC, 0x01,
  0xFF, 0xF0, 0x00, 0xFF, 0xC0, 0xFF, 0xFF, 0xFF, 0xFF, 0xFF, 0xFF, 0xFF,
  0xFF, 0xFF, 0xFF, 0xFF, 0xFF, 0xFF, 0xFF, 0xFF, 0xFF, 0xFF, 0xFF, 0xFF,
  0xFF, 0xFF, 0xFF, 0xFF, 0xFF, 0xFF, 0xFF, 0xFF, 0xFF, 0xFF, 0xFF, 0xFF,
  0xFF, 0xFF, 0xFF, 0xFF, 0xFF, 0xFF, 0xFF, 0xFF, 0xFF, 0xFF, 0xFF, 0xFF,
  0xFF, 0xFF, 0xFF, 0xFF, 0xFF, 0xFF, 0xFF, 0xFF, 0xFF, 0xFF, 0xFF, 0xFF,
  0xFF, 0xFF, 0xFF, 0xFF, 0xFF, 0xFF, 0xFF, 0xFF, 0xFC, 0xFF, 0xC0, 0x03,
  0xFF, 0xC0, 0x0F, 0xFF, 0xC0, 0x3F, 0xFF, 0x80, 0xFF, 0xFE, 0x03, 0xFF,
  0xFC, 0x0F, 0xFF, 0xF0, 0x3F, 0xFF, 0xC0, 0x1F, 0xFF, 0x00, 0x0F, 0xFC,
  0x00, 0x3F, 0xF0, 0x00, 0xFF, 0xC0, 0x03, 0xFF, 0x00, 0x0F, 0xFC, 0x00,
  0x3F, 0xF0, 0x00, 0xFF, 0xC0, 0x03, 0xFF, 0x00, 0x0F, 0xFC, 0x00, 0x3F,
  0xF0, 0x00, 0xFF, 0xC0, 0x03, 0xFF, 0x80, 0x0F, 0xFE, 0x00, 0x1F, 0xF8,
  0x00, 0x7F, 0xF8, 0x01, 0xFF, 0xFC, 0x07, 0xFF, 0xF0, 0x0F, 0xFF, 0xC0,
  0x0F, 0xFF, 0x00, 0x7F, 0xFC, 0x03, 0xFF, 0xF0, 0x1F, 0xFF, 0xC0, 0x7F,
  0xFF, 0x01, 0xFF, 0xC0, 0x0F, 0xFE, 0x00, 0x3F, 0xF8, 0x00, 0xFF, 0xE0,
  0x03, 0xFF, 0x00, 0x0F, 0xFC, 0x00, 0x3F, 0xF0, 0x00, 0xFF, 0xC0, 0x03,
  0xFF, 0x00, 0x0F, 0xFC, 0x00, 0x3F, 0xF0, 0x00, 0xFF, 0xC0, 0x03, 0xFF,
  0x00, 0x0F, 0xFC, 0x01, 0xFF, 0xF0, 0x3F, 0xFF, 0xC0, 0xFF, 0xFF, 0x03,
  0xFF, 0xFC, 0x0F, 0xFF, 0xE0, 0x3F, 0xFF, 0x80, 0xFF, 0xFC, 0x03, 0xFF,
  0xC0, 0x0F, 0xFC, 0x00, 0x00, 0x0F, 0xC0, 0x3F, 0x1F, 0xF0, 0x3F, 0x3F,
  0xF8, 0x3F, 0x7F, 0xFE, 0x3F, 0x7F, 0xFF, 0x3F, 0xFF, 0xFF, 0xFF, 0xFC,
  0x7F, 0xFF, 0xFC, 0x3F, 0xFF, 0xFC, 0x1F, 0xFE, 0xFC, 0x07, 0xFC, 0xFC,
  0x01, 0xF0 };

const GFXglyph Formula1_Bold_web_030pt7bGlyphs[] PROGMEM = {
  {     0,   1,   1,  14,    0,    0 },   // 0x20 ' '
  {     1,  12,  44,  20,    4,  -43 },   // 0x21 '!'
  {    67,  24,  17,  32,    4,  -43 },   // 0x22 '"'
  {   118,  43,  46,  49,    3,  -45 },   // 0x23 '#'
  {   366,  39,  56,  44,    3,  -49 },   // 0x24 '$'
  {   639,  45,  46,  50,    2,  -44 },   // 0x25 '%'
  {   898,  46,  44,  48,    2,  -43 },   // 0x26 '&'
  {  1151,  10,  17,  18,    4,  -43 },   // 0x27 '''
  {  1173,  18,  55,  26,    5,  -43 },   // 0x28 '('
  {  1297,  17,  55,  26,    4,  -43 },   // 0x29 ')'
  {  1414,  23,  24,  31,    4,  -45 },   // 0x2A '*'
  {  1483,  28,  29,  34,    3,  -35 },   // 0x2B '+'
  {  1585,  14,  19,  17,    0,  -10 },   // 0x2C ','
  {  1619,  14,  10,  22,    4,  -22 },   // 0x2D '-'
  {  1637,  12,  12,  19,    4,  -11 },   // 0x2E '.'
  {  1655,  21,  50,  23,    1,  -43 },   // 0x2F '/'
  {  1787,  44,  46,  50,    3,  -44 },   // 0x30 '0'
  {  2040,  33,  44,  37,    2,  -43 },   // 0x31 '1'
  {  2222,  37,  44,  41,    2,  -43 },   // 0x32 '2'
  {  2426,  37,  44,  42,    3,  -43 },   // 0x33 '3'
  {  2630,  46,  45,  48,    1,  -44 },   // 0x34 '4'
  {  2889,  37,  44,  42,    3,  -43 },   // 0x35 '5'
  {  3093,  40,  44,  45,    3,  -43 },   // 0x36 '6'
  {  3313,  37,  44,  40,    2,  -43 },   // 0x37 '7'
  {  3517,  40,  46,  44,    2,  -44 },   // 0x38 '8'
  {  3747,  40,  44,  45,    2,  -43 },   // 0x39 '9'
  {  3967,  12,  12,  19,    4,  -11 },   // 0x3A ':'
  {  3985,  14,  19,  17,    0,  -10 },   // 0x3B ';'
  {  4019,  20,  31,  28,    3,  -37 },   // 0x3C '<'
  {  4097,  25,  25,  31,    3,  -33 },   // 0x3D '='
  {  4176,  19,  31,  28,    5,  -37 },   // 0x3E '>'
  {  4250,  31,  44,  37,    3,  -43 },   // 0x3F '?'
  {  4421,  43,  42,  49,    3,  -41 },   // 0x40 '@'
  {  4647,  52,  45,  52,    0,  -44 },   // 0x41 'A'
  {  4940,  41,  44,  47,    4,  -43 },   // 0x42 'B'
  {  5166,  39,  44,  42,    2,  -43 },   // 0x43 'C'
  {  5381,  44,  44,  50,    4,  -43 },   // 0x44 'D'
  {  5623,  37,  44,  44,    4,  -43 },   // 0x45 'E'
  {  5827,  35,  44,  42,    4,  -43 },   // 0x46 'F'
  {  6020,  45,  45,  50,    2,  -43 },   // 0x47 'G'
  {  6274,  44,  44,  52,    4,  -43 },   // 0x48 'H'
  {  6516,  12,  44,  20,    4,  -43 },   // 0x49 'I'
  {  6582,  31,  44,  37,    2,  -43 },   // 0x4A 'J'
  {  6753,  43,  44,  47,    4,  -43 },   // 0x4B 'K'
  {  6990,  34,  44,  40,    4,  -43 },   // 0x4C 'L'
  {  7177,  64,  46,  68,    2,  -44 },   // 0x4D 'M'
  {  7545,  49,  46,  57,    4,  -44 },   // 0x4E 'N'
  {  7827,  47,  46,  51,    2,  -44 },   // 0x4F 'O'
  {  8098,  40,  44,  46,    4,  -43 },   // 0x50 'P'
  {  8318,  47,  54,  51,    2,  -44 },   // 0x51 'Q'
  {  8636,  42,  44,  47,    4,  -43 },   // 0x52 'R'
  {  8867,  39,  44,  44,    3,  -43 },   // 0x53 'S'
  {  9082,  46,  44,  48,    1,  -43 },   // 0x54 'T'
  {  9335,  42,  45,  50,    4,  -43 },   // 0x55 'U'
  {  9572,  46,  45,  48,    1,  -43 },   // 0x56 'V'
  {  9831,  70,  46,  72,    1,  -44 },   // 0x57 'W'
  { 10234,  48,  44,  50,    1,  -43 },   // 0x58 'X'
  { 10498,  45,  44,  47,    1,  -43 },   // 0x59 'Y'
  { 10746,  40,  44,  42,    1,  -43 },   // 0x5A 'Z'
  { 10966,  17,  54,  26,    5,  -43 },   // 0x5B '['
  { 11081,  21,  50,  23,    1,  -43 },   // 0x5C '\'
  { 11213,  16,  54,  26,    4,  -43 },   // 0x5D ']'
  { 11321,  22,  12,  42,   10,  -31 },   // 0x5E '^'
  { 11354,  26,  10,  26,    0,    1 },   // 0x5F '_'
  { 11387,  13,  11,  42,   12,  -50 },   // 0x60 '`'
  { 11405,  35,  35,  40,    2,  -34 },   // 0x61 'a'
  { 11559,  39,  44,  45,    3,  -43 },   // 0x62 'b'
  { 11774,  32,  35,  36,    2,  -34 },   // 0x63 'c'
  { 11914,  39,  44,  45,    2,  -43 },   // 0x64 'd'
  { 12129,  37,  36,  41,    2,  -35 },   // 0x65 'e'
  { 12296,  26,  46,  29,    2,  -45 },   // 0x66 'f'
  { 12446,  38,  44,  43,    2,  -34 },   // 0x67 'g'
  { 12655,  37,  44,  43,    3,  -43 },   // 0x68 'h'
  { 12859,  11,  45,  19,    4,  -44 },   // 0x69 'i'
  { 12921,  17,  54,  19,   -2,  -44 },   // 0x6A 'j'
  { 13036,  39,  44,  42,    3,  -43 },   // 0x6B 'k'
  { 13251,  11,  44,  19,    4,  -43 },   // 0x6C 'l'
  { 13312,  57,  35,  64,    3,  -34 },   // 0x6D 'm'
  { 13562,  37,  35,  43,    3,  -34 },   // 0x6E 'n'
  { 13724,  39,  37,  43,    2,  -35 },   // 0x6F 'o'
  { 13905,  39,  44,  45,    3,  -34 },   // 0x70 'p'
  { 14120,  39,  44,  45,    2,  -34 },   // 0x71 'q'
  { 14335,  24,  35,  28,    3,  -34 },   // 0x72 'r'
  { 14440,  33,  35,  37,    2,  -34 },   // 0x73 's'
  { 14585,  28,  43,  32,    1,  -42 },   // 0x74 't'
  { 14736,  37,  35,  43,    3,  -34 },   // 0x75 'u'
  { 14898,  41,  36,  42,    1,  -34 },   // 0x76 'v'
  { 15083,  61,  37,  63,    1,  -35 },   // 0x77 'w'
  { 15366,  41,  35,  43,    1,  -34 },   // 0x78 'x'
  { 15546,  41,  44,  42,    1,  -34 },   // 0x79 'y'
  { 15772,  34,  35,  39,    3,  -34 },   // 0x7A 'z'
  { 15921,  22,  55,  24,    1,  -43 },   // 0x7B '{'
  { 16073,  10,  51,  18,    4,  -43 },   // 0x7C '|'
  { 16137,  22,  55,  24,    1,  -43 },   // 0x7D '}'
  { 16289,  24,  11,  51,   13,  -28 } }; // 0x7E '~'

const GFXfont Formula1_Bold_web_030pt7b PROGMEM = {
  (uint8_t  *)Formula1_Bold_web_030pt7bBitmaps,
  (GFXglyph *)Formula1_Bold_web_030pt7bGlyphs,
  0x20, 0x7E, 71 };

// Approx. 16994 bytes
